{
    "output": {
        "justification": [
            "The candidate has 2.5 years of experience which falls short of the 5+ years required for the role, impacting the international business experience score.",
            "There is no specific mention of market entry strategies, significant client acquisition, or regulatory compliance, which are crucial for the role.",
            "The resume shows various skills in business development but lacks specific strategic planning and relationship management in international contexts.",
            "The candidate has worked in different aspects of business development such as LinkedIn management and sales, which relates to client management but not entirely in an international scope."
        ],
        "scores": {
            "macro_scores": [
                {
                    "criteria": "international business experience",
                    "score": 3
                }
            ],
            "micro_scores": [
                {
                    "criteria": "relationship management",
                    "score": 4
                },
                {
                    "criteria": "market entry strategy",
                    "score": 2
                },
                {
                    "criteria": "interpersonal communication",
                    "score": 5
                },
                {
                    "criteria": "competitive analysis",
                    "score": 3
                },
                {
                    "criteria": "negotiation skills",
                    "score": 4
                },
                {
                    "criteria": "regulatory compliance",
                    "score": 2
                },
                {
                    "criteria": "client acquisition",
                    "score": 3
                }
            ],
            "requirements": [
                {
                    "criteria": "5+ years of experience in international business development",
                    "meets": false
                },
                {
                    "criteria": "Proficiency in strategic planning and client management",
                    "meets": false
                }
            ],
            "aggregated_scores": {
                "macro_scores": 3.0,
                "micro_scores": 3.5
            }
        },
        "personal_info": {
            "name": "Muhammad Adnan",
            "email": "sheikhadna.ali@gmail,com",
            "phone": "+92 3234600859",
            "current_position": "Business Development Executive",
            "current_company": "Triaxo Solutions",
            "employment_start_date_current_company": "06-2022",
            "first_company_start_date": "11-2020",
            "urls": []
        },
        "valid_resume_and_jd": true
    },
    "input": {
        "job_description": "### Job Title: International Business Development Manager\n\n#### Company: InnovateTech Solutions\n\n**Location:** Lahore, Pakistan  \n\n**About InnovateTech Solutions:**  \nInnovateTech Solutions is a leading global provider of innovative technology solutions, specializing in expanding business operations across diverse international markets. We are seeking a highly motivated and experienced International Business Development Manager to join our team and lead strategic market entry initiatives.\n\n#### Responsibilities:\n\n- Develop and implement comprehensive strategies for foreign market entry, expansion, and product launches in new territories.\n- Lead international trade missions to research, analyze, and secure new business opportunities in the EU and US markets.\n- Build and maintain strong relationships with clients and key stakeholders by employing effective negotiation and communication skills.\n- Collaborate with cross-functional teams to design market entry strategies and oversee implementation of marketing and sales plans.\n- Manage a team of business development officers, providing guidance and support to achieve departmental objectives.\n- Coordinate and attend international exhibitions and trade shows to promote company products and secure new contracts.\n- Analyze market trends and competitive landscapes to identify business opportunities and recommend strategic changes.\n- Ensure compliance with international market regulations and standards in collaboration with regulatory consultants.\n\n#### Qualifications:\n\n- Bachelor's degree in Business, Marketing, or a relevant field; a Master's degree is a plus.\n- Minimum of 5 years of experience in international business development or related roles.\n- Proven track record of strategic planning and securing high-value contracts with international clients.\n- Strong analytical and problem-solving skills with a keen attention to detail.\n- Excellent communication and interpersonal skills, with proficiency in multiple languages being an advantage.\n\n#### Why Join Us?\n\n- Fast-paced and dynamic work environment with opportunities for career growth.\n- Chance to lead strategic initiatives and make a significant impact on international expansion efforts.\n- Competitive salary package and benefits.\n\nIf you are passionate about driving international business growth and have the skills to succeed, we would like to meet you!\n\n**To Apply:** Please submit your resume and cover letter detailing your relevant experience and achievements.",
        "macro_dict": {
            "international business experience": 100
        },
        "micro_dict": {
            "relationship management": 19,
            "market entry strategy": 17,
            "interpersonal communication": 21,
            "competitive analysis": 4,
            "negotiation skills": 19,
            "regulatory compliance": 13,
            "client acquisition": 7
        },
        "additional_info": null,
        "minimum_requirements": [
            "5+ years of experience in international business development",
            "Proficiency in strategic planning and client management"
        ],
        "resume": "Lahore  \n \n \n \n \n \n \nSummery:  \nI am a proactive and achievement -oriented Business Development Specialist with 2.5 years of \npractical  experience in cultivating business across various domains, encompassing digital \nmarketing, web development, and both web and mobile app development.  I specialize in \nrecognizing prospects, establishing strategic alliances, and nurturing client connections to \nstimulate revenue expansion.  I am dedicated to utilizing my expertise and background to enhance \nyour organization's ongoing prosperity.  \nExperience:  \n \nTriaxo Solutions                               (June 2022 to Present ) \nBusiness Development Executive  \nCore Responsibilities:  \n\uf0b7 LinkedIn Management  \n\uf0b7 Direct Sales  \n\uf0b7 Staff Augmentation  \n\uf0b7 Data Extraction  \n\uf0b7 Email Marketing  \n\uf0b7 B2B lead generation  \n\uf0b7 Upwok Biding  \n\uf0b7 Client Management  \n \nIverx Solutions                                 (November 2021 to June 2022)  \nBusiness Development Executive  \nCore Responsibilities:  \n\uf0b7 Staff Augmentation  \n\uf0b7 LinkedIn Lead Generation  \n\uf0b7 Lead extraction from other platform like (Angel list, Glassdoor, Dice, Workable, etc)  \n\uf0b7 Upwork Management  \n \nSuperior/Tektiks                              (November 2020 to November 2 021) \nLead Extractor/Business Development  \nCore Responsibilities:  \n\uf0b7 Lead extraction  \n\uf0b7 B2B email Marketing  \n\uf0b7 Upwork biding  \n \n \nMuhammad Adnan  \nEmail : sheikhadna.ali@gmail,com  \nMobile Number:  +92 3234600859  \nAddress: 109 Neelam Block  Allama Iqbal Town Lahore  PERSONAL  INFORMATION  \n\uf0b7 Name  Muhammad Adnan  \n\uf0b7 M-status  Single  \n\uf0b7 Date  of birth  08-06-2000  \n\uf0b7 Nationality  Pakistan  \n\uf0b7 Religion  Islam  \n \n \nSkills Highlights  \n \n\uf0b7 LinkedIn  \n\uf0b7 Sales Navigator  \n\uf0b7 Email Marketing  \n\uf0b7 B2B Lead Generation  \n\uf0b7 Direct Sales  \n\uf0b7 Upwork  \n\uf0b7 PPH \n\uf0b7 Microsoft Office  \n \nEducation  \n\uf0b7 DEGREE  YEAR  \n\uf0b7 Masters             2022  \n\uf0b7 B.com IT          2020  \n\uf0b7 Intermediate     2017  \n\uf0b7 Matriculation    2015 \n \nLANGUAGE  \n \n\uf0b7 ENGLISH  \n\uf0b7 URDU  \n\uf0b7 PUNJABI  \n\uf0b7 ARABIC  \n \nHobbies  \n\uf0b7 Traveling  \n\uf0b7 Music  \n\uf0b7 Cooking  \n\uf0b7 Reading  "
    },
    "details": {
        "name": "Muhammad Adnan",
        "number": "923234600859",
        "skills": [
            "LinkedIn",
            "Sales Navigator",
            "Email Marketing",
            "B2B Lead Generation",
            "Direct Sales",
            "Upwork",
            "PPH",
            "Microsoft Office"
        ],
        "email_id": "sheikhadna.ali@gmail,com",
        "location": "Lahore",
        "projects": [],
        "education": [
            {
                "end_date": "2022",
                "university": "Not specified",
                "degree_title": "Masters"
            },
            {
                "end_date": "2020",
                "university": "Not specified",
                "degree_title": "B.com IT"
            },
            {
                "end_date": "2017",
                "university": "Not specified",
                "degree_title": "Intermediate"
            },
            {
                "end_date": "2015",
                "university": "Not specified",
                "degree_title": "Matriculation"
            }
        ],
        "achievements": [],
        "publications": [],
        "certifications": [],
        "additional_urls": [
            {
                "url": "linkedin.com",
                "website_name": "LinkedIn"
            },
            {
                "url": "upwork.com",
                "website_name": "Upwork"
            }
        ],
        "executive_summary": "Muhammad Adnan is a proactive and achievement-oriented Business Development Specialist with 2.5 years of practical experience in cultivating business across various domains, including digital marketing, web development, and both web and mobile app development. He specializes in recognizing prospects, establishing strategic alliances, and nurturing client connections to stimulate revenue expansion.",
        "employment_history": [
            {
                "details": "LinkedIn Management, Direct Sales, Staff Augmentation, Data Extraction, Email Marketing, B2B lead generation, Upwork Bidding, Client Management",
                "end_date": "Present",
                "location": "Lahore",
                "job_title": "Business Development Executive",
                "start_date": "06-2022",
                "company_name": "Triaxo Solutions"
            },
            {
                "details": "Staff Augmentation, LinkedIn Lead Generation, Lead extraction from platforms like Angel list, Glassdoor, Dice, Workable, etc., Upwork Management",
                "end_date": "06-2022",
                "location": "Lahore",
                "job_title": "Business Development Executive",
                "start_date": "11-2021",
                "company_name": "Iverx Solutions"
            },
            {
                "details": "Lead extraction, B2B email Marketing, Upwork bidding",
                "end_date": "11-2021",
                "location": "Lahore",
                "job_title": "Lead Extractor/Business Development",
                "start_date": "11-2020",
                "company_name": "Superior/Tektiks"
            }
        ]
    }
}