{
    "output": {
        "justification": [
            "Candidate lacks explicit experience in international business development.",
            "No evidence of strategic planning or market entry strategies in multiple countries.",
            "Skills in negotiation and compliance not sufficiently demonstrated.",
            "Lacks mention of managing teams or trade missions."
        ],
        "scores": {
            "macro_scores": [
                {
                    "criteria": "international business experience",
                    "score": 2
                },
                {
                    "criteria": "strategic planning",
                    "score": 2
                }
            ],
            "micro_scores": [
                {
                    "criteria": "relationship management",
                    "score": 3
                },
                {
                    "criteria": "market entry strategy",
                    "score": 2
                },
                {
                    "criteria": "interpersonal communication",
                    "score": 6
                },
                {
                    "criteria": "negotiation skills",
                    "score": 2
                },
                {
                    "criteria": "regulatory compliance",
                    "score": 1
                },
                {
                    "criteria": "client acquisition",
                    "score": 3
                }
            ],
            "requirements": [
                {
                    "criteria": "5+ years of experience in international business development",
                    "meets": false
                },
                {
                    "criteria": "Proven experience in market entry and compliance with international standards",
                    "meets": false
                }
            ],
            "aggregated_scores": {
                "macro_scores": 2.0,
                "micro_scores": 3.9200000000000004
            }
        },
        "personal_info": {
            "name": "Hijab Malik",
            "email": "hijabmalik28@gmail.com",
            "phone": "Phone Number",
            "current_position": "Business Developer",
            "current_company": ".",
            "employment_start_date_current_company": "-",
            "first_company_start_date": "-",
            "urls": []
        },
        "valid_resume_and_jd": true
    },
    "input": {
        "job_description": "### Job Title: International Business Development Manager\n\n#### Company: InnovateTech Solutions\n\n**Location:** Lahore, Pakistan  \n\n**About InnovateTech Solutions:**  \nInnovateTech Solutions is a leading global provider of innovative technology solutions, specializing in expanding business operations across diverse international markets. We are seeking a highly motivated and experienced International Business Development Manager to join our team and lead strategic market entry initiatives.\n\n#### Responsibilities:\n\n- Develop and implement comprehensive strategies for foreign market entry, expansion, and product launches in new territories.\n- Lead international trade missions to research, analyze, and secure new business opportunities in the EU and US markets.\n- Build and maintain strong relationships with clients and key stakeholders by employing effective negotiation and communication skills.\n- Collaborate with cross-functional teams to design market entry strategies and oversee implementation of marketing and sales plans.\n- Manage a team of business development officers, providing guidance and support to achieve departmental objectives.\n- Coordinate and attend international exhibitions and trade shows to promote company products and secure new contracts.\n- Analyze market trends and competitive landscapes to identify business opportunities and recommend strategic changes.\n- Ensure compliance with international market regulations and standards in collaboration with regulatory consultants.\n\n#### Qualifications:\n\n- Bachelor's degree in Business, Marketing, or a relevant field; a Master's degree is a plus.\n- Minimum of 5 years of experience in international business development or related roles.\n- Proven track record of strategic planning and securing high-value contracts with international clients.\n- Strong analytical and problem-solving skills with a keen attention to detail.\n- Excellent communication and interpersonal skills, with proficiency in multiple languages being an advantage.\n\n#### Why Join Us?\n\n- Fast-paced and dynamic work environment with opportunities for career growth.\n- Chance to lead strategic initiatives and make a significant impact on international expansion efforts.\n- Competitive salary package and benefits.\n\nIf you are passionate about driving international business growth and have the skills to succeed, we would like to meet you!\n\n**To Apply:** Please submit your resume and cover letter detailing your relevant experience and achievements.",
        "macro_dict": {
            "international business experience": 38,
            "strategic planning": 62
        },
        "micro_dict": {
            "relationship management": 15,
            "market entry strategy": 1,
            "interpersonal communication": 45,
            "negotiation skills": 30,
            "regulatory compliance": 6,
            "client acquisition": 3
        },
        "additional_info": null,
        "minimum_requirements": [
            "5+ years of experience in international business development",
            "Proven experience in market entry and compliance with international standards"
        ],
        "resume": "Hijab Malik\nBusiness Developer\nHelp you sky-rocket your revenue through generating leads\nhijabmalik28@gmail.com\nPhone Number\n160 A Ahmed block new garden town, LAHORE, Pakistan\nWORK EXPERIENCE\nBusiness Development Manager\nDr.Najeeb Lectures\nGenerating leads for his Medical Lectures\nBusiness Development Managers\nWorth IT Solutions\nGenerating leads for the marketing services\nFreelancers\nUpwork\nBusiness Development Executive\nThe Hexaa\nGenerating leads for di\ufb00erent niches(Software Development and\nOutsourcing)\nCERTIFICATES\nActive Citizenship Project-British Counsil\nComptetion Of Public Policy\nEDUCATION\nBachelors in Economics\nKinnaird College for Women University\n2015 - 2019\n, \nCGPA:3.50\nA'levels\nLahore Grammer School 1A1\nO'LEVELS\nSalamat School System(Sicas)\nSKILLS\n\u2022 MS Word\nMS Excel\n\u2022 Stata\n\u2022 Possess excellent verbal and written communication\nskills.\nAbility to Handle Multiple Tasks.\nLinkedIn Sales Navigator Expert\nBiding Expert\nVOLUNTEER EXPERIENCE\nActive Citizenship\nBritish Council\nWorked on Sustainable Development Goals\nVolunteer ship\nShaukat Khanum Memorial Cancer Hospital\nACHIEVEMENTS\nPolicy Case Competition(2018)\nParticipated in an economics tutorial at Kinnaird College for\nWomen\nActive Citizens(2018)\nCommunity service programme by british council\nShaukat Khanum Cancer Hospital\nVoluntary worl\nHONOR AWARDS\nTitle/Award Name\nName of the institution that issued/awarded it\nLANGUAGES\nENGLISH\nNative or Bilingual Pro\ufb01ciency\nURDU\nFull Professional Pro\ufb01ciency\nPERSONAL PROJECTS\nImpact Of Structural Adjustment Program on\nPakistan Economy"
    },
    "details": {
        "name": "Hijab Malik",
        "number": "160AAhmedblocknewgardentownLAHOREPakistan",
        "skills": [
            "MS Word",
            "MS Excel",
            "Stata",
            "LinkedIn Sales Navigator Expert",
            "Bidding Expert"
        ],
        "email_id": "hijabmalik28@gmail.com",
        "location": "Lahore, Pakistan",
        "projects": [
            {
                "title": "Impact Of Structural Adjustment Program on Pakistan Economy",
                "description": "A study on the economic impacts of structural adjustments."
            }
        ],
        "education": [
            {
                "end_date": "05-2019",
                "university": "Kinnaird College for Women University",
                "degree_title": "Bachelors in Economics"
            }
        ],
        "achievements": [
            "Policy Case Competition (2018) - Participated in an economics tutorial at Kinnaird College for Women",
            "Active Citizens (2018) - Community service programme by British Council"
        ],
        "publications": [],
        "certifications": [
            {
                "certification_name": "Active Citizenship Project",
                "issuing_organization": "British Council",
                "date_of_issuance": "01-2018"
            }
        ],
        "additional_urls": [
            {
                "url": "linkedin.com/in/hijabmalik",
                "website_name": "LinkedIn"
            }
        ],
        "executive_summary": "Hijab Malik is a dedicated business development professional with a strong background in generating leads and marketing services. She has demonstrated her expertise in various roles, contributing to the growth of organizations through effective business strategies and community engagement.",
        "employment_history": [
            {
                "details": "Generating leads for Medical Lectures",
                "end_date": "Present",
                "location": "Lahore, Pakistan",
                "job_title": "Business Development Manager",
                "start_date": "01-2020",
                "company_name": "Dr.Najeeb Lectures"
            },
            {
                "details": "Generating leads for marketing services",
                "end_date": "Present",
                "location": "Lahore, Pakistan",
                "job_title": "Business Development Manager",
                "start_date": "01-2020",
                "company_name": "Worth IT Solutions"
            },
            {
                "details": "Generating leads for different niches (Software Development and Outsourcing)",
                "end_date": "Present",
                "location": "Remote",
                "job_title": "Business Development Executive",
                "start_date": "01-2020",
                "company_name": "The Hexaa"
            }
        ]
    }
}