{
    "output": {
        "justification": [
            "Leadership is moderately demonstrated due to current role as Assistant Sales Manager overseeing a team, but lacks international context.",
            "No proven experience in international business development, only domestic within Pakistan, hence low international business experience.",
            "Strategic planning experience is limited to sales execution and marketing plans.",
            "Interpersonal communication skills shown through client relationships.",
            "No explicit mention of competitive analysis or strategic negotiation skills in international context."
        ],
        "scores": {
            "macro_scores": [
                {
                    "criteria": "leadership",
                    "score": 5
                },
                {
                    "criteria": "international business experience",
                    "score": 2
                },
                {
                    "criteria": "strategic planning",
                    "score": 4
                }
            ],
            "micro_scores": [
                {
                    "criteria": "interpersonal communication",
                    "score": 7
                },
                {
                    "criteria": "competitive analysis",
                    "score": 3
                },
                {
                    "criteria": "negotiation skills",
                    "score": 5
                },
                {
                    "criteria": "regulatory compliance",
                    "score": 1
                },
                {
                    "criteria": "client acquisition",
                    "score": 6
                }
            ],
            "requirements": [
                {
                    "criteria": "Proven experience in market entry and compliance with international standards",
                    "meets": false
                },
                {
                    "criteria": "5+ years of experience in international business development",
                    "meets": false
                }
            ],
            "aggregated_scores": {
                "macro_scores": 3.3600000000000003,
                "micro_scores": 3.13
            }
        },
        "personal_info": {
            "name": "Muhammad Saad Khan",
            "email": "saadkhan771994@gmail.com",
            "phone": "+923217503247",
            "current_position": "Assistant Sales Manager",
            "current_company": "Kasmy Pack Ltd.",
            "employment_start_date_current_company": "07-2019",
            "first_company_start_date": "02-2018",
            "urls": []
        },
        "valid_resume_and_jd": true
    },
    "input": {
        "job_description": "### Job Title: International Business Development Manager\n\n#### Company: InnovateTech Solutions\n\n**Location:** Lahore, Pakistan  \n\n**About InnovateTech Solutions:**  \nInnovateTech Solutions is a leading global provider of innovative technology solutions, specializing in expanding business operations across diverse international markets. We are seeking a highly motivated and experienced International Business Development Manager to join our team and lead strategic market entry initiatives.\n\n#### Responsibilities:\n\n- Develop and implement comprehensive strategies for foreign market entry, expansion, and product launches in new territories.\n- Lead international trade missions to research, analyze, and secure new business opportunities in the EU and US markets.\n- Build and maintain strong relationships with clients and key stakeholders by employing effective negotiation and communication skills.\n- Collaborate with cross-functional teams to design market entry strategies and oversee implementation of marketing and sales plans.\n- Manage a team of business development officers, providing guidance and support to achieve departmental objectives.\n- Coordinate and attend international exhibitions and trade shows to promote company products and secure new contracts.\n- Analyze market trends and competitive landscapes to identify business opportunities and recommend strategic changes.\n- Ensure compliance with international market regulations and standards in collaboration with regulatory consultants.\n\n#### Qualifications:\n\n- Bachelor's degree in Business, Marketing, or a relevant field; a Master's degree is a plus.\n- Minimum of 5 years of experience in international business development or related roles.\n- Proven track record of strategic planning and securing high-value contracts with international clients.\n- Strong analytical and problem-solving skills with a keen attention to detail.\n- Excellent communication and interpersonal skills, with proficiency in multiple languages being an advantage.\n\n#### Why Join Us?\n\n- Fast-paced and dynamic work environment with opportunities for career growth.\n- Chance to lead strategic initiatives and make a significant impact on international expansion efforts.\n- Competitive salary package and benefits.\n\nIf you are passionate about driving international business growth and have the skills to succeed, we would like to meet you!\n\n**To Apply:** Please submit your resume and cover letter detailing your relevant experience and achievements.",
        "macro_dict": {
            "leadership": 26,
            "international business experience": 45,
            "strategic planning": 29
        },
        "micro_dict": {
            "interpersonal communication": 4,
            "competitive analysis": 44,
            "negotiation skills": 14,
            "regulatory compliance": 29,
            "client acquisition": 9
        },
        "additional_info": null,
        "minimum_requirements": [
            "Proven experience in market entry and compliance with international standards",
            "5+ years of experience in international business development"
        ],
        "resume": "saadkhan771994@gmail.com \n House No #131, Eastern\nBlock Bahria Orchard- Lahore  +923217503247 M u h a m m a d\nS a a d  K h a n\nASSISTANT SALES MANAGER\nI am a driven individual, that loves a\nchallenge. I have a few years of\nexperience in both sales and marketing\nacquired while working in the FMCG,\nprinting and courier industry.P E R S O N A L  S U M M A R YW O R K  E X P E R I E N C E\nE D U C A T I O N\nC O N T A C T\nE X P E R T I S EEnsuring smooth production and delivery of orders\nEnsuring monthly sales targets\nAcquisition of prospective clients\nOversight and management of assigned team\nClient relationship management\nExecution and oversight of assigned ordersKasmy Pack Ltd.\nAssistant Sales ManagerJuly 2019 - Present\nSales team management\nData analysis and sales forecasting\nMeeting and exceeding sales targets\nVendor relationship management \nAcquisition of new vendors to expand targeted\nterritoryBunny's Limited\nSales ExecutiveFeb 2018 - May 2018\nDouble Majors in Marketing & Finance (CGPA 3.28) Lahore School of Economics\nBBA (Honors)August 2013 - May 2017Major in Marketing (CGPA 3.2)Lahore School of Economics\nMBA August 2018-May 2019\nTeam Management\nClient Relationship Management\nConflict Management & ResolutionStrong Communication Skills\nSales Execution\nContract NegotiationP R O J E T C S\nS M E\nPrepared a detailed plan for the launch of an\nintermediary service named \"Auto App\".\nB r a n d i n g\nPrepared a marketing plan for the brand extension \nof Coca Cola.\nI n v e s t m e n t s\nConducted a detailed fundamental analysis of\nTandiaWala to make an investment decision"
    },
    "details": {
        "name": "Muhammad Saad Khan",
        "number": "923217503247",
        "skills": [
            "Sales Execution",
            "Data Analysis",
            "Sales Forecasting",
            "Vendor Relationship Management",
            "Client Relationship Management",
            "Team Management"
        ],
        "email_id": "saadkhan771994@gmail.com",
        "location": "House No #131, Eastern Block Bahria Orchard- Lahore",
        "projects": [
            {
                "title": "Auto App",
                "description": "Prepared a detailed plan for the launch of an intermediary service named 'Auto App'."
            },
            {
                "title": "Coca Cola Brand Extension",
                "description": "Prepared a marketing plan for the brand extension of Coca Cola."
            },
            {
                "title": "TandiaWala Investment Analysis",
                "description": "Conducted a detailed fundamental analysis of TandiaWala to make an investment decision."
            }
        ],
        "education": [
            {
                "end_date": "05-2017",
                "university": "Lahore School of Economics",
                "degree_title": "BBA (Honors) Major in Marketing (CGPA 3.2)"
            },
            {
                "end_date": "05-2019",
                "university": "Lahore School of Economics",
                "degree_title": "MBA"
            },
            {
                "end_date": "05-2020",
                "university": "Lahore School of Economics",
                "degree_title": "Double Majors in Marketing & Finance (CGPA 3.28)"
            }
        ],
        "achievements": [],
        "publications": [],
        "certifications": [],
        "additional_urls": [],
        "executive_summary": "Muhammad Saad Khan is an accomplished Assistant Sales Manager with a strong background in sales and marketing within the FMCG, printing, and courier industries. He possesses expertise in data analysis, sales forecasting, and client relationship management, demonstrating a commitment to achieving sales targets and managing teams effectively.",
        "employment_history": [
            {
                "details": "Ensuring smooth production and delivery of orders, ensuring monthly sales targets, acquisition of prospective clients, oversight and management of assigned team, client relationship management, execution and oversight of assigned orders.",
                "end_date": "Present",
                "location": "Lahore",
                "job_title": "Assistant Sales Manager",
                "start_date": "07-2019",
                "company_name": "Kasmy Pack Ltd."
            },
            {
                "details": "Sales team management, data analysis and sales forecasting, meeting and exceeding sales targets, vendor relationship management, acquisition of new vendors to expand targeted territory.",
                "end_date": "05-2018",
                "location": "Lahore",
                "job_title": "Sales Executive",
                "start_date": "02-2018",
                "company_name": "Bunny's Limited"
            }
        ]
    }
}