{
    "output": {
        "justification": [
            "The resume indicates a focus on general electrical engineering rather than power generation and telecommunications, but the candidate has some experience with electrical systems.",
            "The candidate has basic experience in MATLAB but lacks experience in AutoCAD and Python, which are critical for the position.",
            "There is no explicit mention of experience in sustainable energy systems or telecommunication projects, which aligns with the job description.",
            "Since the candidate is a recent graduate, the macro skills of project management and industry experience are limited."
        ],
        "scores": {
            "macro_scores": [
                {
                    "criteria": "technical expertise",
                    "score": 5
                },
                {
                    "criteria": "project management",
                    "score": 4
                },
                {
                    "criteria": "industry experience",
                    "score": 3
                }
            ],
            "micro_scores": [
                {
                    "criteria": "matlab",
                    "score": 6
                },
                {
                    "criteria": "autocad",
                    "score": 2
                },
                {
                    "criteria": "python",
                    "score": 2
                },
                {
                    "criteria": "circuit design",
                    "score": 6
                },
                {
                    "criteria": "telemetry systems",
                    "score": 3
                },
                {
                    "criteria": "renewable energy systems",
                    "score": 2
                }
            ],
            "requirements": [
                {
                    "criteria": "Experience with power generation or telecommunications",
                    "meets": false
                },
                {
                    "criteria": "3+ years of experience in electrical design and implementation",
                    "meets": false
                }
            ],
            "aggregated_scores": {
                "macro_scores": 3.55,
                "micro_scores": 3.58
            }
        },
        "personal_info": {
            "name": "Adeel Ghaffar",
            "email": "adeelghaffar81@gmail.com",
            "phone": "+923495470821",
            "current_position": "Biomedical Engineering Intern (June 2023 \u2013 Sep 2023)",
            "current_company": "Rawalpindi Institute of Cardiology",
            "employment_start_date_current_company": "06-2023",
            "first_company_start_date": "06-2022",
            "urls": [
                {
                    "website_name": "LinkedIn",
                    "url": "None"
                }
            ]
        },
        "valid_resume_and_jd": true
    },
    "input": {
        "job_description": "### Electrical Engineer - Communication & Sustainable Energy\n\nJoin **Innovate Power Solutions Inc.** as an Electrical Engineer focusing on communication systems and sustainable energy solutions. We are looking for a dynamic individual passionate about advancing eco-friendly technologies and delivering high-quality results. This role will involve designing, developing, and implementing cutting-edge electrical systems across diverse projects, from power generation to renewable energy applications.\n\n#### Key Responsibilities:\n- Design and implement electrical systems with a focus on sustainable energy solutions.\n- Collaborate with cross-functional teams to develop communication systems.\n- Utilize MATLAB, AutoCAD, and Python for system analysis and design.\n- Oversee the project lifecycle from conception to completion ensuring quality and efficiency.\n- Conduct data analysis to improve system performance and reliability.\n\n#### Preferred Qualifications:\n- Proven experience in power generation and telecommunication projects.\n- Strong skills in MATLAB, AutoCAD, and Python.\n- Demonstrable understanding of communication protocols and network design.\n- History of successful project completion in dynamic work environments.\n\n#### Benefits:\n- A supportive and innovative work environment.\n- Opportunities for professional growth and development.\n- Competitive salary and comprehensive benefits package.",
        "macro_dict": {
            "technical expertise": 25,
            "project management": 5,
            "industry experience": 70
        },
        "micro_dict": {
            "matlab": 21,
            "autocad": 13,
            "python": 15,
            "circuit design": 14,
            "telemetry systems": 18,
            "renewable energy systems": 19
        },
        "additional_info": null,
        "minimum_requirements": [
            "Experience with power generation or telecommunications",
            "3+ years of experience in electrical design and implementation"
        ],
        "resume": "Bachelor's Degree in Electrical engineering   \nCGPA  3.3/4  (2020-2024)\n                   \nDAE Electrical   88% International Islamic universty Islamabad\nGovernment College OF Technology Rawalpindi\nBlue Star Public School\nMatric   72%SUMMARY\nWORK EXPERIENCE EDUCATION\n SKILLSst #11 Madina Colony Misrial Road, Rawalpindiadeelghaffar81@gmail.com+923495470821ADEEL GHAFFAR\nElectrical Engineer\nElectrical Engineer with hands-on experience in electrical and electronics systems, including biomedical appliances.\nProficient in troubleshooting, repair, and maintenance. Passionate about inverters and converters, and seeking a role to\napply my expertise in this area within a forward-thinking company. Eager to leverage my knowledge in innovative power\nconversion technologies to drive advancements in the field.\nProteus\nCircuit Analysis\nMatlab/ Simulink\nArduino\nESP Controllers\nSensor Interfacing\nElectronic circuits\n ADDITIONAL SKILLS\n    \n      Soft Skill\n 3d Modeling/Animation\nAdobe After Affect\nMS word \nMendely\nReport Writing\n     Hard Skill\nElectrical Wiring\nmotor winding (basic)\nRepearing of appliances\nwelding  Biomedical InterneeEngineer (June 2023 \u2013 Sep 2023)Electrical InterneeEngineer (June 2022 \u2013Sep 2022)\nDuring my internship at Rawalpindi Institute of Cardiology as a\nBiomedical Engineering intern:\nGained hands-on experience in medical device maintenance\nand repair.\nAcquired valuable insights into healthcare technology\nmanagement.Gained extensive hands-on experience with distribution boards\n(DB), electric lines, and safety equipment.\nActively involved in the installation, maintenance, and\ntroubleshooting of electrical systems.\nEnhanced practical knowledge of electrical components.\nEnsured compliance with safety standards and regulations.\nImproved technical skills.\nPROJECTS\nEmbedded Intelligence-based Innovative Smart Stick for\nVisuallyImpaired Individuals (FYDP)\nArduino-based Heart rate and Oxygen Level smart monitoring\nsystem\nSuspension Systemof vehicals\nUninterruptible powersupply\nDC to AC  Inverte\nH Bridge  converter\nREFERENCES\n zeshan.aslam@ilu.edu.pkDr. Zeshan Aslam Khan\nEmail:  khizer.mehmood@ilu.edu.pkDr. Khizer Mehmood\nEmail :Department of Electrical and\nComputer Engineering.\nInternational University.\nPakistan. Islamic Islamabad.Department of Electrical and\nComputer Engineering.\nInternational University.\nPakistan. Islamic Islamabad."
    },
    "details": {
        "name": "Adeel Ghaffar",
        "number": "923495470821",
        "skills": [
            "Proteus",
            "Circuit Analysis",
            "Matlab/Simulink",
            "Arduino",
            "ESP Controllers",
            "Sensor Interfacing",
            "Electronic circuits",
            "Electrical Wiring",
            "Motor winding",
            "Repairing of appliances",
            "Welding"
        ],
        "email_id": "adeelghaffar81@gmail.com",
        "location": "Rawalpindi",
        "projects": [
            {
                "title": "Embedded Intelligence-based Innovative Smart Stick for Visually Impaired Individuals",
                "description": "A smart stick designed to assist visually impaired individuals."
            },
            {
                "title": "Arduino-based Heart rate and Oxygen Level smart monitoring system",
                "description": "A monitoring system for heart rate and oxygen levels using Arduino."
            },
            {
                "title": "Suspension System of vehicles",
                "description": "Project focused on the suspension system design for vehicles."
            },
            {
                "title": "Uninterruptible power supply",
                "description": "Development of a system to provide backup power."
            },
            {
                "title": "DC to AC Inverter",
                "description": "Design of an inverter to convert DC to AC."
            },
            {
                "title": "H Bridge converter",
                "description": "Project involving the design of an H Bridge converter."
            }
        ],
        "education": [
            {
                "end_date": "05-2024",
                "university": "International Islamic University Islamabad",
                "degree_title": "Bachelor's Degree in Electrical Engineering"
            },
            {
                "end_date": "05-2020",
                "university": "Government College of Technology Rawalpindi",
                "degree_title": "DAE Electrical"
            }
        ],
        "achievements": [],
        "publications": [],
        "certifications": [],
        "additional_urls": [
            {
                "url": "linkedin.com/in/adeelghaffar",
                "website_name": "LinkedIn"
            }
        ],
        "executive_summary": "Adeel Ghaffar is an electrical engineer with hands-on experience in electrical and electronics systems, particularly in biomedical appliances. He is proficient in troubleshooting, repair, and maintenance, with a passion for inverters and converters, seeking to apply his expertise in innovative power conversion technologies.",
        "employment_history": [
            {
                "details": "Gained hands-on experience in medical device maintenance and repair at Rawalpindi Institute of Cardiology as a Biomedical Engineering intern.",
                "end_date": "09-2023",
                "location": "Rawalpindi",
                "job_title": "Biomedical Engineering Intern",
                "start_date": "06-2023",
                "company_name": "Rawalpindi Institute of Cardiology"
            },
            {
                "details": "Involved in the installation, maintenance, and troubleshooting of electrical systems, enhancing practical knowledge of electrical components.",
                "end_date": "09-2022",
                "location": "Rawalpindi",
                "job_title": "Electrical Engineering Intern",
                "start_date": "06-2022",
                "company_name": "Rawalpindi Institute of Cardiology"
            }
        ]
    }
}