{
    "output": {
        "justification": [
            "The candidate lacks specific experience in market entry strategies and compliance with international standards, crucial for this role.",
            "Proficiency in strategic planning is not evident in the resume, leading to lower leadership and strategic planning scores.",
            "Client acquisition is indicated in the resume, but it's not clear if these experiences are at the required level for international markets.",
            "The candidate's educational background matches the minimum educational requirement; however, 5+ years of experience in international business development is not clearly shown."
        ],
        "scores": {
            "macro_scores": [
                {
                    "criteria": "leadership",
                    "score": 4
                },
                {
                    "criteria": "international business experience",
                    "score": 3
                },
                {
                    "criteria": "strategic planning",
                    "score": 3
                }
            ],
            "micro_scores": [
                {
                    "criteria": "client acquisition",
                    "score": 5
                }
            ],
            "requirements": [
                {
                    "criteria": "Proven experience in market entry and compliance with international standards",
                    "meets": false
                },
                {
                    "criteria": "Proficiency in strategic planning and client management",
                    "meets": false
                },
                {
                    "criteria": "Bachelor's degree in Business, Marketing, or relevant field",
                    "meets": true
                },
                {
                    "criteria": "5+ years of experience in international business development",
                    "meets": false
                }
            ],
            "aggregated_scores": {
                "macro_scores": 3.42,
                "micro_scores": 5.0
            }
        },
        "personal_info": {
            "name": "Zain Ul Abideen",
            "email": "zaini1@live.com",
            "phone": "+92 310 0003060",
            "current_position": "Business Development Executive",
            "current_company": "PREMA - AT TAHUR LTD",
            "employment_start_date_current_company": "03-2021",
            "first_company_start_date": "2007",
            "urls": [
                {
                    "website_name": "LinkedIn",
                    "url": "https://www.linkedin.com/in/zain-ul-abideen-67b85827"
                }
            ]
        },
        "valid_resume_and_jd": true
    },
    "input": {
        "job_description": "### Job Title: International Business Development Manager\n\n#### Company: InnovateTech Solutions\n\n**Location:** Lahore, Pakistan  \n\n**About InnovateTech Solutions:**  \nInnovateTech Solutions is a leading global provider of innovative technology solutions, specializing in expanding business operations across diverse international markets. We are seeking a highly motivated and experienced International Business Development Manager to join our team and lead strategic market entry initiatives.\n\n#### Responsibilities:\n\n- Develop and implement comprehensive strategies for foreign market entry, expansion, and product launches in new territories.\n- Lead international trade missions to research, analyze, and secure new business opportunities in the EU and US markets.\n- Build and maintain strong relationships with clients and key stakeholders by employing effective negotiation and communication skills.\n- Collaborate with cross-functional teams to design market entry strategies and oversee implementation of marketing and sales plans.\n- Manage a team of business development officers, providing guidance and support to achieve departmental objectives.\n- Coordinate and attend international exhibitions and trade shows to promote company products and secure new contracts.\n- Analyze market trends and competitive landscapes to identify business opportunities and recommend strategic changes.\n- Ensure compliance with international market regulations and standards in collaboration with regulatory consultants.\n\n#### Qualifications:\n\n- Bachelor's degree in Business, Marketing, or a relevant field; a Master's degree is a plus.\n- Minimum of 5 years of experience in international business development or related roles.\n- Proven track record of strategic planning and securing high-value contracts with international clients.\n- Strong analytical and problem-solving skills with a keen attention to detail.\n- Excellent communication and interpersonal skills, with proficiency in multiple languages being an advantage.\n\n#### Why Join Us?\n\n- Fast-paced and dynamic work environment with opportunities for career growth.\n- Chance to lead strategic initiatives and make a significant impact on international expansion efforts.\n- Competitive salary package and benefits.\n\nIf you are passionate about driving international business growth and have the skills to succeed, we would like to meet you!\n\n**To Apply:** Please submit your resume and cover letter detailing your relevant experience and achievements.",
        "macro_dict": {
            "leadership": 42,
            "international business experience": 41,
            "strategic planning": 17
        },
        "micro_dict": {
            "client acquisition": 100
        },
        "additional_info": null,
        "minimum_requirements": [
            "Proven experience in market entry and compliance with international standards",
            "Proficiency in strategic planning and client management",
            "Bachelor's degree in Business, Marketing, or relevant field",
            "5+ years of experience in international business development"
        ],
        "resume": "Milat Road DHA 3, Lahore https://www.linkedin.com/in/zain-ul-abideen-67b85827zaini1@live.com +92 310 0003060\nScan and Data Entry of all receiving & payable instruments.\nCo-ordinates with Accounts & Branch Manager on New Account Openings.\nReviews & Process the Cheques as per Policy of Bank.Assisting Relationship Manager and managing team.\nAcquire New Business from Market.\nMake daily sales contact with customer & prospect through appointment drop-in, \nvisit, telephone and Email.Serves as \ufb01nancial advisor for banking multi products.\nAcquire New Business from Market for Personal Loan, Credit Card and Accounts.\n Provides information/feedbacks for every customers query.Works with Sales Manager to book new customers for the Bank by cross seIling cash \nmanagement, FX, trade, insurance and asset products to generate fee based revenue \nand to capture current accounts and deposits.\nResponsibIe fo r quality & soundness of Sourced Emergeng Corporate Accounts \n(KYC reviews,monitoring for due diligence, anti- money laundering procedures)Handling the SALES PROJECT in customer engagement center.\nProviding Exceptional customer service experience untiI car delivered and till aftersales.\nBooking test drives to increase customer footfall in showroom.\nHandling aftersales calls for service appointment/complaint/survey/feedback.E\ufb00ectively manage client relationships and provide key strategi c guidance.\nLead the internal teams on account programs and projects to ensure all work is done\non strategy and meets client's requirements and expectations.\nManage the client throughout the life of projects and programs.Actively sourcing new business from the market .\nE\ufb00ectively managing client relationships and providing them \nexceptional customer service.\nMaintaining relationahip with sales & merchanding team for timely delevery.\nDARS OPERATORBUSINESS DEVELOPMENT EXECUTIVE\n2007\n20082013\n2014\nBANK AL FALAH - LAHORE, PAKISTANMASHREQ BANK - DUBAI, UAE\nASSITANT TEAM LEADERCUSTOMER RELATIONSHIP EXECUTIVE \n2008\n2012 2014\n2020 \nBARCLAYS - DUBAI, UAE AL FUTTAIM MOTORS - DUBAI, UAE\nACHIVEM ENT S\nProblem Solving\nHanding Pressure\nTime Management\nTeam Management\nTeamworkPRO SKILLSMicrosoft O\ufb03ce\nMicrosoft Word\nMicrosoft Powerpoint\nAdobe PhotoshopTECHN ICAL SKILLSSKILLSExperienced Customer Relationship \nExecutive with a demonstrated history \nof working in the retail industry. Skilled \nin Portfolio Management, Business \nRelationship Management, Banking, \nand Sales.ABOUT ME\nEDUCATION\nBACHELOR OF ART  - 2005-2007\nUniversity of the Punjab \nLahore, Pakistan \nLANGUAGESStar of the Year              2011\nNational Skills Award    2017\nEmployee of th Month Certi\ufb01cates\nEnglish\nArabic Tagalog (Filipino)Urdu Punjabi\nSENIOR RELATIONSHIP OFFICERBUSINESS DEVELOPMENT EXECUTIVEBUSINESS DEVELOPMENT EXECUTIVE\n2012\n201320212021\nPres ent\nABU DHABI COMMERCIAL BANK - DUBAI, UAENEXTBRIDGE - LAHORE, PAKISTANPREMA - AT TAHUR LTD - LAHORE, PAKISTANEXPERIENC E\nZain\nUl Abideen\n"
    },
    "details": {
        "name": "Zain Ul Abideen",
        "number": "923100003060",
        "skills": [
            "Microsoft Office",
            "Microsoft Word",
            "Microsoft Powerpoint",
            "Adobe Photoshop",
            "Portfolio Management",
            "Business Relationship Management",
            "Banking",
            "Sales"
        ],
        "email_id": "zaini1@live.com",
        "location": "Lahore, Pakistan",
        "projects": [],
        "education": [
            {
                "end_date": "07-2007",
                "university": "University of the Punjab",
                "degree_title": "Bachelor of Art"
            }
        ],
        "achievements": [
            "Star of the Year 2011",
            "National Skills Award 2017",
            "Employee of the Month Certificates"
        ],
        "publications": [],
        "certifications": [],
        "additional_urls": [
            {
                "url": "linkedin.com/in/zain-ul-abideen-67b85827",
                "website_name": "LinkedIn"
            }
        ],
        "executive_summary": "Zain Ul Abideen is an experienced customer relationship executive with a strong background in the retail industry, specializing in portfolio management, business relationship management, banking, and sales. He has demonstrated a commitment to excellence through various achievements and a solid educational foundation.",
        "employment_history": [
            {
                "details": "Scan and Data Entry of all receiving & payable instruments. Co-ordinates with Accounts & Branch Manager on New Account Openings. Reviews & Process the Cheques as per Policy of Bank. Assisting Relationship Manager and managing team. Acquire New Business from Market.",
                "end_date": "12-2020",
                "location": "Lahore, Pakistan",
                "job_title": "Senior Relationship Officer",
                "start_date": "01-2020",
                "company_name": "Abu Dhabi Commercial Bank"
            },
            {
                "details": "Handling the SALES PROJECT in customer engagement center. Providing Exceptional customer service experience until car delivered and till aftersales. Booking test drives to increase customer footfall in showroom.",
                "end_date": "12-2021",
                "location": "Lahore, Pakistan",
                "job_title": "Business Development Executive",
                "start_date": "01-2021",
                "company_name": "Nextbridge"
            },
            {
                "details": "Acquire New Business from Market for Personal Loan, Credit Card and Accounts. Provides information/feedbacks for every customers query. Works with Sales Manager to book new customers for the Bank by cross selling cash management, FX, trade, insurance and asset products to generate fee based revenue.",
                "end_date": "12-2014",
                "location": "Dubai, UAE",
                "job_title": "Customer Relationship Executive",
                "start_date": "01-2014",
                "company_name": "Barclays"
            },
            {
                "details": "Responsible for quality & soundness of Sourced Emerging Corporate Accounts (KYC reviews, monitoring for due diligence, anti-money laundering procedures).",
                "end_date": "12-2013",
                "location": "Dubai, UAE",
                "job_title": "Assistant Team Leader",
                "start_date": "01-2012",
                "company_name": "Mashreq Bank"
            },
            {
                "details": "Co-ordinates with Accounts & Branch Manager on New Account Openings. Reviews & Process the Cheques as per Policy of Bank.",
                "end_date": "12-2008",
                "location": "Lahore, Pakistan",
                "job_title": "DARS Operator",
                "start_date": "01-2007",
                "company_name": "Bank Al Falah"
            }
        ]
    }
}