{
    "output": {
        "justification": [
            "The candidate has leadership potential but lacks specific strategic planning experience in international business.",
            "Relevant business development experience is limited to local roles and lacks international exposure.",
            "No direct mention of experience in competitive analysis or strategic international market entry.",
            "Does not meet the minimum requirement of 5+ years of international business development experience."
        ],
        "scores": {
            "macro_scores": [
                {
                    "criteria": "leadership",
                    "score": 6
                },
                {
                    "criteria": "strategic planning",
                    "score": 4
                }
            ],
            "micro_scores": [
                {
                    "criteria": "competitive analysis",
                    "score": 3
                }
            ],
            "requirements": [
                {
                    "criteria": "5+ years of experience in international business development",
                    "meets": false
                },
                {
                    "criteria": "Proficiency in strategic planning and client management",
                    "meets": false
                },
                {
                    "criteria": "Proven experience in market entry and compliance with international standards",
                    "meets": false
                }
            ],
            "aggregated_scores": {
                "macro_scores": 5.36,
                "micro_scores": 3.0
            }
        },
        "personal_info": {
            "name": "Ali Raza Bajwa",
            "email": "bajwa101@gmail.com",
            "phone": "03205622861",
            "current_position": "Business Development Officer",
            "current_company": "HBL",
            "employment_start_date_current_company": "08-2021",
            "first_company_start_date": "01-2018",
            "urls": [
                {
                    "website_name": "LinkedIn",
                    "url": "https://linkedin.com/in/alirazabajwa"
                }
            ]
        },
        "valid_resume_and_jd": true
    },
    "input": {
        "job_description": "### Job Title: International Business Development Manager\n\n#### Company: InnovateTech Solutions\n\n**Location:** Lahore, Pakistan  \n\n**About InnovateTech Solutions:**  \nInnovateTech Solutions is a leading global provider of innovative technology solutions, specializing in expanding business operations across diverse international markets. We are seeking a highly motivated and experienced International Business Development Manager to join our team and lead strategic market entry initiatives.\n\n#### Responsibilities:\n\n- Develop and implement comprehensive strategies for foreign market entry, expansion, and product launches in new territories.\n- Lead international trade missions to research, analyze, and secure new business opportunities in the EU and US markets.\n- Build and maintain strong relationships with clients and key stakeholders by employing effective negotiation and communication skills.\n- Collaborate with cross-functional teams to design market entry strategies and oversee implementation of marketing and sales plans.\n- Manage a team of business development officers, providing guidance and support to achieve departmental objectives.\n- Coordinate and attend international exhibitions and trade shows to promote company products and secure new contracts.\n- Analyze market trends and competitive landscapes to identify business opportunities and recommend strategic changes.\n- Ensure compliance with international market regulations and standards in collaboration with regulatory consultants.\n\n#### Qualifications:\n\n- Bachelor's degree in Business, Marketing, or a relevant field; a Master's degree is a plus.\n- Minimum of 5 years of experience in international business development or related roles.\n- Proven track record of strategic planning and securing high-value contracts with international clients.\n- Strong analytical and problem-solving skills with a keen attention to detail.\n- Excellent communication and interpersonal skills, with proficiency in multiple languages being an advantage.\n\n#### Why Join Us?\n\n- Fast-paced and dynamic work environment with opportunities for career growth.\n- Chance to lead strategic initiatives and make a significant impact on international expansion efforts.\n- Competitive salary package and benefits.\n\nIf you are passionate about driving international business growth and have the skills to succeed, we would like to meet you!\n\n**To Apply:** Please submit your resume and cover letter detailing your relevant experience and achievements.",
        "macro_dict": {
            "leadership": 68,
            "strategic planning": 32
        },
        "micro_dict": {
            "competitive analysis": 100
        },
        "additional_info": null,
        "minimum_requirements": [
            "5+ years of experience in international business development",
            "Proficiency in strategic planning and client management",
            "Proven experience in market entry and compliance with international standards"
        ],
        "resume": " \n \n \nCurriculum Vitae\nPERSONAL INFORMATION\n \nAli \nRaza \n \n \n \nState Life Housing Society\n \n+\n92\n \n03\n205622861\n \nA\nli\nstar\nbajwa\nSex\n \nMale \nNationality \n \n \nEDUCATION AND TRAINING\n \n \n \n \nR\nELEVANT\n \nSKILLS\n \n \nEXPERIENCE\n \n \nH\nOBBIES\n \n \nB.Com (August 2017)\n \nAllama Iqbal Open University\n \nBachelor Of Commerce\nIntermediate (January 2014)\n \nAllama Iqbal Open University\nHigher Secondary School Certification\nMatric (August 2011)\n \nAllama\n \nIqbal Open University\nSecondary\n \nSchool Certification\n \n \n \n \n\uf0b7\n \nProblem Solving \n\uf0b7\n \nHandling Pressure \n\uf0b7\n \nLeadership \n\uf0b7\n \nFriendly\nA\nug\n \n20\n2\n1\n \n-\n \nPresent\n \n \nHBl\n \nBusiness Development Officer\nOct \n2019 \n-\n \nSep \n2020\n \n \n \n \nUfone\n \n \nCustomer \nExecutive\nJan 201\n8\n \n-\n \nJune 20\n1\n9\n \n \nPCB Level 1 Cricket Certified\n \nGarrison College, Model T own Green\nJan 201\n0\n \n-\n \nP\nresent\n \n \nCoaching\n \n \nChief Selector Garrison University\n \n \n \n \nSports\n \nPlaying Cricket, Fast Bowler, Middle Order Batsman\nPlayed\n  \nUnder 19 Cricket  T ournament\nPlayed few matches from Wapda Department\n \nWatching Tv\n \nWatching Sports, Movies, Tv Serials\n \nGames\n \n \nPlaying Games, Grand Theft Auto\nCurriculum Vitae\n \nRaza \nBajwa \n \nState Life Housing Society\n, Lahore, Pakistan\n \n205622861\n \n \nbajwa\n101\n@\ngmail\n.com\n \n \nNationality \nPakistani\n \nLanguages \nEnglish, \nUrdu, Punjabi\n \nAllama Iqbal Open University\n \nBachelor Of Commerce\n \nAllama Iqbal Open University\n \nHigher Secondary School Certification\n \nIqbal Open University\n \nSchool Certification\n \nProblem Solving \n \nHandling Pressure \n \nLeadership \n \nFriendly\n \n\uf0b7\n \nFlexible Exceptional Time Management\n\uf0b7\n \nSelf Confident\n \n\uf0b7\n \nPatience\n \n\uf0b7\n \nCalm\n \nBusiness Development Officer\n \nExecutive\n \nOfficer\n \nPCB Level 1 Cricket Certified\n \nCoach\n \nGarrison College, Model T own Green\ns\n, Punjab Society\n \n \nChief Selector Garrison University\n, Model T own Greens, \nF\nace\n \nFresh\n \nPlaying Cricket, Fast Bowler, Middle Order Batsman\n \nUnder 19 Cricket  T ournament\n \nfrom Lahore Zone \n \nPlayed few matches from Wapda Department\n \nWatching Tv\n \nWatching Sports, Movies, Tv Serials\n \nPlaying Games, Grand Theft Auto\n \n \n \nAli\n \nRaza\n \nBajwa\n \n \n \n \n \n \n \n \n \n \n \nFlexible Exceptional Time Management\n "
    },
    "details": {
        "name": "Ali Raza Bajwa",
        "number": "03205622861",
        "skills": [
            "Business Development",
            "Customer Service"
        ],
        "email_id": "bajwa101@gmail.com",
        "location": "State Life Housing Society, Lahore, Pakistan",
        "projects": [],
        "education": [
            {
                "end_date": "08-2017",
                "university": "Allama Iqbal Open University",
                "degree_title": "Bachelor Of Commerce"
            },
            {
                "end_date": "01-2014",
                "university": "Allama Iqbal Open University",
                "degree_title": "Higher Secondary School Certification"
            },
            {
                "end_date": "08-2011",
                "university": "Allama Iqbal Open University",
                "degree_title": "Secondary School Certification"
            }
        ],
        "achievements": [
            "PCB Level 1 Cricket Certified"
        ],
        "publications": [],
        "certifications": [
            {
                "certification_name": "PCB Level 1 Cricket Certified",
                "issuing_organization": "Garrison College, Model Town Green",
                "date_of_issuance": "01-2010"
            }
        ],
        "additional_urls": [],
        "executive_summary": "Ali Raza Bajwa is a dedicated professional with a background in business development and customer service, holding a Bachelor of Commerce degree. He has demonstrated his commitment to excellence through his certification in cricket coaching and has experience in various roles within the corporate sector.",
        "employment_history": [
            {
                "details": "Business Development Officer responsible for driving sales and managing client relationships.",
                "end_date": "09-2020",
                "location": "Lahore, Pakistan",
                "job_title": "Business Development Officer",
                "start_date": "10-2019",
                "company_name": "HBL"
            },
            {
                "details": "Customer Executive focused on providing exceptional service and support to customers.",
                "end_date": "06-2019",
                "location": "Lahore, Pakistan",
                "job_title": "Customer Executive",
                "start_date": "01-2018",
                "company_name": "Ufone"
            }
        ]
    }
}