{
    "output": {
        "justification": [
            "Candidate has over 5 years in business development roles, meeting the minimum requirement.",
            "Demonstrates leadership through team management experience, relevant to both leadership and strategic planning roles.",
            "Resume shows extensive experience in international business development but lacks specific examples of EU or US market experience.",
            "Demonstrated skills in IT management and lead generation relevant to market strategy."
        ],
        "scores": {
            "macro_scores": [
                {
                    "criteria": "strategic planning",
                    "score": 7
                }
            ],
            "micro_scores": [
                {
                    "criteria": "market entry strategy",
                    "score": 6
                },
                {
                    "criteria": "competitive analysis",
                    "score": 5
                },
                {
                    "criteria": "negotiation skills",
                    "score": 7
                }
            ],
            "requirements": [
                {
                    "criteria": "5+ years of experience in international business development",
                    "meets": true
                }
            ],
            "aggregated_scores": {
                "macro_scores": 7.0,
                "micro_scores": 6.0
            }
        },
        "personal_info": {
            "name": "Mubashar Fayyaz",
            "email": "mubashar.fayyaz@yahoo.com",
            "phone": "+92 331 4393771",
            "current_position": "Business Development Officer",
            "current_company": "Fastech Pvt. Ltd",
            "employment_start_date_current_company": "01-2019",
            "first_company_start_date": "12-2007",
            "urls": [
                {
                    "website_name": "Linkedin Sales Navigator",
                    "url": "https://www.linkedin.com"
                },
                {
                    "website_name": "Angellist",
                    "url": "https://angel.co"
                }
            ]
        },
        "valid_resume_and_jd": true
    },
    "input": {
        "job_description": "### Job Title: International Business Development Manager\n\n#### Company: InnovateTech Solutions\n\n**Location:** Lahore, Pakistan  \n\n**About InnovateTech Solutions:**  \nInnovateTech Solutions is a leading global provider of innovative technology solutions, specializing in expanding business operations across diverse international markets. We are seeking a highly motivated and experienced International Business Development Manager to join our team and lead strategic market entry initiatives.\n\n#### Responsibilities:\n\n- Develop and implement comprehensive strategies for foreign market entry, expansion, and product launches in new territories.\n- Lead international trade missions to research, analyze, and secure new business opportunities in the EU and US markets.\n- Build and maintain strong relationships with clients and key stakeholders by employing effective negotiation and communication skills.\n- Collaborate with cross-functional teams to design market entry strategies and oversee implementation of marketing and sales plans.\n- Manage a team of business development officers, providing guidance and support to achieve departmental objectives.\n- Coordinate and attend international exhibitions and trade shows to promote company products and secure new contracts.\n- Analyze market trends and competitive landscapes to identify business opportunities and recommend strategic changes.\n- Ensure compliance with international market regulations and standards in collaboration with regulatory consultants.\n\n#### Qualifications:\n\n- Bachelor's degree in Business, Marketing, or a relevant field; a Master's degree is a plus.\n- Minimum of 5 years of experience in international business development or related roles.\n- Proven track record of strategic planning and securing high-value contracts with international clients.\n- Strong analytical and problem-solving skills with a keen attention to detail.\n- Excellent communication and interpersonal skills, with proficiency in multiple languages being an advantage.\n\n#### Why Join Us?\n\n- Fast-paced and dynamic work environment with opportunities for career growth.\n- Chance to lead strategic initiatives and make a significant impact on international expansion efforts.\n- Competitive salary package and benefits.\n\nIf you are passionate about driving international business growth and have the skills to succeed, we would like to meet you!\n\n**To Apply:** Please submit your resume and cover letter detailing your relevant experience and achievements.",
        "macro_dict": {
            "strategic planning": 100
        },
        "micro_dict": {
            "market entry strategy": 40,
            "competitive analysis": 30,
            "negotiation skills": 30
        },
        "additional_info": null,
        "minimum_requirements": [
            "5+ years of experience in international business development"
        ],
        "resume": "Mubashar Fayyaz\nBusiness Development & Operation Management, B2B, B2C, IT, Training\nLahore\nmubashar.fayyaz@yahoo.com\n+92 331 4393771\nProfessional experience in Business Development & Management, Operations Management, Technical\nleadership, and Sales supervision. Valuable for start-up and ongoing business operations; excellent\nability to develop new projects. Well-equipped for managing multi-departments like HR, Sales, Finance,\nand Procurement. IT management experience is added advantage to analyzing business functions and\ndeploying new technologies. Strong analytical and problem-solving skills with the ability to work with\nlimited supervision.\nWork Experience\nBusiness Development Officer\nFastech Pvt. Ltd  - Lahore\nJanuary 2019 to Present\n\u2022 My core responsibilities are to grab projects from Upwork, freelancer, etc.\n\u2022 Communication with clients.\n\u2022 Generating leads and sharing lead assignments with our on-shore department.\n\u2022 Work with our sales department to convert it into an opportunity leading to the sale's closure.\n\u2022 Stay in touch and follow up rigorously with the prospect till the sale's closure.\n\u2022 We are meeting weekly KPIs and adding them to the CRM.\n\u2022 Training newcomers of the Inside Sales Department from data scrapping to lead generating and from\ndata research to reporting.\n\u2022 Meeting the yearly target of sales closure.\n\u2022 Follow-ups with the clients.\n\u2022 Understand the project scope.\n\u2022 Assigning the task to the assistant and BDE.\n\u2022 Decide the terms & elucidate the requirements for project cost and time frame.\n\u2022 Handling Upwork and freelancer accounts.\n\u2022 Managing business and Leads using Hubspot.\n\u2022 Generate Leads through Linkedin Sales navigator, Angellist, etc.\n\u2022 Running Email campaign through Appolo.io\nManager IT & Operations\nAgribusiness Support Fund\nSeptember 2013 to January 2019\n\u2022 IT and operations management and projects lead to facilitate stakeholders.\n\u2022 Budgeting and cost analysis for IT infrastructure and systems deployment, preparing scope of work.\n\u2022 Requirements gathered and implemented multiple solutions like ERP, eCommerce, LMS, and Web\napplications.\n\u2022 Supervise IT/MIS teams for smooth IT operations including LAN/WAN and security.Manager Operations\nAgribusiness Support Fund\nOctober 2010 to September 2013\n\u2022 Prepare computer-generated reports, presentations, minutes of meetings, and conduct research for\ninformation.\n\u2022 Meeting arrangements, taking care of foreign travel arrangements including security.\n\u2022 Procurement committee member experience of US and PPRA rules.\n\u2022 Vendor contracting (SLA) as per organizational needs.\n\u2022 Worked with the HR department to prepare job descriptions, position announcements, and staff hiring.\nManager Operations/Business Development\nWateen Telecom\nDecember 2007 to September 2010\n\u2022 Business development and management defined project scope and set goals, and deliverables for\nbusiness growth.\n\u2022 Planned, and implemented business promotional activities to accomplish set goals.\n\u2022 Team supervision and achieved more than 6000 customers on board.\n\u2022 Sales management for four-point of sales (POS), followed the hierarchy of sales managers and team\nmembers to achieve set targets.\n\u2022 Create a roadmap to success for managing dealers and distributors to ensure the functional\neffectiveness of the business.\n\u2022 Prepare landed costs, set a budget, and target for sustainability and business profitability.\n\u2022 Staff hiring and training on technology such as WiMAX, TCP/IP, VOIP configuration and troubleshooting,\nCRM Portal, including financial record management system.\nEducation\nMaster of Sciences in IT\nPreston University\n2005\nB. Com\nPunjab College of Commerce\n1996\nSkills\n\u2022Project Management (3 years)\n\u2022Operations Management (4 years)\n\u2022Procurement (2 years)\n\u2022Business Development & Management (5 years)\n\u2022Sales & Customer Services (3 years)\n\u2022Staff Hiring & Training (4 years)\n\u2022Inventory Control (3 years)\n\u2022Budgeting (3 years)\u2022Process Improvement (5 years)\n\u2022Management (5 years)\n\u2022Payroll (3 years)\n\u2022Business Analysis (3 years)\n\u2022ASANA (Less than 1 year)\n\u2022SQL (3 years)\n\u2022Agile (Less than 1 year)\n\u2022VoIP (2 years)\n\u2022TCP/IP (3 years)\n\u2022Bidding (4 years)\n\u2022Lead Generation (4 years)\n\u2022Proposal Writing (4 years)\nLanguages\n\u2022English - Fluent\n\u2022Chinese - Beginner\n\u2022Urdu - Fluent"
    },
    "details": {
        "name": "Mubashar Fayyaz",
        "number": "923314393771",
        "skills": [
            "Project Management",
            "Operations Management",
            "Procurement",
            "Business Development & Management",
            "Sales & Customer Services",
            "Staff Hiring & Training",
            "Inventory Control",
            "Budgeting",
            "Process Improvement",
            "Management",
            "Payroll",
            "Business Analysis",
            "ASANA",
            "SQL",
            "Agile",
            "VoIP",
            "TCP/IP",
            "Bidding",
            "Lead Generation",
            "Proposal Writing"
        ],
        "email_id": "mubashar.fayyaz@yahoo.com",
        "location": "Lahore",
        "projects": [],
        "education": [
            {
                "end_date": "12-2005",
                "university": "Preston University",
                "degree_title": "Master of Sciences in IT"
            },
            {
                "end_date": "06-1996",
                "university": "Punjab College of Commerce",
                "degree_title": "B. Com"
            }
        ],
        "achievements": [],
        "publications": [],
        "certifications": [],
        "additional_urls": [
            {
                "url": "linkedin.com/in/mubasharfayyaz",
                "website_name": "LinkedIn"
            }
        ],
        "executive_summary": "Mubashar Fayyaz is a skilled professional in Business Development and Operations Management with extensive experience in IT management and technical leadership. He has a proven track record in managing multi-departmental functions and driving business growth through effective project management and sales strategies.",
        "employment_history": [
            {
                "details": "My core responsibilities are to grab projects from Upwork, freelancer, etc. Communication with clients. Generating leads and sharing lead assignments with our on-shore department. Work with our sales department to convert it into an opportunity leading to the sale's closure. Stay in touch and follow up rigorously with the prospect till the sale's closure. We are meeting weekly KPIs and adding them to the CRM. Training newcomers of the Inside Sales Department from data scrapping to lead generating and from data research to reporting. Meeting the yearly target of sales closure. Follow-ups with the clients. Understand the project scope. Assigning the task to the assistant and BDE. Decide the terms & elucidate the requirements for project cost and time frame. Handling Upwork and freelancer accounts. Managing business and Leads using Hubspot. Generate Leads through Linkedin Sales navigator, Angellist, etc. Running Email campaign through Appolo.io",
                "end_date": "Present",
                "location": "Lahore",
                "job_title": "Business Development Officer",
                "start_date": "01-2019",
                "company_name": "Fastech Pvt. Ltd"
            },
            {
                "details": "IT and operations management and projects lead to facilitate stakeholders. Budgeting and cost analysis for IT infrastructure and systems deployment, preparing scope of work. Requirements gathered and implemented multiple solutions like ERP, eCommerce, LMS, and Web applications. Supervise IT/MIS teams for smooth IT operations including LAN/WAN and security.",
                "end_date": "01-2019",
                "location": "Lahore",
                "job_title": "Manager IT & Operations",
                "start_date": "09-2013",
                "company_name": "Agribusiness Support Fund"
            },
            {
                "details": "Prepare computer-generated reports, presentations, minutes of meetings, and conduct research for information. Meeting arrangements, taking care of foreign travel arrangements including security. Procurement committee member experience of US and PPRA rules. Vendor contracting (SLA) as per organizational needs. Worked with the HR department to prepare job descriptions, position announcements, and staff hiring.",
                "end_date": "09-2013",
                "location": "Lahore",
                "job_title": "Manager Operations",
                "start_date": "10-2010",
                "company_name": "Agribusiness Support Fund"
            },
            {
                "details": "Business development and management defined project scope and set goals, and deliverables for business growth. Planned, and implemented business promotional activities to accomplish set goals. Team supervision and achieved more than 6000 customers on board. Sales management for four-point of sales (POS), followed the hierarchy of sales managers and team members to achieve set targets. Create a roadmap to success for managing dealers and distributors to ensure the functional effectiveness of the business. Prepare landed costs, set a budget, and target for sustainability and business profitability. Staff hiring and training on technology such as WiMAX, TCP/IP, VOIP configuration and troubleshooting, CRM Portal, including financial record management system.",
                "end_date": "09-2010",
                "location": "Lahore",
                "job_title": "Manager Operations/Business Development",
                "start_date": "12-2007",
                "company_name": "Wateen Telecom"
            }
        ]
    }
}