{
    "output": {
        "justification": [
            "Muhammad has a Bachelor's degree in Electrical Engineering with a focus on Power, relevant to the job description's requirement for a degree in Electrical Engineering.",
            "His work experience at WAPDA Skardu relates to power generation, matching the job's preference for experience in power generation projects.",
            "He possesses skills in MATLAB, aligning with the job requirement for proficiency in MATLAB.",
            "There is no explicit mention of experience with telecommunications, a key component of the job description."
        ],
        "scores": {
            "macro_scores": [
                {
                    "criteria": "project management",
                    "score": 5
                }
            ],
            "micro_scores": [
                {
                    "criteria": "matlab",
                    "score": 8
                },
                {
                    "criteria": "autocad",
                    "score": 3
                },
                {
                    "criteria": "python",
                    "score": 4
                },
                {
                    "criteria": "circuit design",
                    "score": 5
                }
            ],
            "requirements": [
                {
                    "criteria": "Experience with power generation or telecommunications",
                    "meets": true
                },
                {
                    "criteria": "Bachelor's degree in Electrical Engineering or related field",
                    "meets": true
                }
            ],
            "aggregated_scores": {
                "macro_scores": 5.0,
                "micro_scores": 5.24
            }
        },
        "personal_info": {
            "name": "Muhammad Nadeem",
            "email": "budapa08@gmail.com.com",
            "phone": "03488922694",
            "current_position": "None",
            "current_company": "None",
            "employment_start_date_current_company": "None",
            "first_company_start_date": "06-2022",
            "urls": []
        },
        "valid_resume_and_jd": true
    },
    "input": {
        "job_description": "### Electrical Engineer - Communication & Sustainable Energy\n\nJoin **Innovate Power Solutions Inc.** as an Electrical Engineer focusing on communication systems and sustainable energy solutions. We are looking for a dynamic individual passionate about advancing eco-friendly technologies and delivering high-quality results. This role will involve designing, developing, and implementing cutting-edge electrical systems across diverse projects, from power generation to renewable energy applications.\n\n#### Key Responsibilities:\n- Design and implement electrical systems with a focus on sustainable energy solutions.\n- Collaborate with cross-functional teams to develop communication systems.\n- Utilize MATLAB, AutoCAD, and Python for system analysis and design.\n- Oversee the project lifecycle from conception to completion ensuring quality and efficiency.\n- Conduct data analysis to improve system performance and reliability.\n\n#### Preferred Qualifications:\n- Proven experience in power generation and telecommunication projects.\n- Strong skills in MATLAB, AutoCAD, and Python.\n- Demonstrable understanding of communication protocols and network design.\n- History of successful project completion in dynamic work environments.\n\n#### Benefits:\n- A supportive and innovative work environment.\n- Opportunities for professional growth and development.\n- Competitive salary and comprehensive benefits package.",
        "macro_dict": {
            "project management": 100
        },
        "micro_dict": {
            "matlab": 30,
            "autocad": 19,
            "python": 28,
            "circuit design": 23
        },
        "additional_info": null,
        "minimum_requirements": [
            "Experience with power generation or telecommunications",
            "Bachelor's degree in Electrical Engineering or related field"
        ],
        "resume": " MUHAMMAD NADEEM\nELECTRICAL ENGINEER\nPROFILE\nMotivated Electrical Engineer with a passion for innovation and problem solving. Dedicated to apply\ntechnical expertise to design, develop, and optimize electrical system for efficiency and reliability.\nSeeking opportunities to cutting-edge projects and advance within a dynamic engineering\nenvironment.\nWORK EXPERIENCE\nEDUCATION\nB a c h e l o r  o f  S c i e n c e  i n  E l e c t r i c a l  E n g i n e e r i n g\nUniversity of Engineering and Technology Taxila\nMajor in Power.\nThesis on \"Dynamic Load balancing in power distribution network system\nCourses Electrical Machines, Power Distribution and Utilization, Power Generation, Signal\nand System, Industrial Automation ,High Voltage. S e p t e m b e r  2 0 2 0  -  J u n e  2 0 2 4Monitoring the Frequency fluctuation of electricity generation in 4.5 MWhr generator.\nObserving the  power generated by water turbines, keeping records and managing the load\naccordingly.\nEfficiently manage the power of distribution load.W A P D A  S k a r d u J u n e  2 0 2 3 - A u g u s t  2 0 2 3\nADDITIONAL INFORMATION\nT e c h n i c a l  S k i l l s : MATLAB, C++, HELIOSCOPE, ,PROTEUS, MULTISM.\nL a n g u a g e s : English, Urdu, Balti\nC e r t i f i c a t i o n s : Energy Production, Distribution & Safety (Coursera)\n       Digital signal Processing (Coursera)  Heavy Mechanical Complex Taxila\nHeat Treatment Process: Annealing, Quenching and Tempering.\nWelding Oversight: managing different welding process, Ensuring precision and quality in\nwelds.\nQuality Assurance: Ensuring metal strength and durability.J u n e  2 0 2 2 -  S e p t e m b e r  2 0 2 2\nP R O J E C T S\nDynamic Load Balancing in three phase power distribution network system (FYP).\nMaking of 10000V arc MARX Generator.\nAutomatic door openning using RFID\nF S C  a n d  M a t r i c u l a t i o n\nCadet College Skardu\nScience Pre Engineering.May 2016- June 2020 03488922694     budapa08@gmail.com.com"
    },
    "details": {
        "name": "Muhammad Nadeem",
        "number": "03488922694",
        "skills": [
            "MATLAB",
            "C++",
            "HELIOSCOPE",
            "PROTEUS",
            "MULTISM"
        ],
        "email_id": "budapa08@gmail.com",
        "location": "",
        "projects": [
            {
                "title": "Dynamic Load Balancing in three phase power distribution network system",
                "description": "Final Year Project."
            },
            {
                "title": "Making of 10000V arc MARX Generator",
                "description": "Construction of a high voltage generator."
            },
            {
                "title": "Automatic door opening using RFID",
                "description": "Project utilizing RFID technology for automation."
            }
        ],
        "education": [
            {
                "end_date": "06-2024",
                "university": "University of Engineering and Technology Taxila",
                "degree_title": "Bachelor of Science in Electrical Engineering"
            }
        ],
        "achievements": [],
        "publications": [],
        "certifications": [
            {
                "certification_name": "Energy Production, Distribution & Safety",
                "issuing_organization": "Coursera",
                "date_of_issuance": "06-2022"
            },
            {
                "certification_name": "Digital Signal Processing",
                "issuing_organization": "Coursera",
                "date_of_issuance": "06-2022"
            }
        ],
        "additional_urls": [],
        "executive_summary": "Muhammad Nadeem is a motivated Electrical Engineer with a strong passion for innovation and problem-solving. He is dedicated to applying his technical expertise in designing, developing, and optimizing electrical systems for enhanced efficiency and reliability.",
        "employment_history": [
            {
                "details": "Monitoring the frequency fluctuation of electricity generation in a 4.5 MWhr generator. Observing the power generated by water turbines, keeping records and managing the load accordingly. Efficiently managing the power of distribution load.",
                "end_date": "08-2023",
                "location": "WAPDA Skardu",
                "job_title": "Electrical Engineer",
                "start_date": "06-2023",
                "company_name": "WAPDA"
            }
        ]
    }
}