{
    "output": {
        "justification": [],
        "scores": {
            "macro_scores": [],
            "micro_scores": [],
            "requirements": [],
            "aggregated_scores": {}
        },
        "personal_info": {},
        "valid_resume_and_jd": false
    },
    "input": {
        "job_description": "## Lead Generation and Business Intelligence Specialist\n\nJoin **Innovate Connections Inc.** as a Lead Generation and Business Intelligence Specialist. You will play a pivotal role in driving business growth by spearheading lead generation initiatives and providing strategic insights through data analytics. We are looking for a highly skilled professional with a strong background in lead generation, data management, and business intelligence.\n\n### Key Responsibilities:\n- Develop and execute lead generation strategies using digital marketing techniques, cold calling, and data scraping tools.\n- Collaborate with cross-functional teams to optimize customer acquisition strategies.\n- Utilize CRM systems to manage and analyze client data for lead qualification.\n- Create and manage detailed project schedules and work plans, utilizing best practices and standards for project execution.\n- Develop financial models and business growth strategies based on data insights.\n- Utilize tools such as Power BI, SQL, and Tableau for developing comprehensive data reports and dashboards.\n\n### Desired Skills and Experience:\n- Strong programming skills in C++, HTML, and CSS.\n- Proficiency in digital marketing, email marketing, and social media platforms.\n- Experience in managing large data sets and using BI tools (Power BI, Excel, Tableau).\n- Excellent communication skills and ability to develop strong client relationships.\n- Ability to work independently and manage multiple projects simultaneously.\n\n### Why Innovate Connections Inc.?\n- We innovate at the forefront of technology and enable our team members to grow alongside the company.\n- We value data-driven decision-making and empower our teams with the right tools to succeed.\n- Offering a supportive work environment and opportunities for career advancement.\n\n### How to Apply:\nSubmit your resume and cover letter detailing your relevant experience and why you are interested in joining Innovate Connections Inc.",
        "macro_dict": {
            "innovation and adaptability": 100
        },
        "micro_dict": {
            "c++, html, css": 37,
            "business intelligence tools (power bi, sql, tableau)": 63
        },
        "additional_info": "Innovate Connections Inc. prefers candidates from recognized universities such as the University of Management & Technology and Lahore School of Economics. We encourage a remote working environment but require physical presence for team-building and strategic sessions twice a quarter. Relocation assistance is available for exceptional candidates. Our comprehensive assessment includes a technical test followed by structured interviews to evaluate both technical and soft skills comprehensively.",
        "minimum_requirements": [
            "3+ years of experience in lead generation or business intelligence",
            "Experience with business intelligence tools such as Power BI, SQL, and Tableau",
            "Bachelor's degree in Computer Science, Business, or a related field",
            "Proficiency in at least one programming language"
        ],
        "resume": "Sure! Here's a story:\n\nIn the bustling city of Lumina, where every street glowed with the soft hum of neon lights, there was a peculiar little shop tucked away in an alley that most people never noticed. The sign above the door read \"The Curiosity Corner,\" in elegantly fading script. Inside, the shelves were lined with oddities from around the world: a clock that ticked backwards, a stone said to have been touched by the moon, and a jar purported to contain the whisper of a forgotten wind.\n\nOne chilly evening, a young woman named Elara wandered into the shop, searching for something she couldn't quite name. Her eyes were drawn to a dusty book at the back of the store. The cover was leather, soft and worn, with gilded letters reading \"The Book of Ephemera.\"\n\nCurious, Elara opened the book to find its pages blank. She frowned and flipped through, only to discover that as she did, words began to appear. They told of a journey, a quest that called out to whoever read them. Entranced, Elara felt a gentle tug, as if the book were inviting her to step into its world.\n\nMoments later, the shopkeeper, an elderly man with twinkling eyes, approached her. \"Ah, you've found it,\" he said with a knowing smile. \"That book seeks a traveler, one who can weave its tales into reality.\"\n\nElara hesitated, but the promise of adventure, of mystery beyond the ordinary, was too enticing. She nodded and the shopkeeper placed a small brass key in her hand. \"For doors unseen,\" he whispered.\n\nAnd so, with the book in her grasp and the key in her pocket, Elara stepped out into the luminescent night, not yet knowing where her footsteps would lead her, but certain that her life was about to change in the most wondrous of ways."
    },
    "details": {
        "name": "",
        "number": "",
        "skills": [],
        "email_id": "",
        "location": "",
        "projects": [],
        "education": [],
        "achievements": [],
        "publications": [],
        "certifications": [],
        "additional_urls": [],
        "executive_summary": "",
        "employment_history": []
    }
}