{
    "output": {
        "justification": [],
        "scores": {
            "macro_scores": [],
            "micro_scores": [],
            "requirements": [],
            "aggregated_scores": {}
        },
        "personal_info": {},
        "valid_resume_and_jd": false
    },
    "input": {
        "job_description": "Blorfnax quizzle tromber gloop, wibber nugflomp zindle ark. Sprockle vambus drindle plix, jorbb flitz doodle qwop. Twizzle marknoo zaffling gribbles, blurger snipex quarr floop. Zapple wibdom niffling cronk, plunder steeble vark glizzle. Crumbler flickmorf jubble whir, nop dunkle zorbit glibber. Flarm tozzle yunk sproon moxic, dwooble zartle frob licket. Splork trundle wocket breen, clopple vinxer gorf snitz.",
        "macro_dict": {
            "leadership": 20,
            "experience": 11,
            "innovation and adaptability": 69
        },
        "micro_dict": {
            "business intelligence tools (power bi, sql, tableau)": 53,
            "digital marketing skills": 22,
            "project management": 25
        },
        "additional_info": "Innovate Connections Inc. prefers candidates from recognized universities such as the University of Management & Technology and Lahore School of Economics. We encourage a remote working environment but require physical presence for team-building and strategic sessions twice a quarter. Relocation assistance is available for exceptional candidates. Our comprehensive assessment includes a technical test followed by structured interviews to evaluate both technical and soft skills comprehensively.",
        "minimum_requirements": [
            "Proficiency in at least one programming language",
            "Bachelor's degree in Computer Science, Business, or a related field",
            "Strong communication and interpersonal skills"
        ],
        "resume": "Muhammad  Ahmad  \n609-F, Johar Town , Lahore, Pakistan  \n+923444920455  \nahmadimtiaz04@gmail.com   \nEducation  \n \n2018  BS (Hons) Biotechnology  \n Forman Christian College (A Chartered University), Lahore  \n2014  A Levels  \n Mus\u2019ab School System, Johar Town, Lahore  \n2012  O Levels  \n Mus\u2019ab School System, Johar Town, Lahore  \n \nProfessional Experience  \n \nDec 2022 \u2013 Jul 2023  Associate Manager Business Development  \n   Stackup Solutions  \n\uf0b7 Lead  and managed  the business development department to \ngenerate leads converting to clients, sought out different \navenues for business growth, and increased the digital presence \nof the company  \n\uf0b7 Created and optimized  strategies for different job platforms and \nportals to  generate prospects, leading to conversi on into clients  \n\uf0b7 Created and optimized email campaigns and kept 60% and \nabove open rates across all campaigns  \n\uf0b7 Collaborated with the operational developers to onboard new \nclients and provide them quality service  \n\uf0b7 Conducted training sessions for the team on sa les, business \ndevelopment and revenue generation and provided them with \nrelevant courses  \n\uf0b7 Delivered $15000+ revenue in Q2 with the team  \n \nAug 2022  \u2013 Nov 2022   Assistant Manager Sales & Business Development  \n   Yellow Beam Technologies  \n\uf0b7 Creation and optimizatio n of IT, social media, mobile and web \ndevelopment & customer support profiles  \n\uf0b7 Training the team on the operating platforms  \n\uf0b7 Generating leads through LinkedIn  \n\uf0b7 Generating the leads through Upwork  \n\uf0b7 Setting up and managing email campaigns for direct client \nacqui sition  in the relevant niche  \n\uf0b7 Client communication  \n \nDec 2021  \u2013 Aug 2022    Assistant Manager Business Development  \n   Trans Global Services (TGS)  \n\uf0b7 Created the company profiles and portfolios from scratch for \nplatforms like Upwork, Fiverr & Linkedin.  \n\uf0b7 Set the directions and strategies for profiling and built the BD \ndepartment for customer support projects  with the head of \nBusiness development.  \n\uf0b7 Training new team members  \n\uf0b7 Quality checks for the team  \n\uf0b7 Set up Email campaigns with the team  \n\uf0b7 Managed client communication and sales closing  \uf0b7 Worked with the operations and man agement to onboard new \nprojects  \n\uf0b7 Performed client success role to make sure the client is satisfied \nin the first month of onboarding  \n\uf0b7 Delivered $5000 worth of recurring project revenue in Q1 &  Q2 \nfor a newly created profile  \n \nSep 2021 - Dec 2021  Business Development Team Lead  \n   Digitech Outsourcing Solution  \n\uf0b7 Team training on platforms like Upwork and LinkedIn  \n\uf0b7 Defined the direction and set the quarterly target with the \nmanager  \n\uf0b7 Managed and worked with the team to deliver the targets for the \nlast quarter  \n\uf0b7 Delivered $11,000 worth of recurring revenue and upsold the \nclient whereby taking the project revenue up to $30,000/month.  \n \nSep 2020 - Sep 2021  Business Development Executive  \n   Digitech  Outsourcing Solution  \n\uf0b7 Managed the entire  profiling and  bidding process on platforms \nlike Upwork, Fiverr, Freelancer, Guru  \n\uf0b7 Generated leads through LinkedIn in the relevant industry  \n\uf0b7 Client communication and sale closing on the platforms  \n\uf0b7 Working with the oper ations and key accounts to successfully \nonboard the project  \n\uf0b7 Delivered $15,000 worth of recurring project revenue with the \nteam in the 4th quarter  \n\uf0b7 Delivered $10,000 worth of recurring project revenue with the \nteam in the 2021 Q1, Q2 & Q3  \n \nMar 2019 - Sep 202 0 Customer Service Executive  \n   Digitech Outsourcing Solution  \n\uf0b7 Provided customer support for a variety of US projects including:  \no E-commerce stores (Email, Live chat, order management \nthrough Shopify)  \no Airbnb Hosts (Guest communication, booking \nmanagement, cleaner and handymen schedule \nmanagement)  \n \nJun 2018 \u2013 Mar 2019  Customer Support Representative  \n  Abacus Consulting  \n\uf0b7 Provided support via emails for Careem customers  \n\uf0b7 Handled the email tickets through Zendesk  \n   \nProjects and Research Papers  \n \n\uf0b7 Market Aptness i n FCCU students  \n \nCo-Curricular Activities  \n \nOct 2015   IEO Ambassador in 3rd Annual Education Fair 2015  \nApril 2016   Volunteered at Cultural Fest \u201816  \n \nSkills  & Interests  \n \uf09f Languages: English, Urdu  \n\uf09f Microsoft : Word, Excel, PowerPoint , Outlook  \n\uf09f G\u2019suite ; Gmail, Google Calendar, Google Meet, G\u2019sheets/Docs  \n\uf09f CRM s: Zendesk, Freshdesk, Salesforce, Hubspot, IGMS, Odoo  \n\uf09f Platform s: Upwork, Fiverr, Freelancer & LinkedIn  \n\uf09f Client communication and management  \n\uf09f Team Management and cross teams\u2019 collaboration  \n\uf09f Strategy deve lopment and optimization  \n "
    },
    "details": {
        "name": "",
        "number": "",
        "skills": [],
        "email_id": "",
        "location": "",
        "projects": [],
        "education": [],
        "achievements": [],
        "publications": [],
        "certifications": [],
        "additional_urls": [],
        "executive_summary": "",
        "employment_history": []
    }
}