{
    "output": {
        "justification": [],
        "scores": {
            "macro_scores": [],
            "micro_scores": [],
            "requirements": [],
            "aggregated_scores": {}
        },
        "personal_info": {},
        "valid_resume_and_jd": false
    },
    "input": {
        "job_description": "Shahan Ahmad  \nshahanahmad.sa@gmail.com  | +923335216195  \n                               LinkedIn Profile:  http://linkedin.com/in/shahan -ahmad -221b3b78  \n \n \n \n \nProfessional Summary  \nGoal oriented professional with experience spanning  across  international and local trade finance  to relationship and project \nmanagement seeking to further enhance my career within technology, digital inclusion and  financial sector . \n \nWork Experience  \n \nRelationship Management | Digital Financial Inclusion | Project Management | Cash Management | Product Development - Planning  \n \nUnited Bank Limited (UBL)  February  2017 \u2013 Present  \nSr. Relationship Manager  (AVP)  \u2013 Financial Institutions Department  \n\uf0b7 Managing cash management and Product implementation of North region business po rtfolio of approximately PKR 300  Billion for \nNon -Banking Financial Institutions majorly Waseela bank, U bank, Tameer  bank, khushhali bank and ZTBL.   \n\uf0b7 Monitoring Bank to Bank business related to all trade transactions responsible for bank guarantee portfolio of approximately PKR \n9 Billion . \n\uf0b7 Leading client management across project s related guarantees for CPEC and Non -CPEC customers . \n\uf0b7 Managing proactive relationship management for clients across industries including likes of ZTE, Huawei, SinoHydro, Powerchin a, \nSinoTec, CRCC, Harbin Ele ctric, Xinjiang Road and Bridge, CRBC, China Ghzouba, CCECC, COPHC, China Petroleum Pipeline Bureau, \nChina Three Gorges and agents of foreign companies Like Marubeni, Maxus Power, MCC, Kestral Trading, Raviana, Atecs, Sino \nTrans Logistics, Asean Internatio nal, ALIT, CMEC, Poly technologies, CETC based in Pakistan . \n\uf0b7 Major Highlights:  Conducted overall structuring, financial analysis and management of projects including Safe City Project, Suki -\nKinari  Project, Port Qasim Power Plant Project, New Islamabad Airport construction project, Pak -Qatar LNG project, Kohala Hydro \nPower Project, Tarbela -4 project . \n\uf0b7 Led and Implemented the following Key Digital S olutions  and P rojects  for various clients:  \n1.  R5 proje ct of Jazz involving product, IT digital and Finance team providing un -interrupted VPN services of API for jazz cash   \nretailers and franchisees .  \n2.  Successfully closed project mandate for Khushhali Bank`s borrowers direct deposit on UBL counters.  \n3.  Success fully implemented project of VPN API services for Telenor Bank for collection and disbursement of funds.  \n4.  Currently working for onboarding PMN`s Munsalik Portal for providing digital solutions through UBL for cash management \nof MFPs. Digital inclusion of one link project for Munsalik where in UBL will be settling bank.  \n5.  Currently working on high scope project, app -to-Wallet  integration between Jazz and UBL which is a pioneering digital \nproduct initiated by UBL.  \n6.  Currently working on integration of SECP on line portal with UBL system for updating of documents related to company \nregistration, a requirement by the bank during the process of account opening. ( API Based ) \n \n \nMCB Bank Limited      September 2015 \u2013 January 2017  \nAssistant Manager \u2013 Trade Finance Department  \n\uf0b7 Managing Corporate and Government sector clients responsible for trade portfolio of approximately PKR 4 Billion.  \n\uf0b7 Ensuring timely and accurate Issuance and Payments of Import Letter of Credit (L/C) for key clients  \n\uf0b7 Handling Export Transactions ser vices for the department across various projects  \n\uf0b7 Developing and handling encashment of foreign Letter of Guarantees (L/G)  \n \nUnited Bank Limited (UBL)  September 2013 \u2013 August 2015  \nImports Incharge  \u2013 Trade Finance Department  \n\uf0b7 Managing payment portfolio of PKR 2.5 Billion ensuring corporate transactio ns for clients across industries including Telecom, Oil \n& Gas and Construction  \n\uf0b7 Ensuring timely and accurate reporting of clients import  activities to SBP on a monthly basis  \n\uf0b7 Leading treasury rate negotiations to ensu re highest revenue for the bank  \n \nHabib Bank Limited (HBL)  December 2007 \u2013 August 2013  \nImports Trade Officer \u2013 Trade Department  \n\uf0b7 Liaising across key departments to ensure timely transaction approvals for clients  \n\uf0b7 Responsible for FE allocation/financial approv als from SBP for establishment of Import Letter of Credits for Public Sector clients  \n\uf0b7 Developing and retiring import contracts and L/Cs following thorough review of import documents including foreign and local \ndocuments and Lodgment/Retirement so all requir ements are met  \n\uf0b7 Monitoring market and financial indicators (like FOREX) on a regular basis to ensure spot and forward cover from treasury to \nensure effective payments from corporate clients  \n \n \n \n \n \n \nMAX Telecom      July 2005 \u2013 July 2007  \nCustomer Relations Manager  \n \n\uf0b7 Managing and handling client queries, requests, orders and complaints including  Legal Complaints (TIO -Tele -communication \nIndustry of Ombudsman) to ensure highest level of customer satisfaction is met  \n\uf0b7 Quarterly reviews of the processes to plan and implement any process improvement through recurrent trainings and change \nin strategy.  \n\uf0b7 Liaising and managing business with an Australian services provider Telstra . \n\uf0b7 Leading sales team by ensuring performance gaps are met through regular statistics and analys is. \n \n \nEducation  \n \nSZABIST, Islamabad     May 2004  \u2013 June 2005  \nMasters in Business Administration (E -MBA)  \n \nPunjab University, Lahore  May  2002  \u2013 June 2004 \nBachelors of Arts \u2013 Sociology, Statistics and English  \n \nTrainings  & Workshops  \n\uf0b7 Global Trade Finance Workshop    Karachi, May 2018  \n3 days workshop on Trade Finance product sales and marketing conducted by International Finance Cooperation (World Bank)  \n\uf0b7 Basic Banking Training & Banking Operations   Islamabad, 2008  \n\uf0b7 Four months extensive, classroom followed by on the job rotational training HBL Management Development Institute (MDI)  \n\uf0b7 Project Management:  \nOngoing  project management certification in order to add the same against the skill set.  \n \nSkills , Interest s & Personal Strengths  \n\uf0b7 Proficient with MS computer systems and software\u2019s.  \n\uf0b7 Risk Management, Budgeting.  \n\uf0b7 Expertise with key Banking software including SWIFT, MISYS, Symbols and TI  \n\uf0b7 Project management.  \n\uf0b7 Stakeholder Engagement & Management.  \n\uf0b7 Planning and forecasting . \n\uf0b7 Strong interpersonal / communication / Conflict resolution / Problem solving / Crisis Manage ment skills.  \n\uf0b7 Strong convincing power, innovative and ability to work in multi -cultural teams.  \n \n \n \n \n \n ",
        "macro_dict": {
            "business development experience": 100
        },
        "micro_dict": {
            "market research": 0,
            "negotiation": 45,
            "sales strategy": 38,
            "seo": 10,
            "data analysis": 7
        },
        "additional_info": "[Fictional Company] values candidates from top-tier universities such as [University A] and [University B]. We support diversity and inclusion in our hiring processes. Relocation assistance is provided on a case-by-case basis. We assess skills through a combination of technical interviews, case studies, and practical tests to ensure the candidate\u2019s fitment with the organizational culture and job requirements.",
        "minimum_requirements": [
            "Strong understanding of sales processes and negotiation skills"
        ],
        "resume": "Shahan Ahmad  \nshahanahmad.sa@gmail.com  | +923335216195  \n                               LinkedIn Profile:  http://linkedin.com/in/shahan -ahmad -221b3b78  \n \n \n \n \nProfessional Summary  \nGoal oriented professional with experience spanning  across  international and local trade finance  to relationship and project \nmanagement seeking to further enhance my career within technology, digital inclusion and  financial sector . \n \nWork Experience  \n \nRelationship Management | Digital Financial Inclusion | Project Management | Cash Management | Product Development - Planning  \n \nUnited Bank Limited (UBL)  February  2017 \u2013 Present  \nSr. Relationship Manager  (AVP)  \u2013 Financial Institutions Department  \n\uf0b7 Managing cash management and Product implementation of North region business po rtfolio of approximately PKR 300  Billion for \nNon -Banking Financial Institutions majorly Waseela bank, U bank, Tameer  bank, khushhali bank and ZTBL.   \n\uf0b7 Monitoring Bank to Bank business related to all trade transactions responsible for bank guarantee portfolio of approximately PKR \n9 Billion . \n\uf0b7 Leading client management across project s related guarantees for CPEC and Non -CPEC customers . \n\uf0b7 Managing proactive relationship management for clients across industries including likes of ZTE, Huawei, SinoHydro, Powerchin a, \nSinoTec, CRCC, Harbin Ele ctric, Xinjiang Road and Bridge, CRBC, China Ghzouba, CCECC, COPHC, China Petroleum Pipeline Bureau, \nChina Three Gorges and agents of foreign companies Like Marubeni, Maxus Power, MCC, Kestral Trading, Raviana, Atecs, Sino \nTrans Logistics, Asean Internatio nal, ALIT, CMEC, Poly technologies, CETC based in Pakistan . \n\uf0b7 Major Highlights:  Conducted overall structuring, financial analysis and management of projects including Safe City Project, Suki -\nKinari  Project, Port Qasim Power Plant Project, New Islamabad Airport construction project, Pak -Qatar LNG project, Kohala Hydro \nPower Project, Tarbela -4 project . \n\uf0b7 Led and Implemented the following Key Digital S olutions  and P rojects  for various clients:  \n1.  R5 proje ct of Jazz involving product, IT digital and Finance team providing un -interrupted VPN services of API for jazz cash   \nretailers and franchisees .  \n2.  Successfully closed project mandate for Khushhali Bank`s borrowers direct deposit on UBL counters.  \n3.  Success fully implemented project of VPN API services for Telenor Bank for collection and disbursement of funds.  \n4.  Currently working for onboarding PMN`s Munsalik Portal for providing digital solutions through UBL for cash management \nof MFPs. Digital inclusion of one link project for Munsalik where in UBL will be settling bank.  \n5.  Currently working on high scope project, app -to-Wallet  integration between Jazz and UBL which is a pioneering digital \nproduct initiated by UBL.  \n6.  Currently working on integration of SECP on line portal with UBL system for updating of documents related to company \nregistration, a requirement by the bank during the process of account opening. ( API Based ) \n \n \nMCB Bank Limited      September 2015 \u2013 January 2017  \nAssistant Manager \u2013 Trade Finance Department  \n\uf0b7 Managing Corporate and Government sector clients responsible for trade portfolio of approximately PKR 4 Billion.  \n\uf0b7 Ensuring timely and accurate Issuance and Payments of Import Letter of Credit (L/C) for key clients  \n\uf0b7 Handling Export Transactions ser vices for the department across various projects  \n\uf0b7 Developing and handling encashment of foreign Letter of Guarantees (L/G)  \n \nUnited Bank Limited (UBL)  September 2013 \u2013 August 2015  \nImports Incharge  \u2013 Trade Finance Department  \n\uf0b7 Managing payment portfolio of PKR 2.5 Billion ensuring corporate transactio ns for clients across industries including Telecom, Oil \n& Gas and Construction  \n\uf0b7 Ensuring timely and accurate reporting of clients import  activities to SBP on a monthly basis  \n\uf0b7 Leading treasury rate negotiations to ensu re highest revenue for the bank  \n \nHabib Bank Limited (HBL)  December 2007 \u2013 August 2013  \nImports Trade Officer \u2013 Trade Department  \n\uf0b7 Liaising across key departments to ensure timely transaction approvals for clients  \n\uf0b7 Responsible for FE allocation/financial approv als from SBP for establishment of Import Letter of Credits for Public Sector clients  \n\uf0b7 Developing and retiring import contracts and L/Cs following thorough review of import documents including foreign and local \ndocuments and Lodgment/Retirement so all requir ements are met  \n\uf0b7 Monitoring market and financial indicators (like FOREX) on a regular basis to ensure spot and forward cover from treasury to \nensure effective payments from corporate clients  \n \n \n \n \n \n \nMAX Telecom      July 2005 \u2013 July 2007  \nCustomer Relations Manager  \n \n\uf0b7 Managing and handling client queries, requests, orders and complaints including  Legal Complaints (TIO -Tele -communication \nIndustry of Ombudsman) to ensure highest level of customer satisfaction is met  \n\uf0b7 Quarterly reviews of the processes to plan and implement any process improvement through recurrent trainings and change \nin strategy.  \n\uf0b7 Liaising and managing business with an Australian services provider Telstra . \n\uf0b7 Leading sales team by ensuring performance gaps are met through regular statistics and analys is. \n \n \nEducation  \n \nSZABIST, Islamabad     May 2004  \u2013 June 2005  \nMasters in Business Administration (E -MBA)  \n \nPunjab University, Lahore  May  2002  \u2013 June 2004 \nBachelors of Arts \u2013 Sociology, Statistics and English  \n \nTrainings  & Workshops  \n\uf0b7 Global Trade Finance Workshop    Karachi, May 2018  \n3 days workshop on Trade Finance product sales and marketing conducted by International Finance Cooperation (World Bank)  \n\uf0b7 Basic Banking Training & Banking Operations   Islamabad, 2008  \n\uf0b7 Four months extensive, classroom followed by on the job rotational training HBL Management Development Institute (MDI)  \n\uf0b7 Project Management:  \nOngoing  project management certification in order to add the same against the skill set.  \n \nSkills , Interest s & Personal Strengths  \n\uf0b7 Proficient with MS computer systems and software\u2019s.  \n\uf0b7 Risk Management, Budgeting.  \n\uf0b7 Expertise with key Banking software including SWIFT, MISYS, Symbols and TI  \n\uf0b7 Project management.  \n\uf0b7 Stakeholder Engagement & Management.  \n\uf0b7 Planning and forecasting . \n\uf0b7 Strong interpersonal / communication / Conflict resolution / Problem solving / Crisis Manage ment skills.  \n\uf0b7 Strong convincing power, innovative and ability to work in multi -cultural teams.  \n \n \n \n \n \n "
    },
    "details": {
        "name": "",
        "number": "",
        "skills": [],
        "email_id": "",
        "location": "",
        "projects": [],
        "education": [],
        "achievements": [],
        "publications": [],
        "certifications": [],
        "additional_urls": [],
        "executive_summary": "",
        "employment_history": []
    }
}