{
    "output": {
        "justification": [],
        "scores": {
            "macro_scores": [],
            "micro_scores": [],
            "requirements": [],
            "aggregated_scores": {}
        },
        "personal_info": {},
        "valid_resume_and_jd": false
    },
    "input": {
        "job_description": "Sure, here's a bit of random text for you:\n\nGerald stared at his watch, the second's hand ticking steadily forward. The air smells faintly of lavender, a remnant of his grandmother's potpourri habit, lingering in the old house like a whisper from the past. His cat, Scooter, sat on the window sill, batting lazily at the dust motes floating through the sunbeam.\n\nMeanwhile, outside, a parade was forming. Children's laughter echoed down the street as vendors set up their candy floss machines and bright balloons bobbed in the gentle breeze. The mayor, a portly man with a penchant for grandiose gestures, was practicing his speech in front of an imaginary crowd.\n\nBack in the house, Gerald finally abandoned the task of waiting and put on his coat. \"Come on, Scooter,\" he called over his shoulder. \"Let's see what all the fuss is about.\"\n\nAs they stepped out into the street, a bright yellow bird flitted past, chased by a blur of grey and white\u2014the neighbor's cat, no doubt. Life seemed to simultaneously slow and race forward under the influence of excitement and sugary confections. A marching band struck up a lively tune, and Gerald smiled, despite himself.\n\nLater, the evening sky bled pink and orange as laughter faded into the night. Gerald returned home, his lungs full of the crisp night air and his heart a little lighter. The world seemed just as unpredictable and wonderfully strange as he'd hoped it would be.",
        "macro_dict": {
            "leadership": 22,
            "experience": 16,
            "client relations": 62
        },
        "micro_dict": {
            "crm systems": 66,
            "market research": 34
        },
        "additional_info": "InnovateCorp prefers candidates from leading business schools such as COMSATS Institute of Information and Technology. We support relocation for the right candidate and offer remote work opportunities. Skills are assessed through a combination of technical interviews and practical case studies, ensuring candidates meet our high standards of performance before offering a position.",
        "minimum_requirements": [
            "Proficiency in CRM tools and Microsoft Office Suite",
            "Bachelor's degree in Business Administration or related field"
        ],
        "resume": "Khuram Khan \nBusiness Development Specialist \nI have 10 years of experience in sales and marketing, I can develop a team to generate business. \nkay.khuram@gmail.com \n+923349747255 \nWapda Town, Lahore, Pakistan \nWORK EXPERIENCE \nBusiness Development Specialist \nIn\ufb01nite Group \n06/2022 - 09/2022\n, \n \nLahore, Pakistan \nIt's a Software Development, Digital Media Marketing and Business\nProcess Outsourcing Company. \nBidding on Upwork, Guru and Fiverr. \nLinkedIn Sales Navigator to generate business leads \nEmail marketing \nInternational Sales Executive \nPachem Global \n01/2022 - 06/2022\n, \n \nPetrochemical manufacturing and trading company. \nLead generation in Latin America Markets \nLinkedIn Communication to develop business \nDatabase Management for long term relationship \nSales Manager \nBuksh Leather \n02/2020 - 03/2021\n, \n \nIt's glove manufacturing and welding equipment trading company\nworking in Pakistan and UAE. \nGenerate database and make cold calling \nMeet procurement managers to generate business \nCustomer Relationship Management to increase revenue. \nMarketing Executive \nLeathertex Group \n12/2013 - 01/2017\n, \n \nProtective Equipment Manufacturer and Leather Tannery. \n30 plus customers management from Europe \nProduct development for business expansion \nPreparation for exhibitions and trade shows \nEDUCATION \nMaster of Business Administration \nUniversity of Management and Technology \nSKILLS \nMicrosoft O\ufb03ce \nSAP Business Pro \nOutlook \nVOLUNTEER EXPERIENCE \nRegistered Member \nAl-Khidmat Foundation Pakistan \n09/2023 - Present\n, \n \nORGANIZATIONS \nLoopTex\n (12/2012 - 12/2013)\n \nTechnology Upgradation and Skill Development\nCompany\n (05/2012 - 10/2012)\n \nHONOR AWARDS \nInclusive Education Seminar\n (12/2010)\n \nName of the institution that issued/awarded it \nLANGUAGES \nEnglish \nFull Professional Pro\ufb01ciency \nUrdu \nFull Professional Pro\ufb01ciency \nSUPPORTED CAUSES \nWorld Food Programme by UN \nINTERESTS \nSocial Media \nBook Reading \nWorkout and exercise \nAchievements/Tasks \nAchievements/Tasks \nAchievements/Tasks \nAchievements/Tasks "
    },
    "details": {
        "name": "",
        "number": "",
        "skills": [],
        "email_id": "",
        "location": "",
        "projects": [],
        "education": [],
        "achievements": [],
        "publications": [],
        "certifications": [],
        "additional_urls": [],
        "executive_summary": "",
        "employment_history": []
    }
}