{
    "output": {
        "justification": [],
        "scores": {
            "macro_scores": [],
            "micro_scores": [],
            "requirements": [],
            "aggregated_scores": {}
        },
        "personal_info": {},
        "valid_resume_and_jd": false
    },
    "input": {
        "job_description": "Join **TechVentures Inc.** as a **Senior Project Manager** where you'll oversee the delivery of key data management and analytics projects. We are looking for an innovative leader who can set and uphold delivery standards, while managing cross-functional teams to achieve the highest levels of service excellence. Your expertise in pre-sales, solution architecture, and client relationship management will drive our expansion into new markets and optimize existing processes.\n\n### Key Responsibilities:\n- Lead and manage complex data analytics and management projects from inception through completion.\n- Develop and implement quality and project management systems to align with organizational goals.\n- Coordinate solutions architecture and pre-sales activities, including the preparation of RFPs and EOIs.\n- Mentor and guide junior team members in professional development and project execution.\n- Engage with clients to deliver tailored business solutions and improve customer satisfaction.\n- Collaborate with other departments to identify improvement opportunities and streamline processes.\n\n### Preferred Skills:\n- Proficiency in data tools such as PowerBI, Oracle DV, and Tableau.\n- Strong understanding of software development methodologies including Agile and SCRUM.\n- Demonstrated ability to lead large technical teams and handle stakeholder communications effectively.\n- Expertise in business intelligence implementation and enterprise data warehousing.\n\n### Why Join Us?\n- Opportunity to work on impactful projects with global reach.\n- Collaborative and inclusive work environment.\n- Continuous learning and professional development opportunities.\n\nBecome a part of a team that values integrity, excellence, and innovation, and help us redefine what's possible in the tech industry.",
        "macro_dict": {
            "leadership": 29,
            "project management experience": 71
        },
        "micro_dict": {
            "quality management systems": 100
        },
        "additional_info": "Preferred universities include National University of Computer and Emerging Sciences in Pakistan and equivalent institutions. We offer relocation support for candidates based outside of the hiring city, subject to management approval. Skills are assessed through a combination of technical tests, project management case studies, and panel interviews consisting of departmental heads and HR representatives.",
        "minimum_requirements": [
            "Master's degree in Computer Science, Business Administration, or related field"
        ],
        "resume": "Glip glop went the zoogleberries as they danced on the moonlit surface of the shimmering Biscon Sea. Meanwhile, in the bustling city of Xyphoria, the annual Turnip Festival was in full swing. The air was filled with the aroma of roasted turnips and the sound of folk music played by the notorious band, The Radish Rhapsodists.\n\nIn a corner of the festival, beneath the vibrant canopy of an orange and purple tent, two friends, Lila and Fynn, sat on wooden stools sipping their favorite brew, Turnip Tipple.\n\n\"Did you hear about the great blorg fiasco in Sector 7?\" Fynn asked, adjusting his plaid cap.\n\n\"No, what happened?\" Lila replied, her curiosity piqued.\n\n\"Apparently, a shipment of giggleberries got mixed in with the blorgs, and now half the sector is bouncing around like they're on trampolines,\" Fynn explained, gesturing wildly.\n\nLila chuckled. \"Oh, the chaos! Imagine if they had mixed in snorfleberries instead\u2014those would have turned everyone a shade of polka-dot blue!\"\n\nJust then, the sky lit up with a dazzling display of fireworks, painting abstract patterns across the stars. The crowd oohed and aahed, mesmerized by the flickering specter of colors.\n\nAs the final firework boomed and faded away, a hush fell over the festival grounds, echoing a sense of wonder. Lila and Fynn savored the moment, knowing that despite the absurdities of life\u2014blorgs, snorfleberries, and all\u2014they wouldn't trade this wacky world for anything."
    },
    "details": {
        "name": "",
        "number": "",
        "skills": [],
        "email_id": "",
        "location": "",
        "projects": [],
        "education": [],
        "achievements": [],
        "publications": [],
        "certifications": [],
        "additional_urls": [],
        "executive_summary": "",
        "employment_history": []
    }
}