{
    "output": {
        "justification": [],
        "scores": {
            "macro_scores": [],
            "micro_scores": [],
            "requirements": [],
            "aggregated_scores": {}
        },
        "personal_info": {},
        "valid_resume_and_jd": false
    },
    "input": {
        "job_description": "### Key Account Manager at LuxoTech Solutions\n\n**Location:** Karachi, Pakistan\n\n**Department:** Sales and Marketing\n\n**Reports to:** Director of Sales\n\n**Role Overview:**\nJoin LuxoTech Solutions as a Key Account Manager where you will be responsible for managing major accounts in the Retail & Hospitality segments across Pakistan. You will drive sales growth by managing existing accounts and developing strategies for new accounts. Your role will involve coordinating with cross-functional teams, analyzing market trends, and leading initiatives to meet revenue targets.\n\n#### Responsibilities:\n- Manage a portfolio of 15+ key accounts, comprising both end-users and channel partners.\n- Drive expansion into new market segments by identifying and engaging with potential leads.\n- Develop and execute account management strategies to achieve 110% target attainment in revenue.\n- Utilize data analysis tools such as Power BI to assess market trends and generate insights.\n- Coordinate with internal teams including marketing and operations to ensure strategic alignment.\n- Lead contract negotiations and manage pricing strategies to optimize profitability.\n- Report on account performance and market opportunities to senior management regularly.\n\n#### Essential Skills:\n- Strong leadership and stakeholder management skills.\n- Proficiency in data analysis and forecasting to inform decision-making.\n- Experience with tools such as Salesforce, Vistex, and SAP ERP for managing sales functions.\n- Excellent communication skills for client interactions and internal collaborations.\n\n#### Qualifications:\n- Master's degree preferred; Bachelor's degree in Business Administration or related field is required.\n- 5+ years of experience in sales management or business development, with a focus on key account management.\n- Demonstrated success in growing accounts and achieving revenue targets.\n\n#### Benefits:\n- Competitive salary with performance bonuses.\n- Professional development opportunities and access to industry seminars.\n- Flexible working hours.",
        "macro_dict": {
            "leadership": 50,
            "strategic thinking": 50
        },
        "micro_dict": {
            "data analysis": 34,
            "sap erp": 38,
            "vistex": 28
        },
        "additional_info": "LuxoTech Solutions values diversity and seeks candidates from a variety of backgrounds and experiences. Preferred institutions include the Institute of Business Administration, Karachi, and FAST NUCES. The company supports hybrid work arrangements and offers relocation assistance for exceptional candidates. Skills are assessed through a combination of technical tests, case studies, and structured interviews with panel members from various departments.",
        "minimum_requirements": [
            "Experience with CRM and ERP systems such as SAP and Salesforce",
            "Proficiency in data analysis and forecasting tools"
        ],
        "resume": "Once upon a tuna, a walrus and a troubadour danced a tango on a trampoline. Suddenly, a kaleidoscope of butterflies serenaded a rainbow-colored mongoose with a ukulele. Meanwhile, the sun decided to paint the sky with polka dots, and the clouds giggled in fluffy applause.\n\nIn the midst of this nonsensical reverie, Quantum Bob and Parallel Sue discussed the feasibility of time-traveling toast. \"If bread can be buttered in a different dimension,\" mused Quantum Bob, \"think of the marmalade possibilities!\" Parallel Sue nodded sagely, adjusting her holographic glasses, and remarked, \"Indeed, the future is crumby, yet delicious.\"\n\nElsewhere in a technicolor forest, a digital squirrel ordered espresso from a quantum cafe, while a holographic hedgehog broadcast a podcast about existential porridge. Their listeners, the pixelated pidgeons, found the conversation riveting and tweeted their reviews in 8-bit song.\n\nMeanwhile, the giraffes on stilts and the platypus in plaid debated the merits of narwhal naval navigation and pondered the philosophical implications of donut-shaped planets. And so, in this world where logic took a holiday, everything made perfect sense\u2014at least until the next commercial break, when reality would resume its regularly scheduled programming."
    },
    "details": {
        "name": "",
        "number": "",
        "skills": [],
        "email_id": "",
        "location": "",
        "projects": [],
        "education": [],
        "achievements": [],
        "publications": [],
        "certifications": [],
        "additional_urls": [],
        "executive_summary": "",
        "employment_history": []
    }
}