{
    "output": {
        "justification": [],
        "scores": {
            "macro_scores": [],
            "micro_scores": [],
            "requirements": [],
            "aggregated_scores": {}
        },
        "personal_info": {},
        "valid_resume_and_jd": false
    },
    "input": {
        "job_description": "\uf095  03214501033 \uf0e0sherazb35@gmail.com \uf041  Lahore | Pakistan\nEducation\nNational College Of Business\nAdministration & Economics\nBBA (Hon's), Management  |\nLahore\nSeptember 2019\nKIPS COLLEGE\nI.COM , Accounting  | Lahore\nMay 2015\nAmerican International School\nMatriculation , Science  | Lahore\nJune 2013\nCertifications\nInternship Certificate\nThe Bank of Punjab\nStarting September 2015\nInternship certificate\nLasani Goods & company\nStarting March 2015\nSkills\nproblem solving skills.\nSocial Media\nMarketing\nAwards\nBest Quran Recitation Award ,\nKIPS college society\nBest speech Award\nMay 2009\nIndustry\nManufacturing\nFunctional Area\nMarketing\nOperations\nAdministration And Office\nSupport\nAccounts, Finance & Financial\nServices\nLanguages\nEnglish - Native\nUrdu - Native\nGan Chinese - Beginner\nHobbies\nSheraz Imtiaz\n27 years old\nMarketing Officer @ Asian Calibration Services Pvt Ltd.\nSummary\nI am highly motivated and proactive person. I am currently looking to resume my professional\ncareer Where i could be able to utilize my analytical skills and business knowledge.\nSpecialities\nAnalytical Skills100%\ncommunication\nskills100%\ninterpersonal\nskills100%\nproblem\nsolving skills.100%\nleadership\nskills80%\n\u2192 Work Experience\n10MonthsOct 2021 - PresentMarketing Officer\nAsian Calibration Services Pvt Ltd.\nAs a Marketing Officer my core domain is to find & mature clients through social media\nplatfroms or through direct meetings.\nHandle Marketing Campaigns.\nListen Client inquiry and share the Proposal with Client.\nOnce Client aprroved our Proposal, my job is to confirm when our technical team visit client\nsite to perform Calibration work.\nAfter Calibration work my job is to share the invoice with Client.\nI am also responsible for payment recoveries.\n12MonthsSep 2020 - Sep 2021Bank Finance Coordinator\nPantera Energy Pvt Ltd\nAs a Bank Finance Coordinator, i gather all the necessary information from our client's to\npursue solar Financing Case.\nAfter that i prepare Solar financing case and send to the Bank which are on our Company\nPanel.\nI call Banker and ask him about the financing cases progress and update our client's.\nI was also responsible for recover the payment from Bank.\nAs a Bank Finance Coordinator my job is to Facilitate the clients who wants install solar on Bank\nFinancing.\n6MonthsFeb 2020 - Aug 2020Account Executive\nPantera Energy (pvt) Ltd\nAs an Account Executive my job is to Maintain data in Quick book & Bizz Trax\nEnter Petty Cash Bills in both Softwares\nEnter Receipt  & Expense voucher in Quick book\nReconsile all Payable & Receivable data\n21MonthsApr 2017 - Jan 2019Assistant Marketing Executive\nQamer Oil Mills\nBadminton\nArticle Reading\nSnooker\nActingI promote company products through Social media platforms and also launch campaign in\ntargeted areas.\nAs an assistant marketing executive i also develop sale strategies.\ni also collect petty cash from our client's\ni was also responsible for organizing the event in different public places.\n\u2192 Work Experience\n7MonthsJul 2016 - Feb 2017Product sale executive\nFuture Now (Pvt) Limited\nAs a product sale executive my job was to take order from our Canadian based customers.\nI also offer some add-ons to our customer according to company policies.\nI send his order to the nearest shop of customer location & my campaign name was Pizza 73.\n\u2192 Projects\nMar 2019 - Aug 2019How can celebrities influence on consumer buying decision\n",
        "macro_dict": {
            "experience": 100
        },
        "micro_dict": {
            "sales management": 19,
            "data analysis": 23,
            "stakeholder management": 1,
            "sap erp": 24,
            "salesforce": 30,
            "vistex": 3
        },
        "additional_info": "LuxoTech Solutions values diversity and seeks candidates from a variety of backgrounds and experiences. Preferred institutions include the Institute of Business Administration, Karachi, and FAST NUCES. The company supports hybrid work arrangements and offers relocation assistance for exceptional candidates. Skills are assessed through a combination of technical tests, case studies, and structured interviews with panel members from various departments.",
        "minimum_requirements": [
            "Bachelor's degree in Business Administration or related field"
        ],
        "resume": "\uf095  03214501033 \uf0e0sherazb35@gmail.com \uf041  Lahore | Pakistan\nEducation\nNational College Of Business\nAdministration & Economics\nBBA (Hon's), Management  |\nLahore\nSeptember 2019\nKIPS COLLEGE\nI.COM , Accounting  | Lahore\nMay 2015\nAmerican International School\nMatriculation , Science  | Lahore\nJune 2013\nCertifications\nInternship Certificate\nThe Bank of Punjab\nStarting September 2015\nInternship certificate\nLasani Goods & company\nStarting March 2015\nSkills\nproblem solving skills.\nSocial Media\nMarketing\nAwards\nBest Quran Recitation Award ,\nKIPS college society\nBest speech Award\nMay 2009\nIndustry\nManufacturing\nFunctional Area\nMarketing\nOperations\nAdministration And Office\nSupport\nAccounts, Finance & Financial\nServices\nLanguages\nEnglish - Native\nUrdu - Native\nGan Chinese - Beginner\nHobbies\nSheraz Imtiaz\n27 years old\nMarketing Officer @ Asian Calibration Services Pvt Ltd.\nSummary\nI am highly motivated and proactive person. I am currently looking to resume my professional\ncareer Where i could be able to utilize my analytical skills and business knowledge.\nSpecialities\nAnalytical Skills100%\ncommunication\nskills100%\ninterpersonal\nskills100%\nproblem\nsolving skills.100%\nleadership\nskills80%\n\u2192 Work Experience\n10MonthsOct 2021 - PresentMarketing Officer\nAsian Calibration Services Pvt Ltd.\nAs a Marketing Officer my core domain is to find & mature clients through social media\nplatfroms or through direct meetings.\nHandle Marketing Campaigns.\nListen Client inquiry and share the Proposal with Client.\nOnce Client aprroved our Proposal, my job is to confirm when our technical team visit client\nsite to perform Calibration work.\nAfter Calibration work my job is to share the invoice with Client.\nI am also responsible for payment recoveries.\n12MonthsSep 2020 - Sep 2021Bank Finance Coordinator\nPantera Energy Pvt Ltd\nAs a Bank Finance Coordinator, i gather all the necessary information from our client's to\npursue solar Financing Case.\nAfter that i prepare Solar financing case and send to the Bank which are on our Company\nPanel.\nI call Banker and ask him about the financing cases progress and update our client's.\nI was also responsible for recover the payment from Bank.\nAs a Bank Finance Coordinator my job is to Facilitate the clients who wants install solar on Bank\nFinancing.\n6MonthsFeb 2020 - Aug 2020Account Executive\nPantera Energy (pvt) Ltd\nAs an Account Executive my job is to Maintain data in Quick book & Bizz Trax\nEnter Petty Cash Bills in both Softwares\nEnter Receipt  & Expense voucher in Quick book\nReconsile all Payable & Receivable data\n21MonthsApr 2017 - Jan 2019Assistant Marketing Executive\nQamer Oil Mills\nBadminton\nArticle Reading\nSnooker\nActingI promote company products through Social media platforms and also launch campaign in\ntargeted areas.\nAs an assistant marketing executive i also develop sale strategies.\ni also collect petty cash from our client's\ni was also responsible for organizing the event in different public places.\n\u2192 Work Experience\n7MonthsJul 2016 - Feb 2017Product sale executive\nFuture Now (Pvt) Limited\nAs a product sale executive my job was to take order from our Canadian based customers.\nI also offer some add-ons to our customer according to company policies.\nI send his order to the nearest shop of customer location & my campaign name was Pizza 73.\n\u2192 Projects\nMar 2019 - Aug 2019How can celebrities influence on consumer buying decision\n"
    },
    "details": {
        "name": "",
        "number": "",
        "skills": [],
        "email_id": "",
        "location": "",
        "projects": [],
        "education": [],
        "achievements": [],
        "publications": [],
        "certifications": [],
        "additional_urls": [],
        "executive_summary": "",
        "employment_history": []
    }
}