{
    "output": {
        "justification": [],
        "scores": {
            "macro_scores": [],
            "micro_scores": [],
            "requirements": [],
            "aggregated_scores": {}
        },
        "personal_info": {},
        "valid_resume_and_jd": false
    },
    "input": {
        "job_description": "Teamwork\nResearch\nCommunication\nManagement\n 03111333980, 0345-4736789\nMuneeb.malik2408@gmail.com,\nMuneeb.malik606@gmail.com\n81-D1, Nespak Society, Lahore\nAbout Me\nExperienceEducationSkills Personal Skills\nContactAn accomplished & dynamic professional with 10 years of experience and a strong\nbackground that plays a vital role in developing, managing, growing and retaining key\naccounts for a wide range of organizations. Service-centric leader dedicated to fueling\nrevenue, enhancing customer experience and achieving top brand loyalty.Highly adept at\nperforming high- pressure and time-consuming environments including full aspects of sales.\nSecured high-value accounts through\nconsultative selling.\nOffered each customer top-notch,\npersonal service and polite support to\nboost sales and customer satisfaction.Manage and adhere to all PSQCA-related\nlaws and regulations.\n Manage and Support the accreditation of\nthe plant.Corporate Sales Manager (July 2022-\nContinue )- Sign InMBA-Executive (2014-2016) -\nSpecialization: Marketing/Management,\n      IAS-PU Lhore\nGraduate-Post Production(Animations)\n(2009-2010), Specialization: CGI -Artist VFX,\nApplications: Motion Graphics, ,3d MAX auto\ndesk adobe illustrator-NCA Lahore\nMuneeb Ahmed Malik\nBUSINESS DEVELOPMENT MANAGER/\nKEY ACCOUNT MANAGER\nAccount Development\nHigh-impact sales presentations\nRevenue Increase\nServices optimization\nB to B sales expert\n \nManager (RO Plant) -(January 2020-\nContinue)-Aqua MineImplemented up-selling strategies such\nas recommending accessories and\ncomplementary purchases to boost\nrevenue.\nIdentified and capitalized on lucrative\nsales opportunities, successfully included\nnew corporate clients.\nCorporate Accounts Management\nYa SAT Sales and Business Development\nDeveloped successful online sales\noperations from\nscratch by establishing and following\nstrategic vision, mission and operational\nplansAchieved sales goals and service targets\nby leveraging interpersonal\ncommunication skills and product\nknowledge to cultivate and secure new\ncustomer relationships.\nOffered each customer top-notch,\npersonal service and polite support to\nboost sales and customer satisfaction.\nBuilt reputation by providing reliable\nbackhaul connectivity services to\nPakistan's leading ISPs and telecom\noperators.\nProduced and submitted weekly reports\noutlining progress against KPI objectives.\nExceeded targets by building, directing\nand motivating a high-performing sales\nteam.Key Account Manager (2015-2020 )-\nTransworld Associates\nAssistant Manager Sales & Business\nDevelopment (March 2020-\nDecember 2020), Infinit Connections\nPresents and promotes the Infinit\nbrand; creates new avenues for\nrevenue growth using both direct and\nindirect channels.\nCollaborates closely with marketing\nand product development teams; the\npurpose is to create a campaign path\nfor the marketing strategy that is\nstrongly aligned with the key selling\npoints and attributes of the\ncompany\u2019s new product\nSales Associate (2011-2014\nSupernet (Pvt.) LimitedDirect SaleS & Service Executive\n(2010-2011)-Wateen Telecom\nCollaborated with internal market price\npoints and set structures to achieve profit\ntargets.\nWorked with stakeholders to formulate a\nbusiness direction for presentation and\npromotion of products.\nPlayed an instrumental role in closing\ncorporate deals SOHO, SME'S Packages.\nMonitored customer buying trends, market\nconditions and competitor actions to\nadjuststrategies and achieve sales goal\nReference \nReferences will be furnished uponrequest.\nBusiness Development Manager\nMarkiTech -Locatemotion(SenSights.AI )\n(January 2021- 2022)\nHelped Industries into Digital\nTransformation & Business Process\nOutsourcingProviding Management and direction to\nthe Operations Team.\n Manage the work of suppliers onsite\nand ensure their work meets all\nrequirements and standards of work. \n Management All over Production of the\nPlant alone.\n Respond to Plant needs after hours.\n Offered technical assistance as\nneeded.\nMonitored budget costs and planning\nto ensure compliance.\nHandled the entire supply chain and\npurchases by myself.",
        "macro_dict": {
            "experience": 28,
            "strategic planning": 72
        },
        "micro_dict": {
            "salesforce": 100
        },
        "additional_info": "MarketPros Enterprises values diversity in hiring and encourages applications from seasoned business professionals with varied backgrounds. Preferred universities include Ivy League institutions and top business schools. We offer relocation benefits for exceptional candidates and facilitate remote working arrangements. Technical and strategic competencies are assessed through a mix of psychometric evaluations and case study interviews.",
        "minimum_requirements": [
            "Proficiency in CRM tools like Salesforce or HubSpot",
            "5+ years of experience in business development or sales management",
            "Bachelor's degree in Business Administration or related field"
        ],
        "resume": "Teamwork\nResearch\nCommunication\nManagement\n 03111333980, 0345-4736789\nMuneeb.malik2408@gmail.com,\nMuneeb.malik606@gmail.com\n81-D1, Nespak Society, Lahore\nAbout Me\nExperienceEducationSkills Personal Skills\nContactAn accomplished & dynamic professional with 10 years of experience and a strong\nbackground that plays a vital role in developing, managing, growing and retaining key\naccounts for a wide range of organizations. Service-centric leader dedicated to fueling\nrevenue, enhancing customer experience and achieving top brand loyalty.Highly adept at\nperforming high- pressure and time-consuming environments including full aspects of sales.\nSecured high-value accounts through\nconsultative selling.\nOffered each customer top-notch,\npersonal service and polite support to\nboost sales and customer satisfaction.Manage and adhere to all PSQCA-related\nlaws and regulations.\n Manage and Support the accreditation of\nthe plant.Corporate Sales Manager (July 2022-\nContinue )- Sign InMBA-Executive (2014-2016) -\nSpecialization: Marketing/Management,\n      IAS-PU Lhore\nGraduate-Post Production(Animations)\n(2009-2010), Specialization: CGI -Artist VFX,\nApplications: Motion Graphics, ,3d MAX auto\ndesk adobe illustrator-NCA Lahore\nMuneeb Ahmed Malik\nBUSINESS DEVELOPMENT MANAGER/\nKEY ACCOUNT MANAGER\nAccount Development\nHigh-impact sales presentations\nRevenue Increase\nServices optimization\nB to B sales expert\n \nManager (RO Plant) -(January 2020-\nContinue)-Aqua MineImplemented up-selling strategies such\nas recommending accessories and\ncomplementary purchases to boost\nrevenue.\nIdentified and capitalized on lucrative\nsales opportunities, successfully included\nnew corporate clients.\nCorporate Accounts Management\nYa SAT Sales and Business Development\nDeveloped successful online sales\noperations from\nscratch by establishing and following\nstrategic vision, mission and operational\nplansAchieved sales goals and service targets\nby leveraging interpersonal\ncommunication skills and product\nknowledge to cultivate and secure new\ncustomer relationships.\nOffered each customer top-notch,\npersonal service and polite support to\nboost sales and customer satisfaction.\nBuilt reputation by providing reliable\nbackhaul connectivity services to\nPakistan's leading ISPs and telecom\noperators.\nProduced and submitted weekly reports\noutlining progress against KPI objectives.\nExceeded targets by building, directing\nand motivating a high-performing sales\nteam.Key Account Manager (2015-2020 )-\nTransworld Associates\nAssistant Manager Sales & Business\nDevelopment (March 2020-\nDecember 2020), Infinit Connections\nPresents and promotes the Infinit\nbrand; creates new avenues for\nrevenue growth using both direct and\nindirect channels.\nCollaborates closely with marketing\nand product development teams; the\npurpose is to create a campaign path\nfor the marketing strategy that is\nstrongly aligned with the key selling\npoints and attributes of the\ncompany\u2019s new product\nSales Associate (2011-2014\nSupernet (Pvt.) LimitedDirect SaleS & Service Executive\n(2010-2011)-Wateen Telecom\nCollaborated with internal market price\npoints and set structures to achieve profit\ntargets.\nWorked with stakeholders to formulate a\nbusiness direction for presentation and\npromotion of products.\nPlayed an instrumental role in closing\ncorporate deals SOHO, SME'S Packages.\nMonitored customer buying trends, market\nconditions and competitor actions to\nadjuststrategies and achieve sales goal\nReference \nReferences will be furnished uponrequest.\nBusiness Development Manager\nMarkiTech -Locatemotion(SenSights.AI )\n(January 2021- 2022)\nHelped Industries into Digital\nTransformation & Business Process\nOutsourcingProviding Management and direction to\nthe Operations Team.\n Manage the work of suppliers onsite\nand ensure their work meets all\nrequirements and standards of work. \n Management All over Production of the\nPlant alone.\n Respond to Plant needs after hours.\n Offered technical assistance as\nneeded.\nMonitored budget costs and planning\nto ensure compliance.\nHandled the entire supply chain and\npurchases by myself."
    },
    "details": {
        "name": "",
        "number": "",
        "skills": [],
        "email_id": "",
        "location": "",
        "projects": [],
        "education": [],
        "achievements": [],
        "publications": [],
        "certifications": [],
        "additional_urls": [],
        "executive_summary": "",
        "employment_history": []
    }
}