{
    "output": {
        "justification": [],
        "scores": {
            "macro_scores": [],
            "micro_scores": [],
            "requirements": [],
            "aggregated_scores": {}
        },
        "personal_info": {},
        "valid_resume_and_jd": false
    },
    "input": {
        "job_description": "M\nUHAMMAD\nO\nMER\nG\nHAURI\nAddr ess\n:\nHouse\n#316,\nAhmad\nYar\nBlock,\nMustafa\nTown,\nWahdat\nRoad,\nLahore \nCell\n:\n+923014804531;\nEmail\n:\numar_ghauri@hotmail.com \nDate\nof\nBirth\n:\n23/04/1987 \nLinkedIn\nProfile:l i n k e d i n . c o m / i n / m u h a m m a d - o m e r - g h a u r i - 9 a b 0 6 a 2 6\nPROFESSIONAL\nSUMMARY\nObjective-driven\nand\nresults-oriented\nindividual\nskilled\nat\ndriving\ncorporate\ngrowth\nthrough \nstrategic\ninitiatives.\nSpecialized\nin\ndeveloping\nand\ncultivating\nnew\nbusiness\nprospects,\nforming \nrobust\nconnections,\nand\nleading\nsuccessful\ninitiatives.\nI\nam\ncommitted\nto\nproviding\noutstanding \nvalues\nand\nexceeding\nexpectations\nthrough\nseamless\ncollaboration\nwith\ncross-functional\nteams \nand\nbuilding\nstrong\nclient\nrelations\n.\nQUALIFICATION\nMasters\nof\nBusiness\nAdministration\nProfessional\nin\nMarketing,\nDecember\n2018 \nLahore\nSchool\nof\nEconomics\nM.Sc.\nBusiness\nStatistics\nand\nManagement,\nSeptember\n2009 \nPunjab\nUniversity\nEXPERIENCE\nWalee\nTechnologies\nPvt.\nLtd.\nSr.\nBusiness\nDevelopment\nand\nSales\nAnalyst\n(\nNovember\n2020-Present)\n\u25cf\nProactively\nidentify\nand\nengage\nwith\nprospective\nclients\nthrough\neffective\noutreach\ntechniques,\nsuch\nas\ncold\ncalling,\nemail\ncampaigns,\nand\nnetworking\n\u25cf\nGuide\nclients\nthrough\nthe\nonboarding\nprocess\nand\nensure\ntheir\nsatisfaction\nby\naddressing\nany\nquestions\nor\nconcerns\nthey\nmay\nhave\n\u25cf\nBuild\nand\nmaintain\nstrong\nrelationships\nwith\nclients\nto\nunderstand\ntheir\nbusiness\nneeds\nand\nprovide\ntailored\nsolutions\nthat\ndrive\ntheir\ngrowth\n\u25cf\nCollaborate\nwith\ninternal\nteams\nto\ndevelop\nand\nexecute\neffective\nmarketing\nstrategies\nthat\nalign\nwith\nclients'\ngoals\nand\nobjectives\n\u25cf\nPresent\nproposals\nto\nclients\nand\nprovide\nafter-sale\nservices\nto\nclients\nonboarded\nby\nme.Asian\nEducational\nPublishers.\nMarketing\nExecutive\n(\nMay\n2019-October\n2020\n)\n\u25cf\nMaintained\nstrong\nrelationships\nwith\nclients\nand\nidentified\nnew\nopportunities\nfor\ngrowth\nand\nexpansion\n\u25cf\nCommunicated\nmarketing\nstrategy\nto\nverify\nalignment\nwith\nsenior\nmanagement\nobjectives\n\u25cf\nWorked\nwith\ninternal\nteams\nto\nensure\nthe\ntimely\nand\naccurate\ndelivery\nof\nmarketing\nmaterials\nand\nassets\n\u25cf\nI\ndirected\nmarketing\nplans\nfor\n15+\nclients,\nproactively\nservicing\nneeds,\nmaintaining\nsatisfaction,\nand\nconsistently\nachieving\nprofit\ngoals.\nMindbridge\nCustomer\nFeedback\nOfficer\n(\nAugust\n2017-March\n2019)\n\u25cf\nManaged\ncustomer\ncomplaints\nand\ninquiries,\nproviding\ntimely\nand\neffective\nsolutions\nthat\nexceeded\ntheir\nexpectations\nand\nimproved\noverall\nsatisfaction\n\u25cf\nAchieved\ndaily\ntarget\nof\nconverting\n20\ndetractors\ninto\npromoters\nof\nthe\ncompany.\n\u25cf\nCollaborated\nwith\ninternal\nteams,\nsuch\nas\ntechnical\nsupport\nand\nbilling,\nto\naddress\ncustomer\nconcerns\nand\nensure\ntimely\nand\neffective\nsolutions\nJazz\nCustomer\nCare\nRepresentative\n(\nMarch\n2012-November\n2016)\n\u25cf\nDefused\ncustomer\nconcerns\nwith\nexceptional\nconflict\nand\nproblem-resolution\nskills.\n\u25cf\nManaged\nover\n200\nabove-customer\ncalls\nper\nday.\n\u25cf\nConsistently\nmet\nor\nexceeded\nkey\nperformance\nindicators,\nsuch\nas\ncall\nvolume,\nhandle\ntime,\nand\ncustomer\nsatisfaction\nscores\nCertifications\n\u25cf\nDigital\nMarketing\nfrom\nTDCP \n\u25cf\nInfluencer\nMarketing\nand\nDigital\nPR\nfrom\nLUMS\nSkills\n\u25cf\nMicrosoft\nWord,\nPowerPoint,\nand\nExcel \n\u25cf\nRelationship\nbuilding\nand\nretention",
        "macro_dict": {
            "leadership": 35,
            "experience": 38,
            "strategic thinking": 27
        },
        "micro_dict": {
            "stakeholder management": 15,
            "sap erp": 46,
            "salesforce": 39
        },
        "additional_info": "LuxoTech Solutions values diversity and seeks candidates from a variety of backgrounds and experiences. Preferred institutions include the Institute of Business Administration, Karachi, and FAST NUCES. The company supports hybrid work arrangements and offers relocation assistance for exceptional candidates. Skills are assessed through a combination of technical tests, case studies, and structured interviews with panel members from various departments.",
        "minimum_requirements": [
            "Bachelor's degree in Business Administration or related field",
            "Proficiency in data analysis and forecasting tools",
            "5+ years of experience in sales or key account management",
            "Experience with CRM and ERP systems such as SAP and Salesforce"
        ],
        "resume": "M\nUHAMMAD\nO\nMER\nG\nHAURI\nAddr ess\n:\nHouse\n#316,\nAhmad\nYar\nBlock,\nMustafa\nTown,\nWahdat\nRoad,\nLahore \nCell\n:\n+923014804531;\nEmail\n:\numar_ghauri@hotmail.com \nDate\nof\nBirth\n:\n23/04/1987 \nLinkedIn\nProfile:l i n k e d i n . c o m / i n / m u h a m m a d - o m e r - g h a u r i - 9 a b 0 6 a 2 6\nPROFESSIONAL\nSUMMARY\nObjective-driven\nand\nresults-oriented\nindividual\nskilled\nat\ndriving\ncorporate\ngrowth\nthrough \nstrategic\ninitiatives.\nSpecialized\nin\ndeveloping\nand\ncultivating\nnew\nbusiness\nprospects,\nforming \nrobust\nconnections,\nand\nleading\nsuccessful\ninitiatives.\nI\nam\ncommitted\nto\nproviding\noutstanding \nvalues\nand\nexceeding\nexpectations\nthrough\nseamless\ncollaboration\nwith\ncross-functional\nteams \nand\nbuilding\nstrong\nclient\nrelations\n.\nQUALIFICATION\nMasters\nof\nBusiness\nAdministration\nProfessional\nin\nMarketing,\nDecember\n2018 \nLahore\nSchool\nof\nEconomics\nM.Sc.\nBusiness\nStatistics\nand\nManagement,\nSeptember\n2009 \nPunjab\nUniversity\nEXPERIENCE\nWalee\nTechnologies\nPvt.\nLtd.\nSr.\nBusiness\nDevelopment\nand\nSales\nAnalyst\n(\nNovember\n2020-Present)\n\u25cf\nProactively\nidentify\nand\nengage\nwith\nprospective\nclients\nthrough\neffective\noutreach\ntechniques,\nsuch\nas\ncold\ncalling,\nemail\ncampaigns,\nand\nnetworking\n\u25cf\nGuide\nclients\nthrough\nthe\nonboarding\nprocess\nand\nensure\ntheir\nsatisfaction\nby\naddressing\nany\nquestions\nor\nconcerns\nthey\nmay\nhave\n\u25cf\nBuild\nand\nmaintain\nstrong\nrelationships\nwith\nclients\nto\nunderstand\ntheir\nbusiness\nneeds\nand\nprovide\ntailored\nsolutions\nthat\ndrive\ntheir\ngrowth\n\u25cf\nCollaborate\nwith\ninternal\nteams\nto\ndevelop\nand\nexecute\neffective\nmarketing\nstrategies\nthat\nalign\nwith\nclients'\ngoals\nand\nobjectives\n\u25cf\nPresent\nproposals\nto\nclients\nand\nprovide\nafter-sale\nservices\nto\nclients\nonboarded\nby\nme.Asian\nEducational\nPublishers.\nMarketing\nExecutive\n(\nMay\n2019-October\n2020\n)\n\u25cf\nMaintained\nstrong\nrelationships\nwith\nclients\nand\nidentified\nnew\nopportunities\nfor\ngrowth\nand\nexpansion\n\u25cf\nCommunicated\nmarketing\nstrategy\nto\nverify\nalignment\nwith\nsenior\nmanagement\nobjectives\n\u25cf\nWorked\nwith\ninternal\nteams\nto\nensure\nthe\ntimely\nand\naccurate\ndelivery\nof\nmarketing\nmaterials\nand\nassets\n\u25cf\nI\ndirected\nmarketing\nplans\nfor\n15+\nclients,\nproactively\nservicing\nneeds,\nmaintaining\nsatisfaction,\nand\nconsistently\nachieving\nprofit\ngoals.\nMindbridge\nCustomer\nFeedback\nOfficer\n(\nAugust\n2017-March\n2019)\n\u25cf\nManaged\ncustomer\ncomplaints\nand\ninquiries,\nproviding\ntimely\nand\neffective\nsolutions\nthat\nexceeded\ntheir\nexpectations\nand\nimproved\noverall\nsatisfaction\n\u25cf\nAchieved\ndaily\ntarget\nof\nconverting\n20\ndetractors\ninto\npromoters\nof\nthe\ncompany.\n\u25cf\nCollaborated\nwith\ninternal\nteams,\nsuch\nas\ntechnical\nsupport\nand\nbilling,\nto\naddress\ncustomer\nconcerns\nand\nensure\ntimely\nand\neffective\nsolutions\nJazz\nCustomer\nCare\nRepresentative\n(\nMarch\n2012-November\n2016)\n\u25cf\nDefused\ncustomer\nconcerns\nwith\nexceptional\nconflict\nand\nproblem-resolution\nskills.\n\u25cf\nManaged\nover\n200\nabove-customer\ncalls\nper\nday.\n\u25cf\nConsistently\nmet\nor\nexceeded\nkey\nperformance\nindicators,\nsuch\nas\ncall\nvolume,\nhandle\ntime,\nand\ncustomer\nsatisfaction\nscores\nCertifications\n\u25cf\nDigital\nMarketing\nfrom\nTDCP \n\u25cf\nInfluencer\nMarketing\nand\nDigital\nPR\nfrom\nLUMS\nSkills\n\u25cf\nMicrosoft\nWord,\nPowerPoint,\nand\nExcel \n\u25cf\nRelationship\nbuilding\nand\nretention"
    },
    "details": {
        "name": "",
        "number": "",
        "skills": [],
        "email_id": "",
        "location": "",
        "projects": [],
        "education": [],
        "achievements": [],
        "publications": [],
        "certifications": [],
        "additional_urls": [],
        "executive_summary": "",
        "employment_history": []
    }
}