{
    "output": {
        "justification": [],
        "scores": {
            "macro_scores": [],
            "micro_scores": [],
            "requirements": [],
            "aggregated_scores": {}
        },
        "personal_info": {},
        "valid_resume_and_jd": false
    },
    "input": {
        "job_description": "OBJECTIVE\nToenhancemyskillsthroughpassionate,Challenges,Careerorientedand\nmotivationaltasksbyworkinginadynamicenvironmentinpursuitofmywork\nexperience.Toworkasaspirited,competitiveandgrowasaproficient,innovative,\ncommittedpersonandtocontributemyprofessionalskillsasateamplayertoan\nesteemedorganizationwithaneverlearninganddynamicpropensityservingforself-\nactualization\u2019sprestige.\nPROFILE\nFatherName:MushtaqHussain\nDateofBirth.:15-12-1993\nCNICNo. :34301-4668599-1\nNationality :Pakistani\nMaritalStatus:Single\nReligion. :Islam\nEDUCATION\nQUALIFICATION YEARS. BOARD/UNIVERSITY\nLLB. 2021 UniversityofthePunjab\nI.R. 2021 UniversityoftheSargodha\nB.Com. 2017 UniversityofthePunjab\nI.Com 2014 BISEGujranwala\nMatric 2012 BISEGujranwala\nSKILLS\n\uf0b2BusinessDevelopment\n\uf0b2Communication\n\uf0b2Interpersonal\n\uf0b2MSOffice,BasicsComputer,windowsInstallation,internetBrowser&etc\u2026\u2026\n\uf0b2TeamPlayer\n\uf0b2AdaptabilityandFlexibility\n\uf0b2TimeManagement\n\uf0b2CustomerServiceandActiveListeningCURICULUMVITAE\nSHAHBAZAKMAL\nWORKINGEXPERIENCE\n\uf0762YearsworkingExperienceasa\u2018\u2019MarketingAssistantManager\u2019\u2019inOrbit\nMarketingConsultingCompany,Lahore&Islamabad.\n\uf0762YearsworkingExperienceasa\u201cAssistantManager\u201dinDominos,Hafizabad.\n\uf0761YearworkingExperienceasa\u201cAdmin\u201dinAspireGroupofCollege,Lahore.\n\uf0761YearworkingExperienceasa\u201cBusinessDevelopmentExecutive\u201datsyber\nadvancesolutionsandtechnologies.\n\uf0761YearWorkingExperienceasa\u201cSeniorBusinessDevelopmentExecutive\u201dat\nAspireAnalyticaSoftwareCompanyPrivateLimited\nLANGUAGE\n\uf076English,Urdu,Punjabi\nCONTACT\nSb144368@gmail.com\n+923425245234\n+923024299315\nNewGardenTownLahore\nHOBBIES\nPhotography Reading\nMusic Writing\nREFERENCE\nWillbefurnishedondemand\n",
        "macro_dict": {
            "leadership": 47,
            "experience": 46,
            "innovation and adaptability": 7
        },
        "micro_dict": {
            "c++, html, css": 32,
            "business intelligence tools (power bi, sql, tableau)": 1,
            "crm and data management": 27,
            "digital marketing skills": 1,
            "project management": 39
        },
        "additional_info": "Innovate Connections Inc. prefers candidates from recognized universities such as the University of Management & Technology and Lahore School of Economics. We encourage a remote working environment but require physical presence for team-building and strategic sessions twice a quarter. Relocation assistance is available for exceptional candidates. Our comprehensive assessment includes a technical test followed by structured interviews to evaluate both technical and soft skills comprehensively.",
        "minimum_requirements": [
            "Proficiency in at least one programming language",
            "3+ years of experience in lead generation or business intelligence",
            "Experience with business intelligence tools such as Power BI, SQL, and Tableau",
            "Strong communication and interpersonal skills",
            "Bachelor's degree in Computer Science, Business, or a related field"
        ],
        "resume": "OBJECTIVE\nToenhancemyskillsthroughpassionate,Challenges,Careerorientedand\nmotivationaltasksbyworkinginadynamicenvironmentinpursuitofmywork\nexperience.Toworkasaspirited,competitiveandgrowasaproficient,innovative,\ncommittedpersonandtocontributemyprofessionalskillsasateamplayertoan\nesteemedorganizationwithaneverlearninganddynamicpropensityservingforself-\nactualization\u2019sprestige.\nPROFILE\nFatherName:MushtaqHussain\nDateofBirth.:15-12-1993\nCNICNo. :34301-4668599-1\nNationality :Pakistani\nMaritalStatus:Single\nReligion. :Islam\nEDUCATION\nQUALIFICATION YEARS. BOARD/UNIVERSITY\nLLB. 2021 UniversityofthePunjab\nI.R. 2021 UniversityoftheSargodha\nB.Com. 2017 UniversityofthePunjab\nI.Com 2014 BISEGujranwala\nMatric 2012 BISEGujranwala\nSKILLS\n\uf0b2BusinessDevelopment\n\uf0b2Communication\n\uf0b2Interpersonal\n\uf0b2MSOffice,BasicsComputer,windowsInstallation,internetBrowser&etc\u2026\u2026\n\uf0b2TeamPlayer\n\uf0b2AdaptabilityandFlexibility\n\uf0b2TimeManagement\n\uf0b2CustomerServiceandActiveListeningCURICULUMVITAE\nSHAHBAZAKMAL\nWORKINGEXPERIENCE\n\uf0762YearsworkingExperienceasa\u2018\u2019MarketingAssistantManager\u2019\u2019inOrbit\nMarketingConsultingCompany,Lahore&Islamabad.\n\uf0762YearsworkingExperienceasa\u201cAssistantManager\u201dinDominos,Hafizabad.\n\uf0761YearworkingExperienceasa\u201cAdmin\u201dinAspireGroupofCollege,Lahore.\n\uf0761YearworkingExperienceasa\u201cBusinessDevelopmentExecutive\u201datsyber\nadvancesolutionsandtechnologies.\n\uf0761YearWorkingExperienceasa\u201cSeniorBusinessDevelopmentExecutive\u201dat\nAspireAnalyticaSoftwareCompanyPrivateLimited\nLANGUAGE\n\uf076English,Urdu,Punjabi\nCONTACT\nSb144368@gmail.com\n+923425245234\n+923024299315\nNewGardenTownLahore\nHOBBIES\nPhotography Reading\nMusic Writing\nREFERENCE\nWillbefurnishedondemand\n"
    },
    "details": {
        "name": "",
        "number": "",
        "skills": [],
        "email_id": "",
        "location": "",
        "projects": [],
        "education": [],
        "achievements": [],
        "publications": [],
        "certifications": [],
        "additional_urls": [],
        "executive_summary": "",
        "employment_history": []
    }
}