{
    "output": {
        "justification": [],
        "scores": {
            "macro_scores": [],
            "micro_scores": [],
            "requirements": [],
            "aggregated_scores": {}
        },
        "personal_info": {},
        "valid_resume_and_jd": false
    },
    "input": {
        "job_description": "## Join Our Dynamic Team as a Senior Sales and Marketing Executive\n\n### Position Overview\n\n[Acme Corp], a leader in providing cutting-edge digital marketing solutions, is on the hunt for a driven **Senior Sales and Marketing Executive** to play a key role in our growing team. You\u2019ll leverage your skills in sales management, business development, and digital marketing to drive business growth and maximize client satisfaction. Use your talent in leadership to mentor our young team, ensuring we hit key business targets while setting new standards in the industry.\n\n### Key Responsibilities\n- Drive sales strategies to achieve performance targets and expand our market reach.\n- Manage end-to-end sales processes including customer prospecting, lead generation, and closing sales. \n- Work collaboratively with the digital marketing team to conceive, manage, and execute marketing campaigns.\n- Utilize CRM tools such as HubSpot for tracking and analytics to boost sales efficiency.\n- Conduct market research and data analysis to inform business strategies.\n- Mentor new hires and facilitate continuous professional development.\n\n### Essential Skills and Experience\n- Proven experience in sales management and digital marketing (5+ years preferred).\n- Strong command over marketing automation tools and CRMs like HubSpot and Salesforce.\n- Ability to set strategic goals with excellent problem-solving and communication skills.\n- Aptitude for data visualization and analytics to drive informed marketing decisions.\n- Familiarity with SEO, SEM, email marketing campaigns, and business intelligence tools.\n- Demonstrated proficiency in leading and supervising a dynamic team environment.\n\n### What We Offer\n- Competitive salary and a comprehensive benefits package.\n- Opportunity to work with an innovative team and environment.\n- Continuous learning opportunities and growth potential within the company.\n\nJoin us to make an impact on the digital landscape and drive success!",
        "macro_dict": {
            "analytical skills": 100
        },
        "micro_dict": {
            "hubspot": 33,
            "email marketing": 14,
            "market research": 0,
            "data visualization": 53
        },
        "additional_info": "At Acme Corp, we prioritize candidates from diverse educational backgrounds with proven experience in high-pressure sales environments. We welcome graduates from reputable institutions but hold no particular preference for any university. Relocation support is available on a case-by-case basis. Skills assessment will include a practical marketing project to gauge capability in real-world scenarios, complemented by personal interviews to evaluate cultural fit and growth potential.",
        "minimum_requirements": [
            "Demonstrated ability in team leadership and mentoring"
        ],
        "resume": "Once upon a tuna, a walrus and a troubadour danced a tango on a trampoline. Suddenly, a kaleidoscope of butterflies serenaded a rainbow-colored mongoose with a ukulele. Meanwhile, the sun decided to paint the sky with polka dots, and the clouds giggled in fluffy applause.\n\nIn the midst of this nonsensical reverie, Quantum Bob and Parallel Sue discussed the feasibility of time-traveling toast. \"If bread can be buttered in a different dimension,\" mused Quantum Bob, \"think of the marmalade possibilities!\" Parallel Sue nodded sagely, adjusting her holographic glasses, and remarked, \"Indeed, the future is crumby, yet delicious.\"\n\nElsewhere in a technicolor forest, a digital squirrel ordered espresso from a quantum cafe, while a holographic hedgehog broadcast a podcast about existential porridge. Their listeners, the pixelated pidgeons, found the conversation riveting and tweeted their reviews in 8-bit song.\n\nMeanwhile, the giraffes on stilts and the platypus in plaid debated the merits of narwhal naval navigation and pondered the philosophical implications of donut-shaped planets. And so, in this world where logic took a holiday, everything made perfect sense\u2014at least until the next commercial break, when reality would resume its regularly scheduled programming."
    },
    "details": {
        "name": "",
        "number": "",
        "skills": [],
        "email_id": "",
        "location": "",
        "projects": [],
        "education": [],
        "achievements": [],
        "publications": [],
        "certifications": [],
        "additional_urls": [],
        "executive_summary": "",
        "employment_history": []
    }
}