{
    "output": {
        "justification": [],
        "scores": {
            "macro_scores": [],
            "micro_scores": [],
            "requirements": [],
            "aggregated_scores": {}
        },
        "personal_info": {},
        "valid_resume_and_jd": false
    },
    "input": {
        "job_description": "Aabeer Suhail\nBukhari \nInternational Business\nDevelopment Manager \nCon\ufb01dent, creative and highly pro\ufb01cient\nbusiness professional adept in foreign market\nentry, expansion and product launch in new\nterritories. \naabeerbukhar.as@gmail.com \n+92 321 4334769 \nLahore, Pakistan \nlinkedin.com/in/aabeer-suhail-bukhari-\n5b723019b \nWORK EXPERIENCE \nBusiness Development Manager \nWrangler Instruments \n06/2020 - Present\n, \n \nLahore, Pakistan \nManufacturer & Exporter of Surgical Instruments to EU & USA with an annual sales of $6m \nSecured the largest (by value of money) Purchase Order to date by a new\nclient based in Copenhagen, Denmark. (Initial value of 180,000 USD. The\naccumulate client purchase by far this year is approximately $1M) \nSuccessfully planned, negotiated and won a contract with UNICEF Supply\nDivision (03 year exclusive contract worth $1.5M per annum) \nIncreased the Revenue by 28% with an existing Key Account by heading a\nproject of oAering a new product (Market Regulations, Price break ups,\nForecasting, Packaging, Delivery). \nOrganized and attended meetings with existing key accounts \n& set up new\nmeetings with potential customers, travelled to 5+ EU Countries on a 02\nweek successful business trip representing the company. \nRepresented the company at an exhibition in the UAE, while also\nnegotiating contracts with potential clients in the UAE. \nExpanded the BD Department to a team of 03 Business Development\nODcers targeting diAerent market segments. \nDeveloped and implemented Market Entry Strategy for the \nNon-pro\ufb01t\nsector and marketing and sales plan for the OEM Sector for the year 2021-\n2022. \nDe\ufb01ned the Customer Acquisition Process along with Customer Persona\n(most pro\ufb01table) for organization by utilizing extensive market research\nand competitive analysis. \nFormulated SOPs as per Shareholder policies for the Business\nDevelopment Department. \nWorked with Regulatory Consultants to successfully ensure our products\ncan access new markets in EU (Swiss Rep, UKCA Compliance) while also\nheading projects for new regulations updating. \nBusiness Development Executive \nWrangler Instruments \n01/2020 - 06/2020\n, \n \nExpanded the clientage of the department by addition of 08 new long\nterm, sustainable and diverse customer partnerships from Portugal,\nUnited Kingdom, Belgium, Mongolia, Bangladesh, etc. \nInternational Marketing Executive \nThermosole Industries Pvt. Ltd. \n03/2019 - 11/2019\n, \n \nUnder the hood automobile aftermarket parts manufacturer & exporters to the EU \nSingle handedly drove 33% increase in international sales. \nDiversi\ufb01ed clientage by securing 3 new international clients from Spain &\nItaly. \nEDUCATION \nBachelors of Chemical Engineering \nCOMSATS University, Lahore / Lancaster University,\nUnited Kingdom \n09/2014 - 06/2018\n, \n \nCERTIFICATES \nKey Account Management, Breakthrough\nStrategies for Growing Valued Customer\n- Rausing Executive Development Centre,\nLUMS\n (07/2021 - 08/2021)\n \nEmployer Sponsored Corporate Training \nInternational Trade Managment, Import\nExport Procedures - PIMS, Lahore.\n (09/2019 - 10/2019)\n \nSelf-sponsored Diploma \nSKILLS \nRelationship Management \nInterpersonal Communication \nStrategy Development and Creative\nPlanning \nBrand Building & Strategy Enforcements \nCompetitive Analysis and Trend\nIdenti\ufb01cation \nNew Product and Packaging Ideas \nMarketing Research \nMarket Entry Strategy \nCustomer Acquisition \nPERSONAL PROJECTS \nBusiness Development Consultancy to a\nUS Based Client - Remotely\n (01/2022 - 03/2022)\n \nDrafted Customer Persona and Acquisition Plan\nfor an eAective Customer Pipeline accumulation. \nIdenti\ufb01ed gaps in existing BD Plan, Brand Persona\nand Online presence and suggested changes to be\nincorporated. \nSuggested Email Marketing and LinkedIn\nCampaign. \nWrote procedure and scripts for Cold & Warm\nCalls to prospects. \nAchievements/Tasks \nAchievements/Tasks \nAchievements/Tasks ",
        "macro_dict": {
            "project management experience": 59,
            "technical expertise": 41
        },
        "micro_dict": {
            "data management": 12,
            "pre-sales consulting": 24,
            "solution architecture": 9,
            "powerbi": 55
        },
        "additional_info": "Preferred universities include National University of Computer and Emerging Sciences in Pakistan and equivalent institutions. We offer relocation support for candidates based outside of the hiring city, subject to management approval. Skills are assessed through a combination of technical tests, project management case studies, and panel interviews consisting of departmental heads and HR representatives.",
        "minimum_requirements": [
            "Strong understanding of Agile and SCRUM methodologies",
            "Master's degree in Computer Science, Business Administration, or related field"
        ],
        "resume": "Aabeer Suhail\nBukhari \nInternational Business\nDevelopment Manager \nCon\ufb01dent, creative and highly pro\ufb01cient\nbusiness professional adept in foreign market\nentry, expansion and product launch in new\nterritories. \naabeerbukhar.as@gmail.com \n+92 321 4334769 \nLahore, Pakistan \nlinkedin.com/in/aabeer-suhail-bukhari-\n5b723019b \nWORK EXPERIENCE \nBusiness Development Manager \nWrangler Instruments \n06/2020 - Present\n, \n \nLahore, Pakistan \nManufacturer & Exporter of Surgical Instruments to EU & USA with an annual sales of $6m \nSecured the largest (by value of money) Purchase Order to date by a new\nclient based in Copenhagen, Denmark. (Initial value of 180,000 USD. The\naccumulate client purchase by far this year is approximately $1M) \nSuccessfully planned, negotiated and won a contract with UNICEF Supply\nDivision (03 year exclusive contract worth $1.5M per annum) \nIncreased the Revenue by 28% with an existing Key Account by heading a\nproject of oAering a new product (Market Regulations, Price break ups,\nForecasting, Packaging, Delivery). \nOrganized and attended meetings with existing key accounts \n& set up new\nmeetings with potential customers, travelled to 5+ EU Countries on a 02\nweek successful business trip representing the company. \nRepresented the company at an exhibition in the UAE, while also\nnegotiating contracts with potential clients in the UAE. \nExpanded the BD Department to a team of 03 Business Development\nODcers targeting diAerent market segments. \nDeveloped and implemented Market Entry Strategy for the \nNon-pro\ufb01t\nsector and marketing and sales plan for the OEM Sector for the year 2021-\n2022. \nDe\ufb01ned the Customer Acquisition Process along with Customer Persona\n(most pro\ufb01table) for organization by utilizing extensive market research\nand competitive analysis. \nFormulated SOPs as per Shareholder policies for the Business\nDevelopment Department. \nWorked with Regulatory Consultants to successfully ensure our products\ncan access new markets in EU (Swiss Rep, UKCA Compliance) while also\nheading projects for new regulations updating. \nBusiness Development Executive \nWrangler Instruments \n01/2020 - 06/2020\n, \n \nExpanded the clientage of the department by addition of 08 new long\nterm, sustainable and diverse customer partnerships from Portugal,\nUnited Kingdom, Belgium, Mongolia, Bangladesh, etc. \nInternational Marketing Executive \nThermosole Industries Pvt. Ltd. \n03/2019 - 11/2019\n, \n \nUnder the hood automobile aftermarket parts manufacturer & exporters to the EU \nSingle handedly drove 33% increase in international sales. \nDiversi\ufb01ed clientage by securing 3 new international clients from Spain &\nItaly. \nEDUCATION \nBachelors of Chemical Engineering \nCOMSATS University, Lahore / Lancaster University,\nUnited Kingdom \n09/2014 - 06/2018\n, \n \nCERTIFICATES \nKey Account Management, Breakthrough\nStrategies for Growing Valued Customer\n- Rausing Executive Development Centre,\nLUMS\n (07/2021 - 08/2021)\n \nEmployer Sponsored Corporate Training \nInternational Trade Managment, Import\nExport Procedures - PIMS, Lahore.\n (09/2019 - 10/2019)\n \nSelf-sponsored Diploma \nSKILLS \nRelationship Management \nInterpersonal Communication \nStrategy Development and Creative\nPlanning \nBrand Building & Strategy Enforcements \nCompetitive Analysis and Trend\nIdenti\ufb01cation \nNew Product and Packaging Ideas \nMarketing Research \nMarket Entry Strategy \nCustomer Acquisition \nPERSONAL PROJECTS \nBusiness Development Consultancy to a\nUS Based Client - Remotely\n (01/2022 - 03/2022)\n \nDrafted Customer Persona and Acquisition Plan\nfor an eAective Customer Pipeline accumulation. \nIdenti\ufb01ed gaps in existing BD Plan, Brand Persona\nand Online presence and suggested changes to be\nincorporated. \nSuggested Email Marketing and LinkedIn\nCampaign. \nWrote procedure and scripts for Cold & Warm\nCalls to prospects. \nAchievements/Tasks \nAchievements/Tasks \nAchievements/Tasks "
    },
    "details": {
        "name": "",
        "number": "",
        "skills": [],
        "email_id": "",
        "location": "",
        "projects": [],
        "education": [],
        "achievements": [],
        "publications": [],
        "certifications": [],
        "additional_urls": [],
        "executive_summary": "",
        "employment_history": []
    }
}