{
    "output": {
        "justification": [],
        "scores": {
            "macro_scores": [],
            "micro_scores": [],
            "requirements": [],
            "aggregated_scores": {}
        },
        "personal_info": {},
        "valid_resume_and_jd": false
    },
    "input": {
        "job_description": "saadkhan771994@gmail.com \n House No #131, Eastern\nBlock Bahria Orchard- Lahore  +923217503247 M u h a m m a d\nS a a d  K h a n\nASSISTANT SALES MANAGER\nI am a driven individual, that loves a\nchallenge. I have a few years of\nexperience in both sales and marketing\nacquired while working in the FMCG,\nprinting and courier industry.P E R S O N A L  S U M M A R YW O R K  E X P E R I E N C E\nE D U C A T I O N\nC O N T A C T\nE X P E R T I S EEnsuring smooth production and delivery of orders\nEnsuring monthly sales targets\nAcquisition of prospective clients\nOversight and management of assigned team\nClient relationship management\nExecution and oversight of assigned ordersKasmy Pack Ltd.\nAssistant Sales ManagerJuly 2019 - Present\nSales team management\nData analysis and sales forecasting\nMeeting and exceeding sales targets\nVendor relationship management \nAcquisition of new vendors to expand targeted\nterritoryBunny's Limited\nSales ExecutiveFeb 2018 - May 2018\nDouble Majors in Marketing & Finance (CGPA 3.28) Lahore School of Economics\nBBA (Honors)August 2013 - May 2017Major in Marketing (CGPA 3.2)Lahore School of Economics\nMBA August 2018-May 2019\nTeam Management\nClient Relationship Management\nConflict Management & ResolutionStrong Communication Skills\nSales Execution\nContract NegotiationP R O J E T C S\nS M E\nPrepared a detailed plan for the launch of an\nintermediary service named \"Auto App\".\nB r a n d i n g\nPrepared a marketing plan for the brand extension \nof Coca Cola.\nI n v e s t m e n t s\nConducted a detailed fundamental analysis of\nTandiaWala to make an investment decision",
        "macro_dict": {
            "client relationship management": 100
        },
        "micro_dict": {
            "pre-sales consulting": 26,
            "agile methodologies": 37,
            "quality management systems": 37
        },
        "additional_info": "Preferred universities include National University of Computer and Emerging Sciences in Pakistan and equivalent institutions. We offer relocation support for candidates based outside of the hiring city, subject to management approval. Skills are assessed through a combination of technical tests, project management case studies, and panel interviews consisting of departmental heads and HR representatives.",
        "minimum_requirements": [
            "Proficiency in using analytical software and tools like PowerBI and Oracle DV",
            "Master's degree in Computer Science, Business Administration, or related field",
            "10+ years of industry experience in project management and data analytics",
            "Strong understanding of Agile and SCRUM methodologies"
        ],
        "resume": "saadkhan771994@gmail.com \n House No #131, Eastern\nBlock Bahria Orchard- Lahore  +923217503247 M u h a m m a d\nS a a d  K h a n\nASSISTANT SALES MANAGER\nI am a driven individual, that loves a\nchallenge. I have a few years of\nexperience in both sales and marketing\nacquired while working in the FMCG,\nprinting and courier industry.P E R S O N A L  S U M M A R YW O R K  E X P E R I E N C E\nE D U C A T I O N\nC O N T A C T\nE X P E R T I S EEnsuring smooth production and delivery of orders\nEnsuring monthly sales targets\nAcquisition of prospective clients\nOversight and management of assigned team\nClient relationship management\nExecution and oversight of assigned ordersKasmy Pack Ltd.\nAssistant Sales ManagerJuly 2019 - Present\nSales team management\nData analysis and sales forecasting\nMeeting and exceeding sales targets\nVendor relationship management \nAcquisition of new vendors to expand targeted\nterritoryBunny's Limited\nSales ExecutiveFeb 2018 - May 2018\nDouble Majors in Marketing & Finance (CGPA 3.28) Lahore School of Economics\nBBA (Honors)August 2013 - May 2017Major in Marketing (CGPA 3.2)Lahore School of Economics\nMBA August 2018-May 2019\nTeam Management\nClient Relationship Management\nConflict Management & ResolutionStrong Communication Skills\nSales Execution\nContract NegotiationP R O J E T C S\nS M E\nPrepared a detailed plan for the launch of an\nintermediary service named \"Auto App\".\nB r a n d i n g\nPrepared a marketing plan for the brand extension \nof Coca Cola.\nI n v e s t m e n t s\nConducted a detailed fundamental analysis of\nTandiaWala to make an investment decision"
    },
    "details": {
        "name": "",
        "number": "",
        "skills": [],
        "email_id": "",
        "location": "",
        "projects": [],
        "education": [],
        "achievements": [],
        "publications": [],
        "certifications": [],
        "additional_urls": [],
        "executive_summary": "",
        "employment_history": []
    }
}