{
    "output": {
        "justification": [],
        "scores": {
            "macro_scores": [],
            "micro_scores": [],
            "requirements": [],
            "aggregated_scores": {}
        },
        "personal_info": {},
        "valid_resume_and_jd": false
    },
    "input": {
        "job_description": "## Lead Generation and Business Intelligence Specialist\n\nJoin **Innovate Connections Inc.** as a Lead Generation and Business Intelligence Specialist. You will play a pivotal role in driving business growth by spearheading lead generation initiatives and providing strategic insights through data analytics. We are looking for a highly skilled professional with a strong background in lead generation, data management, and business intelligence.\n\n### Key Responsibilities:\n- Develop and execute lead generation strategies using digital marketing techniques, cold calling, and data scraping tools.\n- Collaborate with cross-functional teams to optimize customer acquisition strategies.\n- Utilize CRM systems to manage and analyze client data for lead qualification.\n- Create and manage detailed project schedules and work plans, utilizing best practices and standards for project execution.\n- Develop financial models and business growth strategies based on data insights.\n- Utilize tools such as Power BI, SQL, and Tableau for developing comprehensive data reports and dashboards.\n\n### Desired Skills and Experience:\n- Strong programming skills in C++, HTML, and CSS.\n- Proficiency in digital marketing, email marketing, and social media platforms.\n- Experience in managing large data sets and using BI tools (Power BI, Excel, Tableau).\n- Excellent communication skills and ability to develop strong client relationships.\n- Ability to work independently and manage multiple projects simultaneously.\n\n### Why Innovate Connections Inc.?\n- We innovate at the forefront of technology and enable our team members to grow alongside the company.\n- We value data-driven decision-making and empower our teams with the right tools to succeed.\n- Offering a supportive work environment and opportunities for career advancement.\n\n### How to Apply:\nSubmit your resume and cover letter detailing your relevant experience and why you are interested in joining Innovate Connections Inc.",
        "macro_dict": {
            "innovation and adaptability": 100
        },
        "micro_dict": {
            "c++, html, css": 40,
            "business intelligence tools (power bi, sql, tableau)": 42,
            "digital marketing skills": 18
        },
        "additional_info": "Innovate Connections Inc. prefers candidates from recognized universities such as the University of Management & Technology and Lahore School of Economics. We encourage a remote working environment but require physical presence for team-building and strategic sessions twice a quarter. Relocation assistance is available for exceptional candidates. Our comprehensive assessment includes a technical test followed by structured interviews to evaluate both technical and soft skills comprehensively.",
        "minimum_requirements": [
            "Experience with business intelligence tools such as Power BI, SQL, and Tableau",
            "Bachelor's degree in Computer Science, Business, or a related field",
            "Strong communication and interpersonal skills"
        ],
        "resume": "Sure, here's a snippet of random text for you:\n\nIn the small, picturesque town of Lindenbrooke, where the hummingbirds danced like fairies in the morning light, there was a peculiar little shop nestled between the bakery and the old library. It was known as \"Elspeth's Curiosity Emporium,\" a place filled with oddities and wonders from distant lands. The air inside was thick with the scent of aged parchment and incense, punctuated by the soft ticking of countless clocks that adorned the walls.\n\nElspeth, the enigmatic shopkeeper with a penchant for the mystical, was known to spin tales as captivating as her inventory. It was said she possessed an ancient map marking the location of a hidden realm, accessible only during the autumn equinox. Curious visitors would often flock to the shop, hoping to catch a glimpse of this fabled parchment, though few ever succeeded.\n\nMeanwhile, outside the shop, a parade of stray cats elegantly prowled the cobblestone streets, their eyes gleaming with the secrets of the town. The clock tower chimed seven times, casting long shadows over the square, as the townsfolk bustled about, each lost in their own stories, weaving the rich tapestry of life in Lindenbrooke."
    },
    "details": {
        "name": "",
        "number": "",
        "skills": [],
        "email_id": "",
        "location": "",
        "projects": [],
        "education": [],
        "achievements": [],
        "publications": [],
        "certifications": [],
        "additional_urls": [],
        "executive_summary": "",
        "employment_history": []
    }
}