{
    "output": {
        "justification": [],
        "scores": {
            "macro_scores": [],
            "micro_scores": [],
            "requirements": [],
            "aggregated_scores": {}
        },
        "personal_info": {},
        "valid_resume_and_jd": false
    },
    "input": {
        "job_description": "### Digital Marketing Strategist at InnovateTech Corp\n\n**Location:** Lahore, Pakistan  \n**Position:** Full-Time  \n**Department:** Marketing \n\n**About Us:**  \nInnovateTech Corp is at the forefront of providing integrated digital solutions tailored to drive business success. Our expertise in leveraging technology to enhance branding and market reach sets us apart in the dynamic world of marketing.\n\n**Role Summary:**  \nWe are seeking a talented and experienced Digital Marketing Strategist to join our team. You will play a crucial role in designing, implementing, and managing digital marketing strategies aligned with our business goals. Your exceptional communication skills and marketing expertise will be pivotal in enhancing our online presence and fostering client relationships.\n\n**Key Responsibilities:**\n- Develop, implement, and manage marketing campaigns that promote the company and its products/services.\n- Enhance brand awareness in the digital space.\n- Drive website traffic and acquire leads/customers.\n- Manage social media strategy and presence.\n- Coordinate with the sales team to create marketing campaigns.\n- Drive strategies to ensure the achievement of marketing targets.\n\n**Skills & Competencies:**\n- Strong analytical and project management skills.\n- Deep understanding of how all digital marketing channels function.\n- Solid knowledge of online marketing tools and best practices.\n- Hands-on experience with SEO/SEM, Google Analytics, and CRM software.\n- Excellent verbal and written communication skills.\n- Strong decision-making and problem-solving skills.\n- Ability to manage multiple projects simultaneously and work collaboratively.\n\n**Why InnovateTech Corp?**\n- Innovative and growth-driven workplace.\n- Opportunities for professional development.\n- Competitive salary and benefits.\n\nJoin us to reshape the future of digital interaction and marketing!",
        "macro_dict": {
            "digital marketing experience": 38,
            "client relationship": 62
        },
        "micro_dict": {
            "seo/sem": 15,
            "google analytics": 26,
            "project management": 2,
            "crm software expertise": 27,
            "content development": 30
        },
        "additional_info": "Our company embraces diversity and is an equal opportunity employer. We encourage candidates from top universities such as Lahore School of Economics and University of Central Punjab. Relocation support is not provided; however, we offer a flexible work-from-home policy. Candidates will be assessed based on a comprehensive online skills test followed by behavioral interviews with the leadership team.",
        "minimum_requirements": [
            "2+ years of experience in digital marketing",
            "Strong project management and communication skills"
        ],
        "resume": "Sure! Here's a random piece:\n\nUnderneath the glowing canopy of stars, two shadows met at the edge of the clearing. \n\n\"Do you think it sees us?\" Lydia whispered, barely daring to breathe. \n\nMarcus adjusted his glasses, squinting through the darkness. \"It better not. We\u2019ve been careful enough.\"\n\nA soft, rustling breeze carried the scent of pine and something else, something old. In the distance, they could hear the distant hoot of an owl, punctuating the silence like a question mark left hanging in the night.\n\n\"The Guide said it was friendly, right?\" Lydia persisted, doubt tingling in her voice.\n\n\"Well, it said it's one of the friendlier ones. But they've got a curious nature about them. Cautious but not hostile,\" Marcus replied, flicking through the pages of a worn-out guidebook titled \"Mystical Entities of the Northern Woods.\"\n\nAs if on cue, a pair of luminous eyes blinked open from the shadows, reflecting the starlight. Lydia's heart skipped a beat, her fingers tightening around Marcus's sleeve.\n\n\"I think it's our chance,\" Marcus murmured, then slowly stepped forward, offering an open hand with a piece of granola.\n\nThe creature emerged, its fur shimmering with ethereal light, a blend of silver and midnight. It sniffed the air, then, with deliberate grace, approached them.\n\n\"So... any regrets?\" Marcus asked, his voice low and wondrous.\n\nLydia shook her head, eyes locked on the creature. \"None at all,\" she replied, and for a second, everything felt timeless.\n\nAs the sky began to tint with the first hues of dawn, one could imagine this was a tale they\u2019d tell for generations \u2013 of the night they met the guardian of the forest and realized some mysteries were meant to be lived, not just discovered."
    },
    "details": {
        "name": "",
        "number": "",
        "skills": [],
        "email_id": "",
        "location": "",
        "projects": [],
        "education": [],
        "achievements": [],
        "publications": [],
        "certifications": [],
        "additional_urls": [],
        "executive_summary": "",
        "employment_history": []
    }
}