{
    "output": {
        "justification": [],
        "scores": {
            "macro_scores": [],
            "micro_scores": [],
            "requirements": [],
            "aggregated_scores": {}
        },
        "personal_info": {},
        "valid_resume_and_jd": false
    },
    "input": {
        "job_description": "Muhammad Bilal Amin  \n+92-323-321-5863 | mbilal.amin@outlook.com | https://www.linkedin.com/in/muhammad -bilal-amin/  \nProfessional Experience            \nSignify Pakistan (Formerly Philips Pakistan)          \nKey Account Manager           Dec 2022 -Present  \n\u2022 Managing total of 15 Accounts Including both End Users and Channel Partners for Retail & Hospitality Business Across Pakistan  \n\u2022 Managing the largest EU account with approx. 700K EUR  business for Signify Pakistan.  \n\u2022 Started engagement with 10 different new fashion retail potential accounts in line with Signify\u2019s expansion strategy in R&H segment.  \n\u2022 Delivered and exceeded both top line and bottom -line targets with 120% attainment in topline in Q4 2022 .  \nToyota Pakistan (Indus Motor Company)  \nAssistant Manager Sales Planning  (Demand Planner)       Oct 2022 -Nov 202 2 \n\u2022 Improved the efficiency of the planning cycle with timely delivery of forecasting and planning report by at least 10%  \n\u2022 Made a reconciliation and availability tool for the better planning of CBU vehicles.   \n\u2022 Improve the MOM CBU invoicing performance by 100%.  \n\u2022 Strong coordination between marketing, sales,  and planning team to get the optimum demand forecast based on n+3 approach.  \nToyota Pakistan (Indus Motor Company)  \nAssistant Manager Network Expansion        Jul 2022 - Oct 2022  \n\u2022 Was part of the launch team for Toyota Gateway Motors  \n\u2022 Ensure all the branding is accurately done before the dealership launch.  \n\u2022 Learned and understood all the Toyota Policies and procedures for dealership opening.  \n\u2022 Researched the current dealership data across Pakistan auto sector and crea ted a dashboard (Power BI) analyzing the dealership \ndata in Pakistan in different metrics (dealership counts, geographies, average sales per dealership etc.) \nSignify Pakistan (Formerly Philips Pakistan)          \nCommercial Support Specialist  (Product Market ing)      April 2021 -Jun 2022  \n\u2022 Supported in Product Roadmap for the coming future portfolios.  \n\u2022 Conducting a succes sful training  for SFDC to Sub Sahar a Afri ca Market with more than 17 pe ople in training.  \n\u2022 Conducted anonymous market visits to get the primary insights of the current market/competition situation.  \n\u2022 Hands on command on Vistex Tool, trained the PMs in Pakistan on the use of Vistex.  \n\u2022 Communicating with the Marcom team regarding the ongoing and upcoming campaigns.  \n\u2022 Achieved 15% improvement in data quality of pricing activities by collaborating with region al commercial operations team to \nachieve monthly targets.  \n\u2022 Increased profitability by 10% by forecasting channel sales and IGM with 95% accuracy.  \n\u2022 Improved decision ma king by providing comprehensive weekly performance reports to the commercial head, resulting in a 20% \nimprovement.  \nSignify Pakistan (Formerly Philips Pakistan)          \nSales Support Officer (Contractual)         Jul 2020 -Mar 2021  \n\u2022 Coordinated national sales for professional lighting, resulting in 15% sales growth.  \n\u2022 Improved sales team productivity by 20% as key user for Sales Force Dot Com  \n\u2022 Provided weekly performance reports to commercial director, improving accuracy and timeliness by 25%  \n\u2022 Improv ed sales and profitability forecasting accuracy by 5%, resulting in a 10% profit increase.  \nOther Experience             \n\u2022 Quantitative Instructor at Anees Hussain Pvt Limited (Dec 2017 \u2013 Present)  \n\u2022 Marketing Intern at Signify Pakistan Limited (Feb 2020 - Jun 2020)  \n\u2022 Marketing Intern at Hilton Pharma Pvt Limited (Jul 2019 - Aug 2019)  \n\u2022 Trade and Revenue Management Intern at Sanofi Pakistan (Jul 2018 - Aug 2018)  \nEducation               \nMaster of Business Admi nistrations     | Institute of Business Administration, Karachi | In Progress  \nBachelor of Business Administrations | Institute of Business Administration, Karachi | 2016 -2020  \nSkills               \nSales Management  | Data Analysis | Marketing Management  | Planning and Forecasting | Stakeholder Management | Operations Management   ",
        "macro_dict": {
            "leadership": 34,
            "experience": 50,
            "client relations": 16
        },
        "micro_dict": {
            "market research": 100
        },
        "additional_info": "InnovateCorp prefers candidates from leading business schools such as COMSATS Institute of Information and Technology. We support relocation for the right candidate and offer remote work opportunities. Skills are assessed through a combination of technical interviews and practical case studies, ensuring candidates meet our high standards of performance before offering a position.",
        "minimum_requirements": [
            "Proficiency in CRM tools and Microsoft Office Suite",
            "Proven track record in lead generation and client engagement"
        ],
        "resume": "Muhammad Bilal Amin  \n+92-323-321-5863 | mbilal.amin@outlook.com | https://www.linkedin.com/in/muhammad -bilal-amin/  \nProfessional Experience            \nSignify Pakistan (Formerly Philips Pakistan)          \nKey Account Manager           Dec 2022 -Present  \n\u2022 Managing total of 15 Accounts Including both End Users and Channel Partners for Retail & Hospitality Business Across Pakistan  \n\u2022 Managing the largest EU account with approx. 700K EUR  business for Signify Pakistan.  \n\u2022 Started engagement with 10 different new fashion retail potential accounts in line with Signify\u2019s expansion strategy in R&H segment.  \n\u2022 Delivered and exceeded both top line and bottom -line targets with 120% attainment in topline in Q4 2022 .  \nToyota Pakistan (Indus Motor Company)  \nAssistant Manager Sales Planning  (Demand Planner)       Oct 2022 -Nov 202 2 \n\u2022 Improved the efficiency of the planning cycle with timely delivery of forecasting and planning report by at least 10%  \n\u2022 Made a reconciliation and availability tool for the better planning of CBU vehicles.   \n\u2022 Improve the MOM CBU invoicing performance by 100%.  \n\u2022 Strong coordination between marketing, sales,  and planning team to get the optimum demand forecast based on n+3 approach.  \nToyota Pakistan (Indus Motor Company)  \nAssistant Manager Network Expansion        Jul 2022 - Oct 2022  \n\u2022 Was part of the launch team for Toyota Gateway Motors  \n\u2022 Ensure all the branding is accurately done before the dealership launch.  \n\u2022 Learned and understood all the Toyota Policies and procedures for dealership opening.  \n\u2022 Researched the current dealership data across Pakistan auto sector and crea ted a dashboard (Power BI) analyzing the dealership \ndata in Pakistan in different metrics (dealership counts, geographies, average sales per dealership etc.) \nSignify Pakistan (Formerly Philips Pakistan)          \nCommercial Support Specialist  (Product Market ing)      April 2021 -Jun 2022  \n\u2022 Supported in Product Roadmap for the coming future portfolios.  \n\u2022 Conducting a succes sful training  for SFDC to Sub Sahar a Afri ca Market with more than 17 pe ople in training.  \n\u2022 Conducted anonymous market visits to get the primary insights of the current market/competition situation.  \n\u2022 Hands on command on Vistex Tool, trained the PMs in Pakistan on the use of Vistex.  \n\u2022 Communicating with the Marcom team regarding the ongoing and upcoming campaigns.  \n\u2022 Achieved 15% improvement in data quality of pricing activities by collaborating with region al commercial operations team to \nachieve monthly targets.  \n\u2022 Increased profitability by 10% by forecasting channel sales and IGM with 95% accuracy.  \n\u2022 Improved decision ma king by providing comprehensive weekly performance reports to the commercial head, resulting in a 20% \nimprovement.  \nSignify Pakistan (Formerly Philips Pakistan)          \nSales Support Officer (Contractual)         Jul 2020 -Mar 2021  \n\u2022 Coordinated national sales for professional lighting, resulting in 15% sales growth.  \n\u2022 Improved sales team productivity by 20% as key user for Sales Force Dot Com  \n\u2022 Provided weekly performance reports to commercial director, improving accuracy and timeliness by 25%  \n\u2022 Improv ed sales and profitability forecasting accuracy by 5%, resulting in a 10% profit increase.  \nOther Experience             \n\u2022 Quantitative Instructor at Anees Hussain Pvt Limited (Dec 2017 \u2013 Present)  \n\u2022 Marketing Intern at Signify Pakistan Limited (Feb 2020 - Jun 2020)  \n\u2022 Marketing Intern at Hilton Pharma Pvt Limited (Jul 2019 - Aug 2019)  \n\u2022 Trade and Revenue Management Intern at Sanofi Pakistan (Jul 2018 - Aug 2018)  \nEducation               \nMaster of Business Admi nistrations     | Institute of Business Administration, Karachi | In Progress  \nBachelor of Business Administrations | Institute of Business Administration, Karachi | 2016 -2020  \nSkills               \nSales Management  | Data Analysis | Marketing Management  | Planning and Forecasting | Stakeholder Management | Operations Management   "
    },
    "details": {
        "name": "",
        "number": "",
        "skills": [],
        "email_id": "",
        "location": "",
        "projects": [],
        "education": [],
        "achievements": [],
        "publications": [],
        "certifications": [],
        "additional_urls": [],
        "executive_summary": "",
        "employment_history": []
    }
}