{
    "output": {
        "justification": [],
        "scores": {
            "macro_scores": [],
            "micro_scores": [],
            "requirements": [],
            "aggregated_scores": {}
        },
        "personal_info": {},
        "valid_resume_and_jd": false
    },
    "input": {
        "job_description": "UMERQAYYUM\nPROFILE\nTofindachallengingjobinadynamic,progressiveorganizationandmarketleaderthatvalueshardwork,dedication,\nhonestyandintegrityinitsassociates.Aperspectiveclientoremployerwillfindmereliable,energetic,teamoriented\nandtrulyconcernedwithhelpingtheorganizationmeetsitsbusinessgoalsandobjectives.\nCONTACT EXPERIENCE\n+92-302-2003202\n+92-331-2488957\numerqayyum86@hotmail.com\nhttps://www.linkedin.com/in/\numer-qayyum-05927349/DaldaFoodsLimited\n5thMay2015totilldate\nSeniorAreaSalesManager/Islamabad\n1stJune2022totilldate\nBasedat:Islamabad\nTownsassigned:\nIslamabad,BaraKhan,KhannaPull,Humak,WahCantt,Hassanabdal&Taxila\nJobDescription:\n\uf0b7MonthonMonthPlanning&Forecastforbothbusiness\u2019s(CFO&Dairy)\n\uf0b7WorkonbothNumeric&WeightedDistributionforbusinessgrowth\n\uf0b7OnjobTrainingtoTSO\u2019s/Executives&DistributionSalesForce\nSeniorAreaSalesManager\u2013WahCantt\n1stJan2021to31stMay2022\nTownsassigned:\nWahCantt,Hassanabdal&Taxila\nSeniorAreaSalesManager-Peshawar\n1stJan2019totill31Dec2020\nTownsassigned:\nPeshawar,Pabbi,Shabqadar,Bara,LandiKotalandBadhber\nAreaSalesManager-Peshawar&Kohat\n5thMay2015to31stDecember2018\nTownsassigned:\nPeshawar,Kohat,Sadda,Parachinar,Thall,Karak,Bannu,SaraiNurang,MiranShah,\nDeraIsmailKhan,WaanaandLuckyMarwat\nEngroFoodsLimited\n09thJan2009to22ndApril2015\nTerritorySalesManager/NowsheraOut-Stations\n16thFeb2013to22ndApril2015\nBasedat:CommunicatorsGlobe(HandlingDistributor,Peshawar)\nTownsassigned(Sub-distributors):\nSawabi,Topi,Zaida,AkoraKhattak,TakhtBhai,Shabqadar,ShewaAdda&Shahbaz\nGariEDUCATION\nBachelorofArts\nUniversityofPeshawar,Peshawar\nPakistan\nPassingYear2008\nIntermediatePre-Engineering\nGovt.SuperiorScienceCollege\nPeshawar,Pakistan\nPassingYear2005\nMatric~Science\nPeshawarModelSchool\nPeshawar,Pakistan\nPassingYear2003\nPROFESSIONALCERTIFICATION\nSELLINGCONCEPTS\nTorqueCorporation&Consultant\nSUGGESTIVESELLING\nTrainingHouseConsulting(Pvt)Ltd\nEDGE\nFunverksProfessionalTraining(Pvt)Ltd\nGOTOMARKETPLAN\nTorqueCorporation&Consultant\nTerritorySalesManager/NowsheraOut-Stations\n09thJan2012to15thFeb2013\nTownsassigned:\nNowshera,Pabbi,Jehangira,AkoraKhattak,Sawabi,Topi\nTerritorySalesManager/Mingora(Swat)\n25thDec2010to08thJan2012\nTownsassigned:\nMingora,Kalam,Barikot,Bunair,Batkhela,Temergara,Dir,Bajour&Chitral\nTerritorySalesManager/Peshawar\n18thJan2010to24thDec2010\nBasedat:\nPeshawarGeneralTradeandLMT\u2019s\nMerchandisingOfficer/KeyAccounts,Peshawar\n09thJan2009to17thJan2010\nBasedat:\nPeshawartolookafter27KeyAccounts&TERShops\nUnileverPakistan(Pvt)Limited\nMerchandising/KeyAccounts,Peshawar\n17thDec2007to03rdJan2009\nBasedat:\nPeshawaratAliTraders,DistributorUnileverPakistan.\nInternationalBrands(Pvt)Limited\nSupplier/Proctor&Gamble/KeyAccounts,Peshawar\n22thJuly2006to15thDec2007\nBasedat:\nPeshawaratInternationalBrandsPakistan.SKILLS&COMPETENCIES\nPERSONALINFORMATION\nMartialStauts\nMarried\nDateofBirth\n12thOctober1986\nPermenantAddress\nH.no.4Street-HSabazAliTownWarsak\nRaodPeshawar,Pakistan\nCurrentAddress\nH.no.49Street-15ShahwaliColony\nWahCantt,Pakistan\nPERSONALINTEREST\nTraveling\nWatchingMovies\nListeningMusic\nReferences:JamalMehmood AzharSaeed\nTCMCocaColaPakistan GMOperationsPTCLPakistan\nMob#0300-5555935 Mob#0302-2024274",
        "macro_dict": {
            "leadership": 15,
            "business development experience": 44,
            "strategic planning": 41
        },
        "micro_dict": {
            "market research": 37,
            "negotiation": 30,
            "seo": 8,
            "data analysis": 25
        },
        "additional_info": "[Fictional Company] values candidates from top-tier universities such as [University A] and [University B]. We support diversity and inclusion in our hiring processes. Relocation assistance is provided on a case-by-case basis. We assess skills through a combination of technical interviews, case studies, and practical tests to ensure the candidate\u2019s fitment with the organizational culture and job requirements.",
        "minimum_requirements": [
            "Bachelor's degree in Business Administration or related field"
        ],
        "resume": "UMERQAYYUM\nPROFILE\nTofindachallengingjobinadynamic,progressiveorganizationandmarketleaderthatvalueshardwork,dedication,\nhonestyandintegrityinitsassociates.Aperspectiveclientoremployerwillfindmereliable,energetic,teamoriented\nandtrulyconcernedwithhelpingtheorganizationmeetsitsbusinessgoalsandobjectives.\nCONTACT EXPERIENCE\n+92-302-2003202\n+92-331-2488957\numerqayyum86@hotmail.com\nhttps://www.linkedin.com/in/\numer-qayyum-05927349/DaldaFoodsLimited\n5thMay2015totilldate\nSeniorAreaSalesManager/Islamabad\n1stJune2022totilldate\nBasedat:Islamabad\nTownsassigned:\nIslamabad,BaraKhan,KhannaPull,Humak,WahCantt,Hassanabdal&Taxila\nJobDescription:\n\uf0b7MonthonMonthPlanning&Forecastforbothbusiness\u2019s(CFO&Dairy)\n\uf0b7WorkonbothNumeric&WeightedDistributionforbusinessgrowth\n\uf0b7OnjobTrainingtoTSO\u2019s/Executives&DistributionSalesForce\nSeniorAreaSalesManager\u2013WahCantt\n1stJan2021to31stMay2022\nTownsassigned:\nWahCantt,Hassanabdal&Taxila\nSeniorAreaSalesManager-Peshawar\n1stJan2019totill31Dec2020\nTownsassigned:\nPeshawar,Pabbi,Shabqadar,Bara,LandiKotalandBadhber\nAreaSalesManager-Peshawar&Kohat\n5thMay2015to31stDecember2018\nTownsassigned:\nPeshawar,Kohat,Sadda,Parachinar,Thall,Karak,Bannu,SaraiNurang,MiranShah,\nDeraIsmailKhan,WaanaandLuckyMarwat\nEngroFoodsLimited\n09thJan2009to22ndApril2015\nTerritorySalesManager/NowsheraOut-Stations\n16thFeb2013to22ndApril2015\nBasedat:CommunicatorsGlobe(HandlingDistributor,Peshawar)\nTownsassigned(Sub-distributors):\nSawabi,Topi,Zaida,AkoraKhattak,TakhtBhai,Shabqadar,ShewaAdda&Shahbaz\nGariEDUCATION\nBachelorofArts\nUniversityofPeshawar,Peshawar\nPakistan\nPassingYear2008\nIntermediatePre-Engineering\nGovt.SuperiorScienceCollege\nPeshawar,Pakistan\nPassingYear2005\nMatric~Science\nPeshawarModelSchool\nPeshawar,Pakistan\nPassingYear2003\nPROFESSIONALCERTIFICATION\nSELLINGCONCEPTS\nTorqueCorporation&Consultant\nSUGGESTIVESELLING\nTrainingHouseConsulting(Pvt)Ltd\nEDGE\nFunverksProfessionalTraining(Pvt)Ltd\nGOTOMARKETPLAN\nTorqueCorporation&Consultant\nTerritorySalesManager/NowsheraOut-Stations\n09thJan2012to15thFeb2013\nTownsassigned:\nNowshera,Pabbi,Jehangira,AkoraKhattak,Sawabi,Topi\nTerritorySalesManager/Mingora(Swat)\n25thDec2010to08thJan2012\nTownsassigned:\nMingora,Kalam,Barikot,Bunair,Batkhela,Temergara,Dir,Bajour&Chitral\nTerritorySalesManager/Peshawar\n18thJan2010to24thDec2010\nBasedat:\nPeshawarGeneralTradeandLMT\u2019s\nMerchandisingOfficer/KeyAccounts,Peshawar\n09thJan2009to17thJan2010\nBasedat:\nPeshawartolookafter27KeyAccounts&TERShops\nUnileverPakistan(Pvt)Limited\nMerchandising/KeyAccounts,Peshawar\n17thDec2007to03rdJan2009\nBasedat:\nPeshawaratAliTraders,DistributorUnileverPakistan.\nInternationalBrands(Pvt)Limited\nSupplier/Proctor&Gamble/KeyAccounts,Peshawar\n22thJuly2006to15thDec2007\nBasedat:\nPeshawaratInternationalBrandsPakistan.SKILLS&COMPETENCIES\nPERSONALINFORMATION\nMartialStauts\nMarried\nDateofBirth\n12thOctober1986\nPermenantAddress\nH.no.4Street-HSabazAliTownWarsak\nRaodPeshawar,Pakistan\nCurrentAddress\nH.no.49Street-15ShahwaliColony\nWahCantt,Pakistan\nPERSONALINTEREST\nTraveling\nWatchingMovies\nListeningMusic\nReferences:JamalMehmood AzharSaeed\nTCMCocaColaPakistan GMOperationsPTCLPakistan\nMob#0300-5555935 Mob#0302-2024274"
    },
    "details": {
        "name": "",
        "number": "",
        "skills": [],
        "email_id": "",
        "location": "",
        "projects": [],
        "education": [],
        "achievements": [],
        "publications": [],
        "certifications": [],
        "additional_urls": [],
        "executive_summary": "",
        "employment_history": []
    }
}