{
    "output": {
        "justification": [],
        "scores": {
            "macro_scores": [],
            "micro_scores": [],
            "requirements": [],
            "aggregated_scores": {}
        },
        "personal_info": {},
        "valid_resume_and_jd": false
    },
    "input": {
        "job_description": "  \n \n \nPersonal Summary  \nAn MBA educated High performing and \nstrategic thinking professional with three \nyears of diversified experience in Business \nand Financ ial Analytics, S ales Support and \nClient M anagement  with exposure to \nnational, international, and multicultural \norganizations  \n \nWell versed in using various business \nintelligence soft ware . A data scientist in the \nmaking.  I am adaptable, innovative leader \ncommitted to honesty, transparency and \nimprovement of  processes  \n \nContact  \nAddress: 208 A -1 Tufail Road, Lahore Cantt  \nPhone: +92-345-4536653  \nEmail:  ahmad.noorudin@yahoo.com  \nDate of Birth:  28-Aug-1994  \n \nLinkedin Profile:  \nlinkedin.com/in/ahmad -noor -ud-din-\n02934391  \n \n \nSkills Highlight  \n \n\uf0b7 Microsoft Excel  \uf0b7 Microsoft Visio  \n\uf0b7 Microsoft Access  \uf0b7 Microsoft Project  \n\uf0b7 Microsoft PP \uf0b7 Corel Draw  \n\uf0b7 Microsoft Word  \uf0b7 Power BI  \n\uf0b7 Adobe Photoshop  \uf0b7 Tableau  \n\uf0b7 Adobe Illustrator  \uf0b7 Python  \n\uf0b7 Adobe Premier  \uf0b7 SQL \n\uf0b7 Digital Marketing  \uf0b7 Account Mgt.  \n \nProfessional  Experience  \nMCB Bank Limited \u2013 (October 2018 \u2013 Present ) \nSr. Manager  - Projects Implementation , Retail Banking Group  \n\uf0b7 Main point of contact for all ongoing projects  at a group level.  \n\uf0b7 Provide project updates on a consistent basis to various stakeholders about strategy, \nadjustments, and progress . \n\uf0b7 Develop and manage a detailed proj ect schedule and work plan . \n\uf0b7 Utilize industry best prac tices, techniques, &  standards throughout project execution  \n\uf0b7 Determine and define project scope and objectives . \n\uf0b7 Measure project performance to identify areas for improvement  \nManager - Business Intelligence Unit (BIU), Retail Banking Group  \n\uf0b7 Sales Coordination \u2013 Managing a sales force of 500+ Relationship Managers . \n\uf0b7 Financial Modeling and Budgeting \u2013 Creating yearly budgets for business areas . \n\uf0b7 Monitoring and Evaluating performance against assigned budgets periodically.  \n\uf0b7 Strategy Development \u2013 Creating business growth strategies . \n\uf0b7 Data Analytics and MIS development for business (Excel, Power BI, SQL, Tableau) . \n\uf0b7 Creating campaigns to increa se business performance.  \n\uf0b7 Develop reports, system modules  and conduct UAT . \n \nUber Technologies \u2013 (January 2017 \u2013 August 2017)  \nGreenlight Expert - II, Operations  \n\uf0b7 Partner Driver Coordination - Resolving day to day problems faced.  \n\uf0b7 Training and Onboarding \u2013 Lead Trainer for existing  and new partner drivers.  \n\uf0b7 Redesigned and Improved the training process.  \n\uf0b7 Creating campaigns to increase partner productivity through incentives schemes.  \n\uf0b7 Integral part of the Launch Team for Islamabad and Gu jranwala  \n \nMarksman Marketing Consultancy  \u2013 (July 2016 \u2013 January 2017)  \nIntern \u2013 PMI (Trade Tracker),  Operations  \n\uf0b7 Data analytics and Report Development for and performance dashboards and r eal-time \ndata tracking (Excel and Power BI).  \n\uf0b7 Client Coordination \u2013 Resolve problems an d provide the relevant reports.  \n\uf0b7 Spearheaded the  Launch Team for the census and the merchandising project.  \n \nFINCA Microfinance Bank Ltd  \u2013 (April 2016 \u2013 June 2016 ) \nIntern,  Marketing and Customer Experience  \n\uf0b7 Worked on the Mission Monitor Project, ensuring compliance of FINCA guidelines and \ngain insights into the customers and their banking  experience.  \n \nBank Alfalah Ltd  \u2013 (July 2015 \u2013 September 2015 ) \nProject Intern,  Finance  \n\uf0b7 Worked alongside the regional teams to gain insights into industry standards and \nposition of Bank Alfalah Limited vs the industry.  \n \nEducation  \nMasters of Business Administration (MBA)  \u2013 (2017 \u2013 2018)  \nGeneral - (Finance and Marketing)  \nLahore School of Economics  - (CGPA 3.27)  \nBachelors in Business Administration (BBA - Honors)  \u2013 (2012  \u2013 2016 ) \nDouble Majors - (Finance and Marketing)  \nLahore School of Economics - (CGPA 3.48)  \nO and A Levels  (Engineering ) \u2013 (2007  \u2013 2012 ) \nAitchison College Lahore  \n \nCertifications  \nSocial Media Marketing:  Google AdWords and Analytics Certified  \n \nAdditional Experience  \nDigital Marketing Head,  Noor\u2019s Party and Event Plan ning \u2013 (September 2015 \u2013 Present)  \nVolunteer (Rahbar) , The Citizens Foundation Pakistan \u2013 (September 2019 \u2013 November 2019)  \nSociety President,  Aitchison College Computing Society \u2013 (August 2011 \u2013 July 2012)  Ahmad Noor -ud- Din ",
        "macro_dict": {
            "leadership": 31,
            "project management experience": 69
        },
        "micro_dict": {
            "pre-sales consulting": 29,
            "agile methodologies": 71
        },
        "additional_info": "Preferred universities include National University of Computer and Emerging Sciences in Pakistan and equivalent institutions. We offer relocation support for candidates based outside of the hiring city, subject to management approval. Skills are assessed through a combination of technical tests, project management case studies, and panel interviews consisting of departmental heads and HR representatives.",
        "minimum_requirements": [
            "Experience in managing enterprise data warehouse projects"
        ],
        "resume": "  \n \n \nPersonal Summary  \nAn MBA educated High performing and \nstrategic thinking professional with three \nyears of diversified experience in Business \nand Financ ial Analytics, S ales Support and \nClient M anagement  with exposure to \nnational, international, and multicultural \norganizations  \n \nWell versed in using various business \nintelligence soft ware . A data scientist in the \nmaking.  I am adaptable, innovative leader \ncommitted to honesty, transparency and \nimprovement of  processes  \n \nContact  \nAddress: 208 A -1 Tufail Road, Lahore Cantt  \nPhone: +92-345-4536653  \nEmail:  ahmad.noorudin@yahoo.com  \nDate of Birth:  28-Aug-1994  \n \nLinkedin Profile:  \nlinkedin.com/in/ahmad -noor -ud-din-\n02934391  \n \n \nSkills Highlight  \n \n\uf0b7 Microsoft Excel  \uf0b7 Microsoft Visio  \n\uf0b7 Microsoft Access  \uf0b7 Microsoft Project  \n\uf0b7 Microsoft PP \uf0b7 Corel Draw  \n\uf0b7 Microsoft Word  \uf0b7 Power BI  \n\uf0b7 Adobe Photoshop  \uf0b7 Tableau  \n\uf0b7 Adobe Illustrator  \uf0b7 Python  \n\uf0b7 Adobe Premier  \uf0b7 SQL \n\uf0b7 Digital Marketing  \uf0b7 Account Mgt.  \n \nProfessional  Experience  \nMCB Bank Limited \u2013 (October 2018 \u2013 Present ) \nSr. Manager  - Projects Implementation , Retail Banking Group  \n\uf0b7 Main point of contact for all ongoing projects  at a group level.  \n\uf0b7 Provide project updates on a consistent basis to various stakeholders about strategy, \nadjustments, and progress . \n\uf0b7 Develop and manage a detailed proj ect schedule and work plan . \n\uf0b7 Utilize industry best prac tices, techniques, &  standards throughout project execution  \n\uf0b7 Determine and define project scope and objectives . \n\uf0b7 Measure project performance to identify areas for improvement  \nManager - Business Intelligence Unit (BIU), Retail Banking Group  \n\uf0b7 Sales Coordination \u2013 Managing a sales force of 500+ Relationship Managers . \n\uf0b7 Financial Modeling and Budgeting \u2013 Creating yearly budgets for business areas . \n\uf0b7 Monitoring and Evaluating performance against assigned budgets periodically.  \n\uf0b7 Strategy Development \u2013 Creating business growth strategies . \n\uf0b7 Data Analytics and MIS development for business (Excel, Power BI, SQL, Tableau) . \n\uf0b7 Creating campaigns to increa se business performance.  \n\uf0b7 Develop reports, system modules  and conduct UAT . \n \nUber Technologies \u2013 (January 2017 \u2013 August 2017)  \nGreenlight Expert - II, Operations  \n\uf0b7 Partner Driver Coordination - Resolving day to day problems faced.  \n\uf0b7 Training and Onboarding \u2013 Lead Trainer for existing  and new partner drivers.  \n\uf0b7 Redesigned and Improved the training process.  \n\uf0b7 Creating campaigns to increase partner productivity through incentives schemes.  \n\uf0b7 Integral part of the Launch Team for Islamabad and Gu jranwala  \n \nMarksman Marketing Consultancy  \u2013 (July 2016 \u2013 January 2017)  \nIntern \u2013 PMI (Trade Tracker),  Operations  \n\uf0b7 Data analytics and Report Development for and performance dashboards and r eal-time \ndata tracking (Excel and Power BI).  \n\uf0b7 Client Coordination \u2013 Resolve problems an d provide the relevant reports.  \n\uf0b7 Spearheaded the  Launch Team for the census and the merchandising project.  \n \nFINCA Microfinance Bank Ltd  \u2013 (April 2016 \u2013 June 2016 ) \nIntern,  Marketing and Customer Experience  \n\uf0b7 Worked on the Mission Monitor Project, ensuring compliance of FINCA guidelines and \ngain insights into the customers and their banking  experience.  \n \nBank Alfalah Ltd  \u2013 (July 2015 \u2013 September 2015 ) \nProject Intern,  Finance  \n\uf0b7 Worked alongside the regional teams to gain insights into industry standards and \nposition of Bank Alfalah Limited vs the industry.  \n \nEducation  \nMasters of Business Administration (MBA)  \u2013 (2017 \u2013 2018)  \nGeneral - (Finance and Marketing)  \nLahore School of Economics  - (CGPA 3.27)  \nBachelors in Business Administration (BBA - Honors)  \u2013 (2012  \u2013 2016 ) \nDouble Majors - (Finance and Marketing)  \nLahore School of Economics - (CGPA 3.48)  \nO and A Levels  (Engineering ) \u2013 (2007  \u2013 2012 ) \nAitchison College Lahore  \n \nCertifications  \nSocial Media Marketing:  Google AdWords and Analytics Certified  \n \nAdditional Experience  \nDigital Marketing Head,  Noor\u2019s Party and Event Plan ning \u2013 (September 2015 \u2013 Present)  \nVolunteer (Rahbar) , The Citizens Foundation Pakistan \u2013 (September 2019 \u2013 November 2019)  \nSociety President,  Aitchison College Computing Society \u2013 (August 2011 \u2013 July 2012)  Ahmad Noor -ud- Din "
    },
    "details": {
        "name": "",
        "number": "",
        "skills": [],
        "email_id": "",
        "location": "",
        "projects": [],
        "education": [],
        "achievements": [],
        "publications": [],
        "certifications": [],
        "additional_urls": [],
        "executive_summary": "",
        "employment_history": []
    }
}