{
    "output": {
        "justification": [],
        "scores": {
            "macro_scores": [],
            "micro_scores": [],
            "requirements": [],
            "aggregated_scores": {}
        },
        "personal_info": {},
        "valid_resume_and_jd": false
    },
    "input": {
        "job_description": "Muhammad Salman Anjum  \nEmail:  salmanshahzad0712@gmail.com  \nAddress: 213-M5 Lake City , Lah ore, Pakistan   Mobile:  +92-3161175929  \nCareer Summary  Having  5 years\u2019  experience  in Marketing , Business Development & Operations at a professional \nlevel through different businesses. Expertise in project managing in sales and marketing of \nproducts with good public relations skills , technical and creative writing skills.  Managing \nAccounts of  Ted Ba ker, Forever Collectibles, Ashley  Wilde, My House, Luxotic . Aspiring for \nchallenging assignments in Industry   \nProfile   \nA competent Graduate as well as a versatile professional. Self -motivated and Result Oriented \nwith a successful track record, possess  skills of Self -motivation, Persistence, Persuasive \nCommunication, and ability to think Analytically and Strategically.  \nCore Competencies  \u2756 Skilled in English , Urdu,  Hindi  \nlanguage  \n\u2756 Proficie nt in Microsoft Suite  \n\u2756 Email  Marketing  \n\u2756 Social  Media /SEO /SEM /PPC /Ads  \n\u2756 Funnel Management  \n\u2756 Analytical Skill s \n\u2756 Google WorkSpace  \u2756  \u2756 Oracle /SAP ERP  \n\u2756 SaaS /EfroTech  \n\u2756 Photoshop  \n\u2756 Worked on PO S system  \n\u2756 Video Editing / Making  \n\u2756 Project Management  \n\u2756 Power BI   \nMajor Workshops & \nProfessional Trainings  Participated in numerous Professional Workshops and Training Sessions facilita ted by \nWorkshops  \n \n\u2756 Marketer/ Supply Chain  Professional  \n\u2756 M.S Excel and Word Training  \n\u2756 Professional  Telecommunication Skills  \n\u2756 Professional  Customer Services  \n \n \n \nProfessional Work \nExperience  \n \n \n           \n \n \n  \n         \n  \nProduct  Manager  Marketing  \u2013 (Nishat Chunia n Group Mar 2021 - Present )  \n \nMarketing : \n \n\u2756 Managing Sales account and orders of International Clients  \n\u2756 Pitching orders to clients (U .K, AUS, NZ) with costing and sales pitch, and closing deals \nwhile ensuring future orders using SEO, PPC,  email marketing  \n\u2756 Visual presentation of the software\u2019s  and other tangible products for good pitch  \n\u2756 Cost estimation of the product  \n\u2756 Leading team of up to  8 brilliant people  \n\u2756 Repor ting to seniors\u2019  management in a matrix environment  and leading resources  \n\u2756 Managed and allocated balanced resources with the project for best ut ilization of time and \ncompleting the project successfully  \n\u2756 Explained requirement s for ne w system alterations  while preparing the status , \npresentation s and proje ct visuals for senior m anagemen t, customer an d stakehold ers \n\u2756 Saved up to  2% from  $0.7M PO in a single month by negotiating and smooth workin g \n\u2756 Analyzing researcher using trends to enforce marketing strategies for new products, also \nincreasing customer experience and gathering data from files while increasing customer \nretention by 4% \n\u2756 Engaged with senior management including marketing director to a ttract customer by \nusing organic samples and increase customer orders  through digital marketing  \n\u2756 Worked on Eurotech  most widely used in Pakistan  \n \nExecution : \n   \n \n \u2756 Understands strategic directions expressed by higher management  \n\u2756 Designing and preparing documents  like analysis reports of the order  \n\u2756 Testing functional management of product  \n\u2756 Prices neg otiation with customer  \n\u2756 Check lead time in completion of project  and follow up by team . \n\u2756 Program creation and calculate of ite ms requirements against the  order  \n\u2756 Follow up of payment and update all orders in  oracle  \n\u2756 Executing $ 0.2M purchase orders per month  \n \n       Marketing  Consultant - (HASHAGE -Marketing Agency  Jan 2020- Jan 2021 ) \n \n\u2756 Identifying and crafting main media messages.  \n\u2756 Developing strategies and goals  for supplier to bring them on board . \n\u2756 Executing strategic tasks and monitoring outcomes.  \n\u2756 Preparing reports and marketing presentations , analyzing growth chart, expense chart, flow \nchart for smooth operations . \n\u2756 Producing the necessary marketing materials  to pitch to suppliers/customers  with use of \ndigital platform Facebook, YouTube , LinkedIn, Instagram . \n\u2756 Assisting in ongoing marketing campa igns, doing costing and allocating budget . \n\u2756 Developing and implementing internal brand management strategies.  \n\u2756 Proficient in MS Office/Working knowledge of IT and marketing software ( e.g., CRM  \nsoftware\u2019s  like) \n\u2756 Track and evaluate the ROI/KPI in relation to marketing initiatives  \n\u2756 Brining in client on board of  $0.5M with 20% of marketing expenditure.  \n \n       Internship - (Govt.  Post Graduate College - Principal Office ) \n \n\u2756 Worked in Administration office keeping and maintaining official records  \n\u2756 Working on official state level letters  \n\u2756 Maintain and build relationships with big government clients for working  \nAcademic Qualification   \n\u2756 Masters of Business Administration  from  FAST NUCES 2021  \n\u2756 Graduation (B BA HONS ) from  FAST NUCES 2019  \nAchievements  \u2756 x3 Employee of the Month  - HASHAGE  \n\u2756 Won 1st position for best revenue -generating business  (Lead team of \n12 people and generating Rs.  1.8M in 3 months) - After Imagery \nStudios  \n\u2756 Research Paper Author \u201c How Employee\u2019s creativity mediates the \nrelationship of E -training and Employee\u2019s performance and \nmoderation effect of Employee motivation\u201d  \nCertifications  \u2756  Agile Fundamen tals: Including Scrum  and Kanban -2022  \n\u2756 Foundations of Business  Strategy  \nUniversity of Virginia  \n\u2756 The Fundamentals of Digital  Marketing  \nGoogle Digital Garage  \n\u2756  Financial Literacy Training  Program  \nNational Financial Literacy Program for Youth  \n \nHobbies     Playing Hockey and Cricket. Searching for new technologies in world.  \nPhilanthropy    Assisted  in setting up a small -scale  business for jobless transgender in COVID -19 times  \nReferences   \n   Available on R equest   ",
        "macro_dict": {
            "leadership": 11,
            "project management experience": 38,
            "technical expertise": 51
        },
        "micro_dict": {
            "quality management systems": 34,
            "powerbi": 66
        },
        "additional_info": "Preferred universities include National University of Computer and Emerging Sciences in Pakistan and equivalent institutions. We offer relocation support for candidates based outside of the hiring city, subject to management approval. Skills are assessed through a combination of technical tests, project management case studies, and panel interviews consisting of departmental heads and HR representatives.",
        "minimum_requirements": [
            "Proficiency in using analytical software and tools like PowerBI and Oracle DV",
            "Strong understanding of Agile and SCRUM methodologies",
            "Experience in managing enterprise data warehouse projects",
            "10+ years of industry experience in project management and data analytics",
            "Master's degree in Computer Science, Business Administration, or related field"
        ],
        "resume": "Muhammad Salman Anjum  \nEmail:  salmanshahzad0712@gmail.com  \nAddress: 213-M5 Lake City , Lah ore, Pakistan   Mobile:  +92-3161175929  \nCareer Summary  Having  5 years\u2019  experience  in Marketing , Business Development & Operations at a professional \nlevel through different businesses. Expertise in project managing in sales and marketing of \nproducts with good public relations skills , technical and creative writing skills.  Managing \nAccounts of  Ted Ba ker, Forever Collectibles, Ashley  Wilde, My House, Luxotic . Aspiring for \nchallenging assignments in Industry   \nProfile   \nA competent Graduate as well as a versatile professional. Self -motivated and Result Oriented \nwith a successful track record, possess  skills of Self -motivation, Persistence, Persuasive \nCommunication, and ability to think Analytically and Strategically.  \nCore Competencies  \u2756 Skilled in English , Urdu,  Hindi  \nlanguage  \n\u2756 Proficie nt in Microsoft Suite  \n\u2756 Email  Marketing  \n\u2756 Social  Media /SEO /SEM /PPC /Ads  \n\u2756 Funnel Management  \n\u2756 Analytical Skill s \n\u2756 Google WorkSpace  \u2756  \u2756 Oracle /SAP ERP  \n\u2756 SaaS /EfroTech  \n\u2756 Photoshop  \n\u2756 Worked on PO S system  \n\u2756 Video Editing / Making  \n\u2756 Project Management  \n\u2756 Power BI   \nMajor Workshops & \nProfessional Trainings  Participated in numerous Professional Workshops and Training Sessions facilita ted by \nWorkshops  \n \n\u2756 Marketer/ Supply Chain  Professional  \n\u2756 M.S Excel and Word Training  \n\u2756 Professional  Telecommunication Skills  \n\u2756 Professional  Customer Services  \n \n \n \nProfessional Work \nExperience  \n \n \n           \n \n \n  \n         \n  \nProduct  Manager  Marketing  \u2013 (Nishat Chunia n Group Mar 2021 - Present )  \n \nMarketing : \n \n\u2756 Managing Sales account and orders of International Clients  \n\u2756 Pitching orders to clients (U .K, AUS, NZ) with costing and sales pitch, and closing deals \nwhile ensuring future orders using SEO, PPC,  email marketing  \n\u2756 Visual presentation of the software\u2019s  and other tangible products for good pitch  \n\u2756 Cost estimation of the product  \n\u2756 Leading team of up to  8 brilliant people  \n\u2756 Repor ting to seniors\u2019  management in a matrix environment  and leading resources  \n\u2756 Managed and allocated balanced resources with the project for best ut ilization of time and \ncompleting the project successfully  \n\u2756 Explained requirement s for ne w system alterations  while preparing the status , \npresentation s and proje ct visuals for senior m anagemen t, customer an d stakehold ers \n\u2756 Saved up to  2% from  $0.7M PO in a single month by negotiating and smooth workin g \n\u2756 Analyzing researcher using trends to enforce marketing strategies for new products, also \nincreasing customer experience and gathering data from files while increasing customer \nretention by 4% \n\u2756 Engaged with senior management including marketing director to a ttract customer by \nusing organic samples and increase customer orders  through digital marketing  \n\u2756 Worked on Eurotech  most widely used in Pakistan  \n \nExecution : \n   \n \n \u2756 Understands strategic directions expressed by higher management  \n\u2756 Designing and preparing documents  like analysis reports of the order  \n\u2756 Testing functional management of product  \n\u2756 Prices neg otiation with customer  \n\u2756 Check lead time in completion of project  and follow up by team . \n\u2756 Program creation and calculate of ite ms requirements against the  order  \n\u2756 Follow up of payment and update all orders in  oracle  \n\u2756 Executing $ 0.2M purchase orders per month  \n \n       Marketing  Consultant - (HASHAGE -Marketing Agency  Jan 2020- Jan 2021 ) \n \n\u2756 Identifying and crafting main media messages.  \n\u2756 Developing strategies and goals  for supplier to bring them on board . \n\u2756 Executing strategic tasks and monitoring outcomes.  \n\u2756 Preparing reports and marketing presentations , analyzing growth chart, expense chart, flow \nchart for smooth operations . \n\u2756 Producing the necessary marketing materials  to pitch to suppliers/customers  with use of \ndigital platform Facebook, YouTube , LinkedIn, Instagram . \n\u2756 Assisting in ongoing marketing campa igns, doing costing and allocating budget . \n\u2756 Developing and implementing internal brand management strategies.  \n\u2756 Proficient in MS Office/Working knowledge of IT and marketing software ( e.g., CRM  \nsoftware\u2019s  like) \n\u2756 Track and evaluate the ROI/KPI in relation to marketing initiatives  \n\u2756 Brining in client on board of  $0.5M with 20% of marketing expenditure.  \n \n       Internship - (Govt.  Post Graduate College - Principal Office ) \n \n\u2756 Worked in Administration office keeping and maintaining official records  \n\u2756 Working on official state level letters  \n\u2756 Maintain and build relationships with big government clients for working  \nAcademic Qualification   \n\u2756 Masters of Business Administration  from  FAST NUCES 2021  \n\u2756 Graduation (B BA HONS ) from  FAST NUCES 2019  \nAchievements  \u2756 x3 Employee of the Month  - HASHAGE  \n\u2756 Won 1st position for best revenue -generating business  (Lead team of \n12 people and generating Rs.  1.8M in 3 months) - After Imagery \nStudios  \n\u2756 Research Paper Author \u201c How Employee\u2019s creativity mediates the \nrelationship of E -training and Employee\u2019s performance and \nmoderation effect of Employee motivation\u201d  \nCertifications  \u2756  Agile Fundamen tals: Including Scrum  and Kanban -2022  \n\u2756 Foundations of Business  Strategy  \nUniversity of Virginia  \n\u2756 The Fundamentals of Digital  Marketing  \nGoogle Digital Garage  \n\u2756  Financial Literacy Training  Program  \nNational Financial Literacy Program for Youth  \n \nHobbies     Playing Hockey and Cricket. Searching for new technologies in world.  \nPhilanthropy    Assisted  in setting up a small -scale  business for jobless transgender in COVID -19 times  \nReferences   \n   Available on R equest   "
    },
    "details": {
        "name": "",
        "number": "",
        "skills": [],
        "email_id": "",
        "location": "",
        "projects": [],
        "education": [],
        "achievements": [],
        "publications": [],
        "certifications": [],
        "additional_urls": [],
        "executive_summary": "",
        "employment_history": []
    }
}