{
    "output": {
        "justification": [],
        "scores": {
            "macro_scores": [],
            "micro_scores": [],
            "requirements": [],
            "aggregated_scores": {}
        },
        "personal_info": {},
        "valid_resume_and_jd": false
    },
    "input": {
        "job_description": " \n \nUSMAN HANIF  \nUsman.hanif9@gmail.com  \nH# 878-C, Usama Block, Nishter Colony, Lahore . \n+923214580128  \nhttps://www.linkedin.com/in/usman -hanif -53858460/  \n \nOBJECTIVE  \n\u201cPursuing a development oriented position where my skills, knowledge and abilities add meaningful value to the \norganization\u201d   \nEDUCATION  \nSuperior University, Lahore  \n(2011 -2015)  Bachelors  in Business Administration  \n\uf0b7 Major in Marketing  \nStandard College, Lahore  \n(2010 -2011)  F.Sc Pre-Engineering  \nEXPERIENCE  \nSiddiq Agricoze (Pvt). Limited  | Muridke Punjab, PK  \nBusiness Development  Analyst  January 2022  \u2013 Present  \n\uf0b7 Engaged and formed business relationship with the international clients in US and  EU etc. \n\uf0b7 Lead generation through international exhibitions and events.  \n\uf0b7 Made the exhibitions visit plans and set up meetings with international potential distributors & \nclients.  \n\uf0b7 Suggested to set up stand & display the products at international exhibitions.  \n\uf0b7 Communication with existing customers and fulfill their business quires.  \n\uf0b7 Analyzing the competition and devising the strategies accordingly.  \n\uf0b7 Prepare the product samples and dispatch to the clients.  \n\uf0b7 Devised the sales contract with agents/suppliers and cl osing the deals.  \n\uf0b7 Coordination with all internal departments for smooth shipments and new clients acquisition.  \n   \n Business Development Executive  February 2021 \u2013 December 2021  \n\uf0b7 Developed the distribution network in all over the Pakistan.  \n\uf0b7 Designed the sales contracts with distributors and sales targets.  \n\uf0b7 Established B2B sales linkage and also provided sales support.   \n\uf0b7 Designed the company profile and product broachers.  \n\uf0b7 Write down the script of company profile video and executed the video shoot.  \no Link:  https:// www.youtube.com/watch?v=j8jxDOjX1Ww&t=5s  \n\uf0b7 Devised the warehouse and logistics system of the company.  \n\uf0b7 Provided sales forecasts on monthly/quarterly bases  to Board of Directors and Production Team.  \n\uf0b7 Reported the sales performance on monthly bases to Board of D irectors.  \nSRC Private Limited  | Lahore  Punjab, PK  \nBusiness Development Officer  January 2018 \u2013 December 2021  \n\uf0b7 Analysis of the market and suggest new projects/products for the growth of Company.  \n\uf0b7 Conducted market research and explored the new market opportunities.  \n\uf0b7 Studied the local & international market of Rice based ingredients  \no Demand/supply of Liquid Glucose.  \no Local and international competitors\u2019 analysis.  \no Compiled the local and international po tential distributors/clients data base.  \no Identified the key challenges and market drivers.  \no Proposed Structure and Functions of a Sales & Marketing Department . \no Proposed to board of directors to build rice based ingredients manufacturing company.  \no Board of di rectors approved the project and now company is selling product in local and \ninternational market.  \n\uf0b7 Conducted market analysis of construction chemicals.  \no Proposed the Board of Directors to add Water Reducing Agent Chemicals in the \nproducts line.  \n\uf0b7 Analyzed the Home Care FMCG products market which leads the company to introduce new \nBrand \u201cSaaf & Safe\u201d in Pakistan.  \nYorkshire Trading (Pvt). Limited | Lahore Punjab, PK  \nSales Officer  August 2016 \u2013 January 2018  \n\uf0b7 Sales of Chipboard sheets, imported door panels, and  solid wood P roducts in the Punjab, \nPakistan . \n\uf0b7 Preparation & execution of sales and marketing plan.  \n\uf0b7 Potential customer lead generation and engagement.  \n\uf0b7 Developed B2B sales channel (Haier, Chugtaiz, Torch Furniture, & Mohkam Furniture etc.)  \n\uf0b7 Also developed retails sales channel in Punjab, Pakistan.  \n\uf0b7 Introduced imported (Turkish) UV sheets in the Market.  \n\uf0b7 Recovery  of payments  against sales.   \n \uf0b7 Bank -related matters.  \nSKILLS  \n \nManagement and Leadership Skills  \n \n\uf0b7 Record Management  \n\uf0b7 Multi -tasking  \n\uf0b7 Capacity to work with peo ple from a wide range of cultural and socio -economic backgrounds  \n\uf0b7 Building & Maintaining Good Professional Relationships  \nCommunication and Interpersonal Skills  \n\uf0b7 Strong Experience of Managing Stakeholders and Partners  \n\uf0b7 Email and O\ufb03ce Communication (taking notes, developing blueprints and report writing)  \n\uf0b7 Social Skills (Adaptability, Negotiation and Persuasion)  \nDigital Skills  \n\uf0b7 Microsoft (Microsoft Excel, Microsoft PowerPoint, Microsoft Word, Microsoft Outlook)  \n\uf0b7 Certified Candela RMS Operator  \n\uf0b7 Social Media Management  \n \nLANGUAGES KNOWN  \n \n\uf0b7 Urdu   \n\uf0b7 Punjabi   \n\uf0b7 English  \n \nBEYOND ACADEMICS  \n\uf0b7 Social work  \n\uf0b7 Tourism  \n\uf0b7 Photography  \n\uf0b7 Watching movies  \n ",
        "macro_dict": {
            "leadership": 56,
            "strategic planning": 44
        },
        "micro_dict": {
            "salesforce": 27,
            "crm proficiency": 57,
            "market research": 16
        },
        "additional_info": "MarketPros Enterprises values diversity in hiring and encourages applications from seasoned business professionals with varied backgrounds. Preferred universities include Ivy League institutions and top business schools. We offer relocation benefits for exceptional candidates and facilitate remote working arrangements. Technical and strategic competencies are assessed through a mix of psychometric evaluations and case study interviews.",
        "minimum_requirements": [
            "Proficiency in CRM tools like Salesforce or HubSpot",
            "5+ years of experience in business development or sales management",
            "Bachelor's degree in Business Administration or related field",
            "Strong analytical and strategic planning skills"
        ],
        "resume": " \n \nUSMAN HANIF  \nUsman.hanif9@gmail.com  \nH# 878-C, Usama Block, Nishter Colony, Lahore . \n+923214580128  \nhttps://www.linkedin.com/in/usman -hanif -53858460/  \n \nOBJECTIVE  \n\u201cPursuing a development oriented position where my skills, knowledge and abilities add meaningful value to the \norganization\u201d   \nEDUCATION  \nSuperior University, Lahore  \n(2011 -2015)  Bachelors  in Business Administration  \n\uf0b7 Major in Marketing  \nStandard College, Lahore  \n(2010 -2011)  F.Sc Pre-Engineering  \nEXPERIENCE  \nSiddiq Agricoze (Pvt). Limited  | Muridke Punjab, PK  \nBusiness Development  Analyst  January 2022  \u2013 Present  \n\uf0b7 Engaged and formed business relationship with the international clients in US and  EU etc. \n\uf0b7 Lead generation through international exhibitions and events.  \n\uf0b7 Made the exhibitions visit plans and set up meetings with international potential distributors & \nclients.  \n\uf0b7 Suggested to set up stand & display the products at international exhibitions.  \n\uf0b7 Communication with existing customers and fulfill their business quires.  \n\uf0b7 Analyzing the competition and devising the strategies accordingly.  \n\uf0b7 Prepare the product samples and dispatch to the clients.  \n\uf0b7 Devised the sales contract with agents/suppliers and cl osing the deals.  \n\uf0b7 Coordination with all internal departments for smooth shipments and new clients acquisition.  \n   \n Business Development Executive  February 2021 \u2013 December 2021  \n\uf0b7 Developed the distribution network in all over the Pakistan.  \n\uf0b7 Designed the sales contracts with distributors and sales targets.  \n\uf0b7 Established B2B sales linkage and also provided sales support.   \n\uf0b7 Designed the company profile and product broachers.  \n\uf0b7 Write down the script of company profile video and executed the video shoot.  \no Link:  https:// www.youtube.com/watch?v=j8jxDOjX1Ww&t=5s  \n\uf0b7 Devised the warehouse and logistics system of the company.  \n\uf0b7 Provided sales forecasts on monthly/quarterly bases  to Board of Directors and Production Team.  \n\uf0b7 Reported the sales performance on monthly bases to Board of D irectors.  \nSRC Private Limited  | Lahore  Punjab, PK  \nBusiness Development Officer  January 2018 \u2013 December 2021  \n\uf0b7 Analysis of the market and suggest new projects/products for the growth of Company.  \n\uf0b7 Conducted market research and explored the new market opportunities.  \n\uf0b7 Studied the local & international market of Rice based ingredients  \no Demand/supply of Liquid Glucose.  \no Local and international competitors\u2019 analysis.  \no Compiled the local and international po tential distributors/clients data base.  \no Identified the key challenges and market drivers.  \no Proposed Structure and Functions of a Sales & Marketing Department . \no Proposed to board of directors to build rice based ingredients manufacturing company.  \no Board of di rectors approved the project and now company is selling product in local and \ninternational market.  \n\uf0b7 Conducted market analysis of construction chemicals.  \no Proposed the Board of Directors to add Water Reducing Agent Chemicals in the \nproducts line.  \n\uf0b7 Analyzed the Home Care FMCG products market which leads the company to introduce new \nBrand \u201cSaaf & Safe\u201d in Pakistan.  \nYorkshire Trading (Pvt). Limited | Lahore Punjab, PK  \nSales Officer  August 2016 \u2013 January 2018  \n\uf0b7 Sales of Chipboard sheets, imported door panels, and  solid wood P roducts in the Punjab, \nPakistan . \n\uf0b7 Preparation & execution of sales and marketing plan.  \n\uf0b7 Potential customer lead generation and engagement.  \n\uf0b7 Developed B2B sales channel (Haier, Chugtaiz, Torch Furniture, & Mohkam Furniture etc.)  \n\uf0b7 Also developed retails sales channel in Punjab, Pakistan.  \n\uf0b7 Introduced imported (Turkish) UV sheets in the Market.  \n\uf0b7 Recovery  of payments  against sales.   \n \uf0b7 Bank -related matters.  \nSKILLS  \n \nManagement and Leadership Skills  \n \n\uf0b7 Record Management  \n\uf0b7 Multi -tasking  \n\uf0b7 Capacity to work with peo ple from a wide range of cultural and socio -economic backgrounds  \n\uf0b7 Building & Maintaining Good Professional Relationships  \nCommunication and Interpersonal Skills  \n\uf0b7 Strong Experience of Managing Stakeholders and Partners  \n\uf0b7 Email and O\ufb03ce Communication (taking notes, developing blueprints and report writing)  \n\uf0b7 Social Skills (Adaptability, Negotiation and Persuasion)  \nDigital Skills  \n\uf0b7 Microsoft (Microsoft Excel, Microsoft PowerPoint, Microsoft Word, Microsoft Outlook)  \n\uf0b7 Certified Candela RMS Operator  \n\uf0b7 Social Media Management  \n \nLANGUAGES KNOWN  \n \n\uf0b7 Urdu   \n\uf0b7 Punjabi   \n\uf0b7 English  \n \nBEYOND ACADEMICS  \n\uf0b7 Social work  \n\uf0b7 Tourism  \n\uf0b7 Photography  \n\uf0b7 Watching movies  \n "
    },
    "details": {
        "name": "",
        "number": "",
        "skills": [],
        "email_id": "",
        "location": "",
        "projects": [],
        "education": [],
        "achievements": [],
        "publications": [],
        "certifications": [],
        "additional_urls": [],
        "executive_summary": "",
        "employment_history": []
    }
}