{
    "output": {
        "justification": [],
        "scores": {
            "macro_scores": [],
            "micro_scores": [],
            "requirements": [],
            "aggregated_scores": {}
        },
        "personal_info": {},
        "valid_resume_and_jd": false
    },
    "input": {
        "job_description": "WAQAS ZULFIQAR  \n \nPROFESSIONAL SUMMARY  \nCustomer -oriented, strategic -thinking sales and management professional with 10 years of experience in building \nrelationships, cultivating partnerships, retaining top accounts and growing profit channels by establishing trust. \nPersuasive, self -motivated leadership professional with expertise on expanding network connections, persuasively \nintro ducing products, educating clients, implementing pricing strategies, territory development, inventory control \nand projections and determining customer needs to deliver solutions. Tactical team builder and strategic planner \nseeking to leverage background to  fulfill robust leadership role with progressive organization . \nSKILLS  \n \n \n\u2022 Team Leadership  \n\u2022 Positive Thinking  \n\u2022 Time Management  \n\u2022 Negotiation Skills               \n\u2022 Problem Solving  \n\u2022 New business dev elopment  \n\u2022 Social Selling                                  \n\u2022 Active Listening                      \n\u2022 Technology  \n\u2022 Fast Lerner         \n\u2022 Vendor management  \n\u2022 Staff management  \n\u2022 Business development and planning  \n\u2022 Forecasting ability  \n\u2022 Verbal and written communication  \n\u2022 Client relations  \n\u2022 Goal -setting  \n\u2022 Inventory management  \n\u2022 Project Management   \n\u2022 Multi -Tasking  \nEducation  \n \nBachelor of  Commerce  (BCOM -IT) 2008  \nAllama  Iqbal  Open  University  (AIOU)  Islamabad, Pakistan  \nComputer Science - Associate  of Science  2004  \nPunjab  College  Sargodha  - Boys  Campus  Sargodha, Punjab  \nWork History  \n \nBusiness  Development  Manager  April, 2020 to  Present  \nMRGT Training &  IT Solution  Islamabad , Pakistan  \n\u2022 Contacting potential clients to establish rapport and arrange \nmeetings.  \n\u2022 Planning  and overseeing new marketing initiatives.  \n\u2022 Researching organizations and individuals to find new opportunities.  \n\u2022 Increasing the value of current customers while attracting new  ones.  \n\u2022 Finding and developing new markets and improving sales.  \n\u2022 Attending conferences, meetings, and industry events.  Sargodha, Pakistan | (0333) 6788771 | waqaszulfiqar84@gmail.com  \u2022 Developing quotes and proposals for clients.  \n\u2022 Developing goals for the development team and business growth and ensuring they are \nmet.  \n\u2022 Training personnel and helping team members develop their skills.  \n\u2022 Forecasted factors such as sales numbers and product profitability to determine ideal strategies.  \n \n \n  Sales  and Operations Executive  April, 2019 to April,  2020  \nDulsco  Head  Office                                                                                                                     Dubai, UAE  \n \n\u2022 Contacting potential clients to establish rapport and arrange meetings.  \n\u2022 Planning and overseeing new marketing initiatives.  \n\u2022 Researching organizations and individuals to find new opportunities.  \n\u2022 Increasing the value of current customers while attracting new  ones.  \n\u2022 Finding and developing new markets and improving sales.  \n\u2022 Attending conferences, meetings, and industry events.  \n\u2022 Developing quotes and proposals for clients.  \n\u2022 To schedule client interviews for shortlisted resources and obtain post interview feedback.  \n\u2022 To meet and counsel daily absenteeism employees along with the welfare and forward the report to \nHRC for the disciplinary action.  \n\u2022 To supervise project deployment and ensure smooth running of projects with zero client complaints.  \n\u2022 To ensure resources report on duty for projects and maintain grooming standards.   \n\u2022 Brief employees prior to deployment -to reduce the work refusal etc. for any new  \nclients.  \n\u2022 Follow up with CRT team with regards to new joiner emergency leave status.  \n\u2022 Prepare and collect the resume for t he list of the skill claimed employees and schedule them for the test \nwith concern dept.  \n\u2022 Maintain records of new site inspection reports along with risk assessment report.  \nPrepare list of the clients with past data for best employee nomination award.  \n \nOperations  Manager  September, 2014 to April,  2019  \nSites power  Institute                                                                                                            Dubai , UAE  \n \n\u2022 Managing daily operational activities & logistics requirements.  \n\u2022 Designing Standard Operations Procedures (SOP\u2019s) for complex tasks & evaluate them by their \nperformance. Establish objectives and strategies in regard to operational structure, competition a nd \npricing of projects.  \n\u2022 Design and negotiate financial solutions, and demonstrate relevant effective management techniques. \nAnalyze and identify needs for logistics and trade services, shipping and other transport modes.  \n\u2022 Develop logistical plans, polici es, and procedures necessary to provide support in the Operational areas of \nsupply, Logistics, transportation, maintenance, and services.  \n\u2022 Taking decisions in difficult situations, in response to bad weather conditions, security alerts or industrial \nrelati ons problems.  \n\u2022 Meets cost standards by monitoring expenses; implementing cost -saving  actions.  \n\u2022 Updates job knowledge by participating in educational opportunities; reading professional publications. \nEnhances department and organization reputation by accep ting ownership for accomplishing new and \ndifferent requests; exploring opportunities to add value to job  accomplishments.   \nSales & Operations Executive  June, 2009 to June,  2014  \nNADRA  Regional  Head  Office  Islamabad                                Islamabad, Pakistan  \n \n \n\u2022 Take instructions provided by manager and complete required tasks.            \n\u2022 Screen and handle telephone calls and manage enquirers.  \n\u2022 Manage post, emails and faxes, issuing responses where possible.                       \n\u2022 Act as a main point of contact.  \n\u2022 Assist managers with meetings and arrange logistics, such as travel and accommodation.                             \n\u2022 Undertake research and  produce documents for meetings.  \n\u2022 Produce letters and, if necessary, reports on behalf of your manager.                    \n\u2022 Oversee office procedures.  \n\u2022 Oversee some aspects of finances, manage an office team and supervise project work.                                      \n\u2022 Manage personal diaries and undertake other non -work -related  errands.  \n\u2022 To prepare MIS Reports fo r improve quality in service performance  \n \n \nCertification s \n \n\u2022 Leading at a Distan ce   \n\u2022 Critical Thinking  \n\u2022 Strategic Thinking  \n\u2022 Problem Solving                                                                                                                                                                                                    \n\u2022 UAE Driving License (License Number 4000348)  \n\u2022 Pitching Yourself                        \n\u2022 Microsoft Office (word, Excel, PowerPoint)  \n\u2022 Cisco Certified Network Professional (CCNP)  \n\u2022 Cisco Certified Network Associate (CCNA)  \n\u2022 Certified Ethical Hacker (CEH ) \n\u2022 Introduction to Cyber Security  \n\u2022 Linux Administration  \n ",
        "macro_dict": {
            "leadership": 76,
            "business development experience": 8,
            "strategic planning": 16
        },
        "micro_dict": {
            "market research": 29,
            "negotiation": 22,
            "seo": 46,
            "data analysis": 3
        },
        "additional_info": "[Fictional Company] values candidates from top-tier universities such as [University A] and [University B]. We support diversity and inclusion in our hiring processes. Relocation assistance is provided on a case-by-case basis. We assess skills through a combination of technical interviews, case studies, and practical tests to ensure the candidate\u2019s fitment with the organizational culture and job requirements.",
        "minimum_requirements": [
            "Bachelor's degree in Business Administration or related field",
            "Strong understanding of sales processes and negotiation skills",
            "Proficiency in business analytics and digital strategy",
            "5+ years of business development experience in a leadership role"
        ],
        "resume": "WAQAS ZULFIQAR  \n \nPROFESSIONAL SUMMARY  \nCustomer -oriented, strategic -thinking sales and management professional with 10 years of experience in building \nrelationships, cultivating partnerships, retaining top accounts and growing profit channels by establishing trust. \nPersuasive, self -motivated leadership professional with expertise on expanding network connections, persuasively \nintro ducing products, educating clients, implementing pricing strategies, territory development, inventory control \nand projections and determining customer needs to deliver solutions. Tactical team builder and strategic planner \nseeking to leverage background to  fulfill robust leadership role with progressive organization . \nSKILLS  \n \n \n\u2022 Team Leadership  \n\u2022 Positive Thinking  \n\u2022 Time Management  \n\u2022 Negotiation Skills               \n\u2022 Problem Solving  \n\u2022 New business dev elopment  \n\u2022 Social Selling                                  \n\u2022 Active Listening                      \n\u2022 Technology  \n\u2022 Fast Lerner         \n\u2022 Vendor management  \n\u2022 Staff management  \n\u2022 Business development and planning  \n\u2022 Forecasting ability  \n\u2022 Verbal and written communication  \n\u2022 Client relations  \n\u2022 Goal -setting  \n\u2022 Inventory management  \n\u2022 Project Management   \n\u2022 Multi -Tasking  \nEducation  \n \nBachelor of  Commerce  (BCOM -IT) 2008  \nAllama  Iqbal  Open  University  (AIOU)  Islamabad, Pakistan  \nComputer Science - Associate  of Science  2004  \nPunjab  College  Sargodha  - Boys  Campus  Sargodha, Punjab  \nWork History  \n \nBusiness  Development  Manager  April, 2020 to  Present  \nMRGT Training &  IT Solution  Islamabad , Pakistan  \n\u2022 Contacting potential clients to establish rapport and arrange \nmeetings.  \n\u2022 Planning  and overseeing new marketing initiatives.  \n\u2022 Researching organizations and individuals to find new opportunities.  \n\u2022 Increasing the value of current customers while attracting new  ones.  \n\u2022 Finding and developing new markets and improving sales.  \n\u2022 Attending conferences, meetings, and industry events.  Sargodha, Pakistan | (0333) 6788771 | waqaszulfiqar84@gmail.com  \u2022 Developing quotes and proposals for clients.  \n\u2022 Developing goals for the development team and business growth and ensuring they are \nmet.  \n\u2022 Training personnel and helping team members develop their skills.  \n\u2022 Forecasted factors such as sales numbers and product profitability to determine ideal strategies.  \n \n \n  Sales  and Operations Executive  April, 2019 to April,  2020  \nDulsco  Head  Office                                                                                                                     Dubai, UAE  \n \n\u2022 Contacting potential clients to establish rapport and arrange meetings.  \n\u2022 Planning and overseeing new marketing initiatives.  \n\u2022 Researching organizations and individuals to find new opportunities.  \n\u2022 Increasing the value of current customers while attracting new  ones.  \n\u2022 Finding and developing new markets and improving sales.  \n\u2022 Attending conferences, meetings, and industry events.  \n\u2022 Developing quotes and proposals for clients.  \n\u2022 To schedule client interviews for shortlisted resources and obtain post interview feedback.  \n\u2022 To meet and counsel daily absenteeism employees along with the welfare and forward the report to \nHRC for the disciplinary action.  \n\u2022 To supervise project deployment and ensure smooth running of projects with zero client complaints.  \n\u2022 To ensure resources report on duty for projects and maintain grooming standards.   \n\u2022 Brief employees prior to deployment -to reduce the work refusal etc. for any new  \nclients.  \n\u2022 Follow up with CRT team with regards to new joiner emergency leave status.  \n\u2022 Prepare and collect the resume for t he list of the skill claimed employees and schedule them for the test \nwith concern dept.  \n\u2022 Maintain records of new site inspection reports along with risk assessment report.  \nPrepare list of the clients with past data for best employee nomination award.  \n \nOperations  Manager  September, 2014 to April,  2019  \nSites power  Institute                                                                                                            Dubai , UAE  \n \n\u2022 Managing daily operational activities & logistics requirements.  \n\u2022 Designing Standard Operations Procedures (SOP\u2019s) for complex tasks & evaluate them by their \nperformance. Establish objectives and strategies in regard to operational structure, competition a nd \npricing of projects.  \n\u2022 Design and negotiate financial solutions, and demonstrate relevant effective management techniques. \nAnalyze and identify needs for logistics and trade services, shipping and other transport modes.  \n\u2022 Develop logistical plans, polici es, and procedures necessary to provide support in the Operational areas of \nsupply, Logistics, transportation, maintenance, and services.  \n\u2022 Taking decisions in difficult situations, in response to bad weather conditions, security alerts or industrial \nrelati ons problems.  \n\u2022 Meets cost standards by monitoring expenses; implementing cost -saving  actions.  \n\u2022 Updates job knowledge by participating in educational opportunities; reading professional publications. \nEnhances department and organization reputation by accep ting ownership for accomplishing new and \ndifferent requests; exploring opportunities to add value to job  accomplishments.   \nSales & Operations Executive  June, 2009 to June,  2014  \nNADRA  Regional  Head  Office  Islamabad                                Islamabad, Pakistan  \n \n \n\u2022 Take instructions provided by manager and complete required tasks.            \n\u2022 Screen and handle telephone calls and manage enquirers.  \n\u2022 Manage post, emails and faxes, issuing responses where possible.                       \n\u2022 Act as a main point of contact.  \n\u2022 Assist managers with meetings and arrange logistics, such as travel and accommodation.                             \n\u2022 Undertake research and  produce documents for meetings.  \n\u2022 Produce letters and, if necessary, reports on behalf of your manager.                    \n\u2022 Oversee office procedures.  \n\u2022 Oversee some aspects of finances, manage an office team and supervise project work.                                      \n\u2022 Manage personal diaries and undertake other non -work -related  errands.  \n\u2022 To prepare MIS Reports fo r improve quality in service performance  \n \n \nCertification s \n \n\u2022 Leading at a Distan ce   \n\u2022 Critical Thinking  \n\u2022 Strategic Thinking  \n\u2022 Problem Solving                                                                                                                                                                                                    \n\u2022 UAE Driving License (License Number 4000348)  \n\u2022 Pitching Yourself                        \n\u2022 Microsoft Office (word, Excel, PowerPoint)  \n\u2022 Cisco Certified Network Professional (CCNP)  \n\u2022 Cisco Certified Network Associate (CCNA)  \n\u2022 Certified Ethical Hacker (CEH ) \n\u2022 Introduction to Cyber Security  \n\u2022 Linux Administration  \n "
    },
    "details": {
        "name": "",
        "number": "",
        "skills": [],
        "email_id": "",
        "location": "",
        "projects": [],
        "education": [],
        "achievements": [],
        "publications": [],
        "certifications": [],
        "additional_urls": [],
        "executive_summary": "",
        "employment_history": []
    }
}