{
    "output": {
        "justification": [],
        "scores": {
            "macro_scores": [],
            "micro_scores": [],
            "requirements": [],
            "aggregated_scores": {}
        },
        "personal_info": {},
        "valid_resume_and_jd": false
    },
    "input": {
        "job_description": "Flibberwock snazzled wibberwonks, drimbly squoil ignups crangled. Thoppo riffle clungoid, zinter frasp manderflute. Blorng plunkos wistfully greebed moxel trundle. Scritchnor bazzle yikfrump, drivulate peebling wogglefump. Frizzlewump dramble snorterfoon, quizzleflump preep wambodle. Zorf mickly grundelicious, marbflib snorkle gleebloid. Throbbing skimple plibber, driffle floopshamblery sporgle.",
        "macro_dict": {
            "experience": 100
        },
        "micro_dict": {
            "ms excel": 31,
            "ms word": 18,
            "stata": 16,
            "linkedin sales navigator": 15,
            "verbal and written communication": 20
        },
        "additional_info": "Innovate Dynamics Ltd. prioritizes applicants from top-tier universities such as [University X] and [University Y]. Relocation assistance is available for candidates willing to move to Hyderabad. Technical skills are assessed through standardized tests and a series of interviews. Our company encourages diversity and inclusivity in the hiring process.",
        "minimum_requirements": [
            "Excellent communication skills",
            "Ability to manage multiple projects simultaneously",
            "3-5 years of experience in business development or related fields"
        ],
        "resume": "SALES MANAGER\nCERTIFICATIONS\nOutbound CallsS A D O O N  Z A H I D\nEDUCATIONAL HISTORY\nSKILLS SUMMARYHubSpot Sales\ncertificate\nCommunication\nskills \nProblem Solving \nTime efficiency Salesforce \nActive Listener\nAppointment\nsetter Attained 200% plus sales attainment\nthroughout my tenure.\nCompleting daily assigned kpis and mentoring\nthe new hiresSENIOR SALES EXECUTIVEIbex Global ( DGS).ACCOUNT EXECUTIVE Keeptruckin\nJan, 2022 - APT 2022Attained 327% sales attainment in probation\nCompleting daily assigned kpis and\nscheduling demosSALES MANAGERRepstack\nGot Enrolled in RSA\nCompleted GHL Trainings\nCompleted HubSpot Sales Certifications\nCreated Looms and Presentations\nWorked as sales manager for USA based Client YauheniAPR 22 - CURRENT\nJAN 22 - APR 22\nJAN 17- MAY 21Acca\nOXFORD BROOKES\nUNIVERSITY\nGCE O/A Levels\nBEACONHOUSE SCHOOL\nMaster Sales\nProgram\nAdvanced Customer\nObjection Handling"
    },
    "details": {
        "name": "",
        "number": "",
        "skills": [],
        "email_id": "",
        "location": "",
        "projects": [],
        "education": [],
        "achievements": [],
        "publications": [],
        "certifications": [],
        "additional_urls": [],
        "executive_summary": "",
        "employment_history": []
    }
}