{
    "output": {
        "justification": [],
        "scores": {
            "macro_scores": [],
            "micro_scores": [],
            "requirements": [],
            "aggregated_scores": {}
        },
        "personal_info": {},
        "valid_resume_and_jd": false
    },
    "input": {
        "job_description": "Zubair Ahmed \nBusiness Development Executive \nA prospective Marketing and Business Analyst, a recipient of Management Sciences from NED University of Engineering & Technology,\nwho endeavors to pose and respond with a results-oriented business attitude in developing creative marketing collateral for diverse\nprojects. Establishes clear standards and enforces protocols for consistent, high-quality results by utilizing interpersonal skills, data\nanalytical skills, excellent time management and problem-solving skills. \nza05760@gmail.com \n03310211624 \nR-280, Sheet 51, Block B, Saima Arabian Villas, Karachi. \nWORK EXPERIENCE \nBusiness Development Executive \nPaymob \n2021 - Present\n, \n \nKarachi \nDe\ufb01ned and integrated roles, responsibilities and processes for\nbusiness team and data management organization. \nCreated spreadsheets using Microsoft Excel for daily, weekly and\nmonthly reporting. \nDeveloped and executed strategic initiatives to implement key\nchanges and improvements in business development and sales\nprograms. \nUsed critical thinking to break down problems, evaluate solutions\nand make decisions. \nMarket Research Analyst \nPrecision Engineering Equipment FZE \n2019 - 2021\n, \n \nKarachi \nWorked closely with product development teams to create and\nmaintain marketing materials for sales presentations and client\nmeetings in the industry. \nAnalyzed pre-season marketing plans to generate better sales and\ncommunicate with customers through calling/emailing. \nDeveloped marketing strategies and resolved problems to drive\nsales, through CRM and managed database information of market. \nUtilized di\ufb00erent tools to analyze marketing and \ufb01nancial trends such\nas, SQL, Excel, & Power BI and suggested measures to reduce costs\nand improve business processes. \nInternship \nUnilever Pakistan \n2019\n, \n \nKarachi \nAnalyzing and scrutinizing the company's requirements for ongoing\nprojects and contracts. \nUpdate and manage internal database for future vendor\u2019s selection\nand their terms, this information is helpful for upcoming projects. \nDeveloped and strengthened supplier relationships. \nEDUCATION \nBS - Management Science \nNED University of Engineering & Technology \n2022\n, \n \nKarachi \nSKILLS \nProblem Solving & Business Analytics \nProduct Development & Strategist \nCRM \nBusiness Communication & Reporting \nSQL \nDigital Marketing \nMarket Research Analyst \nData Science Enthusiast \nLeadership skill \nProject & Brand Management \nHubSpot \nSalesforce \nGood Negociation \nPython \nData Visualization \nTableau \nPower BI \nPERSONAL PROJECTS \nCPEC \n- \nFinal Year Project \nAnalyzing the logistic infrastructure development of Pakistan\nafter CPEC and how it will revamp or rehabilitate the\ninfrastructure of Pakistan by developing the Special\nEconomic Zones. We analyze the di\ufb00erent industrial data in\neach province of Pakistan and the impact of SEZs that will\nreshape the industry economy in Pakistan \nMidas Safety Pakistan \n- \nCourse Project \nProject in Midas Safety Pakistan (Karachi Unit) where I\nidenti\ufb01ed the process involved in manufacturing their\nproducts i.e., Gloves and Safety Sleeves. I basically analyzed\nMidas\u2019s supply chain drivers and examined the use \nof\ninformation technology. \nLANGUAGES \nEnglish \nFull Professional Pro\ufb01ciency \nAchievements/Tasks \nAchievements/Tasks \nAchievements/Tasks ",
        "macro_dict": {
            "leadership": 73,
            "strategic thinking": 27
        },
        "micro_dict": {
            "market research": 18,
            "b2b sales": 19,
            "communication skills": 37,
            "data analysis": 3,
            "it and manufacturing sector knowledge": 23
        },
        "additional_info": "Preferred candidates are from top-tier institutes such as COMSATS University Lahore and Superior University Lahore. Apex Global Solutions supports relocation for the right candidate and offers remote working options. Our hiring process includes a detailed assessment of sales strategies, technical skills through practical scenarios, and behavioral interviews to evaluate cultural fit.",
        "minimum_requirements": [
            "5+ years of experience in business development or sales",
            "Proven ability to develop and implement successful business strategies",
            "Strong understanding of IT and manufacturing industries",
            "Strong proficiency in Microsoft Office Suite",
            "Bachelor's degree in Business Administration, Marketing, or a related field"
        ],
        "resume": "Zubair Ahmed \nBusiness Development Executive \nA prospective Marketing and Business Analyst, a recipient of Management Sciences from NED University of Engineering & Technology,\nwho endeavors to pose and respond with a results-oriented business attitude in developing creative marketing collateral for diverse\nprojects. Establishes clear standards and enforces protocols for consistent, high-quality results by utilizing interpersonal skills, data\nanalytical skills, excellent time management and problem-solving skills. \nza05760@gmail.com \n03310211624 \nR-280, Sheet 51, Block B, Saima Arabian Villas, Karachi. \nWORK EXPERIENCE \nBusiness Development Executive \nPaymob \n2021 - Present\n, \n \nKarachi \nDe\ufb01ned and integrated roles, responsibilities and processes for\nbusiness team and data management organization. \nCreated spreadsheets using Microsoft Excel for daily, weekly and\nmonthly reporting. \nDeveloped and executed strategic initiatives to implement key\nchanges and improvements in business development and sales\nprograms. \nUsed critical thinking to break down problems, evaluate solutions\nand make decisions. \nMarket Research Analyst \nPrecision Engineering Equipment FZE \n2019 - 2021\n, \n \nKarachi \nWorked closely with product development teams to create and\nmaintain marketing materials for sales presentations and client\nmeetings in the industry. \nAnalyzed pre-season marketing plans to generate better sales and\ncommunicate with customers through calling/emailing. \nDeveloped marketing strategies and resolved problems to drive\nsales, through CRM and managed database information of market. \nUtilized di\ufb00erent tools to analyze marketing and \ufb01nancial trends such\nas, SQL, Excel, & Power BI and suggested measures to reduce costs\nand improve business processes. \nInternship \nUnilever Pakistan \n2019\n, \n \nKarachi \nAnalyzing and scrutinizing the company's requirements for ongoing\nprojects and contracts. \nUpdate and manage internal database for future vendor\u2019s selection\nand their terms, this information is helpful for upcoming projects. \nDeveloped and strengthened supplier relationships. \nEDUCATION \nBS - Management Science \nNED University of Engineering & Technology \n2022\n, \n \nKarachi \nSKILLS \nProblem Solving & Business Analytics \nProduct Development & Strategist \nCRM \nBusiness Communication & Reporting \nSQL \nDigital Marketing \nMarket Research Analyst \nData Science Enthusiast \nLeadership skill \nProject & Brand Management \nHubSpot \nSalesforce \nGood Negociation \nPython \nData Visualization \nTableau \nPower BI \nPERSONAL PROJECTS \nCPEC \n- \nFinal Year Project \nAnalyzing the logistic infrastructure development of Pakistan\nafter CPEC and how it will revamp or rehabilitate the\ninfrastructure of Pakistan by developing the Special\nEconomic Zones. We analyze the di\ufb00erent industrial data in\neach province of Pakistan and the impact of SEZs that will\nreshape the industry economy in Pakistan \nMidas Safety Pakistan \n- \nCourse Project \nProject in Midas Safety Pakistan (Karachi Unit) where I\nidenti\ufb01ed the process involved in manufacturing their\nproducts i.e., Gloves and Safety Sleeves. I basically analyzed\nMidas\u2019s supply chain drivers and examined the use \nof\ninformation technology. \nLANGUAGES \nEnglish \nFull Professional Pro\ufb01ciency \nAchievements/Tasks \nAchievements/Tasks \nAchievements/Tasks "
    },
    "details": {
        "name": "",
        "number": "",
        "skills": [],
        "email_id": "",
        "location": "",
        "projects": [],
        "education": [],
        "achievements": [],
        "publications": [],
        "certifications": [],
        "additional_urls": [],
        "executive_summary": "",
        "employment_history": []
    }
}