{
    "output": {
        "justification": [],
        "scores": {
            "macro_scores": [],
            "micro_scores": [],
            "requirements": [],
            "aggregated_scores": {}
        },
        "personal_info": {},
        "valid_resume_and_jd": false
    },
    "input": {
        "job_description": ":\nE-mail\nakash123f@outlook.com\n:\nPhone\n+92 (348) 4356062\n:\nAddress\nBahria Orchard, Lahore Pakistan\nSoftbeats International\nAugust 2019 \u2014 Present\nThe University of Lahore (Main Campus)\nApril 2018 \u2014 July 2019\nAakash Nazir\nObjective\nI have always believed myself to be someone who is capable of making a \ndifference wherever I go and leave my mark. I\nthrive in challenging environments \nthat capacitate learning and growing for an individual. I have strong grit and an \nuntiring\nattitude. I expect myself to work where people are passionate about their \nwork and pay strong emphasis to not only their\nprofessional development but \nalso of their peers. \nWork experience\nManager Sales\n\u00b7\nCurrently responsible for business development and increase Company sales turnover \n\u00b7\nSuccessfully managed to deliver new growth opportunities by expanding in different cities in Pakistan.\n\u00b7\nDeveloped Annual & Monthly Sales Forecast & Projected Revenue.\n\u00b7\nConverting leads into Successful Sales contract\n\u00b7\nEnsuring Monthly Sales Targets, met timely and developing of renewal contracts with existing & new partners/clients.\n\u00b7\nAlso locked sales partners all over Pakistan &1 international partner\n\u00b7\nMeeting with new clients face to face for detailed product demonstrations\n\u00b7\nDevelop and execute strategic business plan in accordance to assigned sales territory & sector\n\u00b7\nMonitor customer buying trends, market conditions, and competitor actions to adjust strategies.\n\u00b7\nResponsible from qualify (Initial Contact) and til Successfully solution deployment at the customer end\n\u00b7\nAligning Sales & Marketing goals to meet company objectives.\nRelationship Officer\n\u00b7\nIncreased revenues and supported business goals by developing public relations strategies and campaigns (Different TV\nCommercials)\n\u00b7\nMonitored, followed-up and escalated cases to meet customer response commitments.\n\u00b7\nProviding assistance to the accounts collection team handling bank accounts related issues (reconciliations)\n\u00b7\nResolving student issues with collaboration of student affairs department\n\u00b7\nCoordinates, develops and promotes programs and services with team aimed at enhancing the student experience\n\u00b7\nMaintain on-going, broad-based consultation and collaboration with students\nAakash Nazir\n1Friesland Campina & Engro Pakistan\nLimited\nJune 2017 \u2014 Feb 2018\nMBA - Sales & Marketing\nSeptember 18 \u2014 Jan 2020\nBachelor\u2019s in business administration\nSeptember 2013 \u2014 December 2017\nIntermediate in Commerce\n2011 \u2014 2013\nMarketing Officer\n\u00b7\nDeveloped creative sales tools, including presentations, trend reports, kitted assets, and product data sheets.\n\u00b7\nConversion of competitor's outlets into Engro exclave's outlets,\n\u00b7\nRetention of existing Outlets\n\u00b7\nMonitoring display, Merchandising, Freezers purity and integrity.\n\u00b7\nTarget follow up and Achievements.\n\u00b7\nWork on three major things on continues basis \u2013Increase sale turnover \u2013 new calls (meetings with new customers) \u2013\nretain existing customers.\n\u00b7\nOversaw development of traditional and social media marketing campaigns to drive sales and customer engagement.\nEducation\nUniversity of Engineering and Technology Lahore\nMajor - Marketing \nCGPA 3.0\nBahauddin Zakariya University, Multan\nMajor - Sales & Marketing\nCGPA 3.17\nAllama Iqbal Commerce College\nMajor - Accounting & Computer sciences \nSkills\nTechnical Skills \nAdept in Microsoft Word & PowerPoint \nFamiliarity in working with VLOOKUP, Pivot Tables, & SUMIF functions, INDEX. \nSkilled in SPSS, Nvivo and SAP Accounting. \nERP solutions - database installation, chart of account mapping and many industries solution with ERP\nInterpersonal Skills \nGood Written and Verbal English, People Skills,  Capable Negotiator, Problem Solving,\nPublic Speaking, Team Leadership, Time and Self-Management. \nInterests\nGlobal Politics, Current Affairs, Book Reading, Music and Travelling\nAakash Nazir\n2References\nTariq Mehmood (0333-4998835) \u2013 Manager Marketing Kohinoor \nMills Ltd Lahore. \nAzhar Mahmood (0345-4668955) \u2013 Engineering Manager PABC \nFaisalabad.\nAakash Nazir\n3",
        "macro_dict": {
            "strategic thinking": 100
        },
        "micro_dict": {
            "sales management": 20,
            "data analysis": 18,
            "stakeholder management": 2,
            "sap erp": 23,
            "salesforce": 20,
            "vistex": 17
        },
        "additional_info": "LuxoTech Solutions values diversity and seeks candidates from a variety of backgrounds and experiences. Preferred institutions include the Institute of Business Administration, Karachi, and FAST NUCES. The company supports hybrid work arrangements and offers relocation assistance for exceptional candidates. Skills are assessed through a combination of technical tests, case studies, and structured interviews with panel members from various departments.",
        "minimum_requirements": [
            "5+ years of experience in sales or key account management",
            "Experience with CRM and ERP systems such as SAP and Salesforce",
            "Proficiency in data analysis and forecasting tools"
        ],
        "resume": ":\nE-mail\nakash123f@outlook.com\n:\nPhone\n+92 (348) 4356062\n:\nAddress\nBahria Orchard, Lahore Pakistan\nSoftbeats International\nAugust 2019 \u2014 Present\nThe University of Lahore (Main Campus)\nApril 2018 \u2014 July 2019\nAakash Nazir\nObjective\nI have always believed myself to be someone who is capable of making a \ndifference wherever I go and leave my mark. I\nthrive in challenging environments \nthat capacitate learning and growing for an individual. I have strong grit and an \nuntiring\nattitude. I expect myself to work where people are passionate about their \nwork and pay strong emphasis to not only their\nprofessional development but \nalso of their peers. \nWork experience\nManager Sales\n\u00b7\nCurrently responsible for business development and increase Company sales turnover \n\u00b7\nSuccessfully managed to deliver new growth opportunities by expanding in different cities in Pakistan.\n\u00b7\nDeveloped Annual & Monthly Sales Forecast & Projected Revenue.\n\u00b7\nConverting leads into Successful Sales contract\n\u00b7\nEnsuring Monthly Sales Targets, met timely and developing of renewal contracts with existing & new partners/clients.\n\u00b7\nAlso locked sales partners all over Pakistan &1 international partner\n\u00b7\nMeeting with new clients face to face for detailed product demonstrations\n\u00b7\nDevelop and execute strategic business plan in accordance to assigned sales territory & sector\n\u00b7\nMonitor customer buying trends, market conditions, and competitor actions to adjust strategies.\n\u00b7\nResponsible from qualify (Initial Contact) and til Successfully solution deployment at the customer end\n\u00b7\nAligning Sales & Marketing goals to meet company objectives.\nRelationship Officer\n\u00b7\nIncreased revenues and supported business goals by developing public relations strategies and campaigns (Different TV\nCommercials)\n\u00b7\nMonitored, followed-up and escalated cases to meet customer response commitments.\n\u00b7\nProviding assistance to the accounts collection team handling bank accounts related issues (reconciliations)\n\u00b7\nResolving student issues with collaboration of student affairs department\n\u00b7\nCoordinates, develops and promotes programs and services with team aimed at enhancing the student experience\n\u00b7\nMaintain on-going, broad-based consultation and collaboration with students\nAakash Nazir\n1Friesland Campina & Engro Pakistan\nLimited\nJune 2017 \u2014 Feb 2018\nMBA - Sales & Marketing\nSeptember 18 \u2014 Jan 2020\nBachelor\u2019s in business administration\nSeptember 2013 \u2014 December 2017\nIntermediate in Commerce\n2011 \u2014 2013\nMarketing Officer\n\u00b7\nDeveloped creative sales tools, including presentations, trend reports, kitted assets, and product data sheets.\n\u00b7\nConversion of competitor's outlets into Engro exclave's outlets,\n\u00b7\nRetention of existing Outlets\n\u00b7\nMonitoring display, Merchandising, Freezers purity and integrity.\n\u00b7\nTarget follow up and Achievements.\n\u00b7\nWork on three major things on continues basis \u2013Increase sale turnover \u2013 new calls (meetings with new customers) \u2013\nretain existing customers.\n\u00b7\nOversaw development of traditional and social media marketing campaigns to drive sales and customer engagement.\nEducation\nUniversity of Engineering and Technology Lahore\nMajor - Marketing \nCGPA 3.0\nBahauddin Zakariya University, Multan\nMajor - Sales & Marketing\nCGPA 3.17\nAllama Iqbal Commerce College\nMajor - Accounting & Computer sciences \nSkills\nTechnical Skills \nAdept in Microsoft Word & PowerPoint \nFamiliarity in working with VLOOKUP, Pivot Tables, & SUMIF functions, INDEX. \nSkilled in SPSS, Nvivo and SAP Accounting. \nERP solutions - database installation, chart of account mapping and many industries solution with ERP\nInterpersonal Skills \nGood Written and Verbal English, People Skills,  Capable Negotiator, Problem Solving,\nPublic Speaking, Team Leadership, Time and Self-Management. \nInterests\nGlobal Politics, Current Affairs, Book Reading, Music and Travelling\nAakash Nazir\n2References\nTariq Mehmood (0333-4998835) \u2013 Manager Marketing Kohinoor \nMills Ltd Lahore. \nAzhar Mahmood (0345-4668955) \u2013 Engineering Manager PABC \nFaisalabad.\nAakash Nazir\n3"
    },
    "details": {
        "name": "",
        "number": "",
        "skills": [],
        "email_id": "",
        "location": "",
        "projects": [],
        "education": [],
        "achievements": [],
        "publications": [],
        "certifications": [],
        "additional_urls": [],
        "executive_summary": "",
        "employment_history": []
    }
}