{
    "output": {
        "justification": [],
        "scores": {
            "macro_scores": [],
            "micro_scores": [],
            "requirements": [],
            "aggregated_scores": {}
        },
        "personal_info": {},
        "valid_resume_and_jd": false
    },
    "input": {
        "job_description": "LANGUAGES SPOKENProspecting, Qualifying, Sales Pipeline Development.\nProduct Demonstrations.\nProduct Owner.\nLead generation and fostering them: Generate the new lead and\nfoster them.\nExamine the requirement of the customer and, maintaining the\ndocuments of requirement.\nSales prospects, maintaining healthy prospects of sales. Acting as a\nliaison between the development team and the business team,\nstaying connected with the Client.\nMonthly demonstration of MVPs to the Clients.\nCold Calling - Cold Emailing: Reaching new clients and taking follow-\nups for future prospects.\nInitiating the relationship with the healthy prospects through\nLinkedIn.\nProduct demonstrations to the clients after setting successful\nmeetings.\nSenior Customer Support Specialist Hired Support | July 2020 - Jan\n2021\nI have joined Hired Support as a Senior Customer Support Specialist\nto foster my written skills.\nReceive and Promptly Respond to Customer Queries.\nDocument Issues and Resolutions.\nLearn About New Products and Services.Keep Truckin\nAccount Executive | Nov 2021 - Present\nViral Square\nBusiness Development Officer | Feb 2021- Nov 2021\nHired Support\nUniversity Of Central Punjab\nMasters of Business Administration 2021 - Present\nI have started my Masters Of Business Administration from the University\nof Central Punjab to foster my expertise even more as per need of the\nmarket, to better understand Sales prospects.\nHazara University\nBachelors of Business Administration 2014 - 2018\nI have done my Bachelors from the University of Hazara securing colorful\ngrades, chose Finance as my major area of research.WORK EXPERIENCE\nEDUCATION HIGHLIGHTSMobile: +923475130731\numersaleemzaman1308@gmail.com\nlinkedin.com/in/umersaleemzaman/ \nJohar Town, Lahore, PakistanUMER SALEEM\nBUSINESS DEVELOPMENT OFFICER\nExperienced Business\nDevelopment & Client\nExecutive with a\ndemonstrated history of\nworking as a sales liaison\nbetween the customer and the\nCompany. I have acuminated\nskills in Client Management,\nRequirement Gathering, and\nConvincing potential\nCustomers, a think-thank who\ndrives execution, highly\nknowledgeable in a wide\nvariety of professional\ndisciplines that maximize\nbrand growth including\nfinance, marketing, and all\nfacets of business operations\nfrom product development to\ncustomer engagement.EXECUTIVE SUMMARY\nLead Generation\nSalesFroce\nSalsLoft\nMicrosoft Office\nZendesk\nTawlk.to\nSales Pipeline\nSales Development\nProduct DemonstrationsSKILLS\nENGLISH\nURDU \nHINDI\n ",
        "macro_dict": {
            "leadership": 25,
            "experience": 30,
            "communication skills": 45
        },
        "micro_dict": {
            "verbal and written communication": 100
        },
        "additional_info": "Innovate Dynamics Ltd. prioritizes applicants from top-tier universities such as [University X] and [University Y]. Relocation assistance is available for candidates willing to move to Hyderabad. Technical skills are assessed through standardized tests and a series of interviews. Our company encourages diversity and inclusivity in the hiring process.",
        "minimum_requirements": [
            "3-5 years of experience in business development or related fields",
            "Excellent communication skills",
            "Proficiency in MS Office Suite and data analysis tools",
            "Ability to manage multiple projects simultaneously"
        ],
        "resume": "LANGUAGES SPOKENProspecting, Qualifying, Sales Pipeline Development.\nProduct Demonstrations.\nProduct Owner.\nLead generation and fostering them: Generate the new lead and\nfoster them.\nExamine the requirement of the customer and, maintaining the\ndocuments of requirement.\nSales prospects, maintaining healthy prospects of sales. Acting as a\nliaison between the development team and the business team,\nstaying connected with the Client.\nMonthly demonstration of MVPs to the Clients.\nCold Calling - Cold Emailing: Reaching new clients and taking follow-\nups for future prospects.\nInitiating the relationship with the healthy prospects through\nLinkedIn.\nProduct demonstrations to the clients after setting successful\nmeetings.\nSenior Customer Support Specialist Hired Support | July 2020 - Jan\n2021\nI have joined Hired Support as a Senior Customer Support Specialist\nto foster my written skills.\nReceive and Promptly Respond to Customer Queries.\nDocument Issues and Resolutions.\nLearn About New Products and Services.Keep Truckin\nAccount Executive | Nov 2021 - Present\nViral Square\nBusiness Development Officer | Feb 2021- Nov 2021\nHired Support\nUniversity Of Central Punjab\nMasters of Business Administration 2021 - Present\nI have started my Masters Of Business Administration from the University\nof Central Punjab to foster my expertise even more as per need of the\nmarket, to better understand Sales prospects.\nHazara University\nBachelors of Business Administration 2014 - 2018\nI have done my Bachelors from the University of Hazara securing colorful\ngrades, chose Finance as my major area of research.WORK EXPERIENCE\nEDUCATION HIGHLIGHTSMobile: +923475130731\numersaleemzaman1308@gmail.com\nlinkedin.com/in/umersaleemzaman/ \nJohar Town, Lahore, PakistanUMER SALEEM\nBUSINESS DEVELOPMENT OFFICER\nExperienced Business\nDevelopment & Client\nExecutive with a\ndemonstrated history of\nworking as a sales liaison\nbetween the customer and the\nCompany. I have acuminated\nskills in Client Management,\nRequirement Gathering, and\nConvincing potential\nCustomers, a think-thank who\ndrives execution, highly\nknowledgeable in a wide\nvariety of professional\ndisciplines that maximize\nbrand growth including\nfinance, marketing, and all\nfacets of business operations\nfrom product development to\ncustomer engagement.EXECUTIVE SUMMARY\nLead Generation\nSalesFroce\nSalsLoft\nMicrosoft Office\nZendesk\nTawlk.to\nSales Pipeline\nSales Development\nProduct DemonstrationsSKILLS\nENGLISH\nURDU \nHINDI\n "
    },
    "details": {
        "name": "",
        "number": "",
        "skills": [],
        "email_id": "",
        "location": "",
        "projects": [],
        "education": [],
        "achievements": [],
        "publications": [],
        "certifications": [],
        "additional_urls": [],
        "executive_summary": "",
        "employment_history": []
    }
}