{
    "output": {
        "justification": [],
        "scores": {
            "macro_scores": [],
            "micro_scores": [],
            "requirements": [],
            "aggregated_scores": {}
        },
        "personal_info": {},
        "valid_resume_and_jd": false
    },
    "input": {
        "job_description": " \n \nEXPERIENCE  \nBusiness Development Manager  @FINLOYD  (2012  > Present)  \nI. Develop ing growth strategies by analyzing market strategies.  \nII. Making N egotiating strategies by integration of new venture \nwith company strategies.  \nIII. To Secure & Protect the company\u2019s confidential information.  \nIV. Managing & Retaining Relationship with existing Clien ts. \nV. Developing Sales goals for team & ensure they met.  \nVI. Making q uotes & Proposals  \n \n \n Sales Team Mentor  @ALPHA Group (2010 -2012 ) \n I. To evaluate new opportunities by quantifies  business \nintelligence.  \nII. Promotes a professional company image by excellent services, \nsales & Communication skills.  \nIII. Possess a strong knowledge of product  & our competitors in the \nindustry.  \nIV. Ability to solve the tough problems with creative talents.  \n \n Sales Executive @ALPHA Group (2009-2010 ) \n I. Planning & Organizing d aily work schedule on potential clients  \nII. Making Business Presentations according to the industry.  \nIII. Organizational skills are important in order to pri oritize tasks & \nmeet deadlines.  \nIV. To Expand the clients, teamwork skills are very much efficient.  \nEDUCATION  \nSikkim Manipal University  (2009 -2013) \nBBA- Bachelor in Business Administrations.  \nWESTECH COLLEGE, UK  (2006-2007)  \nDiploma in Business Administrations, DBA  ABOUT ME  \n1. I am always into maintaining fruitful \nrelationships with existing clients.  \n2. Ability to handle pressure & meet \ndeadlines.  \n3. In depth knowledge of security \nindustry fields.  \n4. Excellent time management & \norganizations.  \n5. Strong Proficiency in Microsoft \nword, Excel, Power Point & E -media \nCS, ZOHO, Card Presso.  \n6. Ability to communicate informations \nwith the technical client in a concise \nmanner.  \n7. Technical skills of providing the \nclients with the better & convincin g \nsolutions.  \n8. Excellent organizational skills with \nemphasis on priorities & goal \nsetting.  \n9. Experiences working to & exceeding \ntargets.  \n10. Able to provide quality leadership to \na large team of sales people.  Zain Younas  \nSenior Business development/ Business \ndevelopment Specialist/ Sales Team Leader/ Sr. \nSecurity Consultant/ Sales Specialist.  \nMob# +966544352196  ---- zainyounas@gmail.com  \nEXPER TISE \nSales  Goals  \nMarket Knowledge  \nTerritory M anagement  \nCommunication  Skills  \nManagement Skills  \nNegotiation Skills  ",
        "macro_dict": {
            "leadership": 32,
            "experience": 27,
            "communication skills": 41
        },
        "micro_dict": {
            "ms excel": 66,
            "ms word": 34
        },
        "additional_info": "Innovate Dynamics Ltd. prioritizes applicants from top-tier universities such as [University X] and [University Y]. Relocation assistance is available for candidates willing to move to Hyderabad. Technical skills are assessed through standardized tests and a series of interviews. Our company encourages diversity and inclusivity in the hiring process.",
        "minimum_requirements": [
            "Ability to manage multiple projects simultaneously"
        ],
        "resume": " \n \nEXPERIENCE  \nBusiness Development Manager  @FINLOYD  (2012  > Present)  \nI. Develop ing growth strategies by analyzing market strategies.  \nII. Making N egotiating strategies by integration of new venture \nwith company strategies.  \nIII. To Secure & Protect the company\u2019s confidential information.  \nIV. Managing & Retaining Relationship with existing Clien ts. \nV. Developing Sales goals for team & ensure they met.  \nVI. Making q uotes & Proposals  \n \n \n Sales Team Mentor  @ALPHA Group (2010 -2012 ) \n I. To evaluate new opportunities by quantifies  business \nintelligence.  \nII. Promotes a professional company image by excellent services, \nsales & Communication skills.  \nIII. Possess a strong knowledge of product  & our competitors in the \nindustry.  \nIV. Ability to solve the tough problems with creative talents.  \n \n Sales Executive @ALPHA Group (2009-2010 ) \n I. Planning & Organizing d aily work schedule on potential clients  \nII. Making Business Presentations according to the industry.  \nIII. Organizational skills are important in order to pri oritize tasks & \nmeet deadlines.  \nIV. To Expand the clients, teamwork skills are very much efficient.  \nEDUCATION  \nSikkim Manipal University  (2009 -2013) \nBBA- Bachelor in Business Administrations.  \nWESTECH COLLEGE, UK  (2006-2007)  \nDiploma in Business Administrations, DBA  ABOUT ME  \n1. I am always into maintaining fruitful \nrelationships with existing clients.  \n2. Ability to handle pressure & meet \ndeadlines.  \n3. In depth knowledge of security \nindustry fields.  \n4. Excellent time management & \norganizations.  \n5. Strong Proficiency in Microsoft \nword, Excel, Power Point & E -media \nCS, ZOHO, Card Presso.  \n6. Ability to communicate informations \nwith the technical client in a concise \nmanner.  \n7. Technical skills of providing the \nclients with the better & convincin g \nsolutions.  \n8. Excellent organizational skills with \nemphasis on priorities & goal \nsetting.  \n9. Experiences working to & exceeding \ntargets.  \n10. Able to provide quality leadership to \na large team of sales people.  Zain Younas  \nSenior Business development/ Business \ndevelopment Specialist/ Sales Team Leader/ Sr. \nSecurity Consultant/ Sales Specialist.  \nMob# +966544352196  ---- zainyounas@gmail.com  \nEXPER TISE \nSales  Goals  \nMarket Knowledge  \nTerritory M anagement  \nCommunication  Skills  \nManagement Skills  \nNegotiation Skills  "
    },
    "details": {
        "name": "",
        "number": "",
        "skills": [],
        "email_id": "",
        "location": "",
        "projects": [],
        "education": [],
        "achievements": [],
        "publications": [],
        "certifications": [],
        "additional_urls": [],
        "executive_summary": "",
        "employment_history": []
    }
}