{
    "output": {
        "justification": [],
        "scores": {
            "macro_scores": [],
            "micro_scores": [],
            "requirements": [],
            "aggregated_scores": {}
        },
        "personal_info": {},
        "valid_resume_and_jd": false
    },
    "input": {
        "job_description": "1   \n \nAHMED BIN TARIQ  \nAddress : House No 75 Block  B Tajpura scheme Mughal Pura, Lahore  \nCell: +92320 -4103609 | Email ID : abtariq110@gmail.com  \nDate of Birth : 29/08/1993  \nLinkedIn Profile : https://www.linkedin.com/in/ahmed -bin-tariq -26273816a  \n \n \nEDUCATION & QUALIFICATIONS  \n \n1. Master of  Business  Administration  Continue  \nLahore Garrison University  \n2. Bachelors  in Business  Administration  (Honors)  Oct 2016  \nLahore Garrison University  \n3. Intermediate  (Sciences)  Jun 2012  \nPunjab Group of Colleges  \n4. Matriculation  (Sciences)  Sep 2010  \nSaint Anthony\u2019s High School  \n \n \nPROFESSIONAL EXPERIENCE  \n \nBMW \u2013 Dewan Motors Pvt Ltd                                                                                                                                          May 2022 - Continue  \nAssistant Manager Customer Relations,  \n\u2022 Managing  a portfolio  of over  250+  Premium customers (including group CEO and Di rectors) . \n\u2022 Prospecting  and building  new business  from  existing  & new lead. \n\u2022 Sold Three new Cars  within 2 months\u2019 worth  11Crore  (2 Electric and 1 Engine based) with out any  help or prospects.  \n\u2022 Added 3 million of business by up selling and selling BMW Lifestyle items . \n\u2022 Firm grip on customer insights  and aftermarket  dealings. \n\u2022 Proper know how  on parts availability  whether they are local suppliers or it is from BMW  Germany . \n\u2022 Prope rly report regarding th e estimate follow -ups \n \nKasmy Packages  Pvt Ltd                                                                                                                                                 Feb 2022 \u2013 May 2022  \nAssistant Manager Sales, Industrial Marketing & Sales (BUFP)  \n\u2022 Managing  a portfolio  of over  10 million  per annum  revenue.  \n\u2022 Prospecting  and building  new business  from  existing  & new accounts  \n\u2022 Added  15 million  worth  of new revenue  to my portfolio for this fiscal year.  \n \nPackages  Limited                                                                                                                                                           Nov 2019 \u2013 March 2021  \nAssistant Manager Sales, Industrial Marketing & Sales (BUFP)  \n\u2022 Managing  a portfoli o of over  300 million  per annum  revenue.  \n\u2022 Prospecting  and building  new business  from  existing  & new accounts  \n\u2022 Added  approx.  30 million  worth  of new revenue  to my portfolio.  \n \nMind Bridge  Pvt Ltd                                                                                                                                         March2019 \u2013 Aug 2019  \nEmail Support Executive for Uber London.  \n\u2022 Relationship development with Uber and the  customer.  \n\u2022 Aftersales  Services.  \n\u2022 Refund Strategy development for customers and which helps them to increase  sales.  \n \n \n \n2   \n \nKUKS  Pvt Ltd                                                                                                                                                         Aug 2018 \u2013 Feb 2019                                      \nAsst. Manager Sales and Marketing  \n\u2022 Relationship development with customer and  restaurant.  \n\u2022 On boarding well known restaurant and negotiating share  percentage.  \n\u2022 After sales  Services . \n\u2022 Organizing food mob as a brand  activity.  \n\u2022 Also organized phone branding software area to  area.  \n \nDeSOM                                                                                                                                                                   Feb 2015 - July 2018  \nSupply chain and marketing Dept  \n\u2022 Designing and implementing new strategies  for social media  campaigns.  \n\u2022 Allocating and designating budgets for monthly supplies and  campaigns.  \n\u2022 Started from low end as a Restaurant  manager  \n\u2022 Learned what is customer service and its  importance.  \n \n \n \nPROJECTS  \n \nMarketing Strategy: Presented on the topic \u201cHo w to be a great lead in customer service and effecting it with your \nbehavior\u201d.  \nAdvanced Operations Management: Analyzed supply chain system of Packages limited w.r.t dynamics.  \nMarketing Research: Researched and presented solutions for the problem of low sales volume for \u201cDeSOM\u201d  \n \n \nADDITIONAL EXPERIENCE  \nGeneral Secretary , Business  Management  Club  2014 \u2013 2015  \n\u2022 Conducted and promoted several university trips to Northern areas with my team of 12  members.  \nTeam Leader,  Polo  Club              2015 - 2016  \n\u2022 I was the team leader university polo club  team.  \n\u2022 Going to be a certified Customer Re lation M anager By BMW.  \n \n \nHONORS, AWARDS & TRAININGS  \n \n\u2022 3rd Position representing LGU at LUMS supply chain  summit.  \n\u2022  1st position in university for finishing the fairy meadow  trek.  \n\u2022  1st position in university dramatic  competition  \n\u2022  Hands on experience on SAP for 2.5 years  \n \n \n \nSKILLS & INTERESTS  \n \n\u2022 Competent user of Microsoft Office, SAP & CRM  systems.  \n\u2022 Vast interest in travelling, hiking and keeping pet. Pets make your surroundings relaxed.  \n\u2022 I am professional horse rider and beginner level swimmer.3   ",
        "macro_dict": {
            "leadership": 45,
            "experience": 17,
            "innovation and adaptability": 38
        },
        "micro_dict": {
            "c++, html, css": 4,
            "business intelligence tools (power bi, sql, tableau)": 19,
            "project management": 77
        },
        "additional_info": "Innovate Connections Inc. prefers candidates from recognized universities such as the University of Management & Technology and Lahore School of Economics. We encourage a remote working environment but require physical presence for team-building and strategic sessions twice a quarter. Relocation assistance is available for exceptional candidates. Our comprehensive assessment includes a technical test followed by structured interviews to evaluate both technical and soft skills comprehensively.",
        "minimum_requirements": [
            "Experience with business intelligence tools such as Power BI, SQL, and Tableau",
            "Strong communication and interpersonal skills",
            "Bachelor's degree in Computer Science, Business, or a related field",
            "3+ years of experience in lead generation or business intelligence"
        ],
        "resume": "1   \n \nAHMED BIN TARIQ  \nAddress : House No 75 Block  B Tajpura scheme Mughal Pura, Lahore  \nCell: +92320 -4103609 | Email ID : abtariq110@gmail.com  \nDate of Birth : 29/08/1993  \nLinkedIn Profile : https://www.linkedin.com/in/ahmed -bin-tariq -26273816a  \n \n \nEDUCATION & QUALIFICATIONS  \n \n1. Master of  Business  Administration  Continue  \nLahore Garrison University  \n2. Bachelors  in Business  Administration  (Honors)  Oct 2016  \nLahore Garrison University  \n3. Intermediate  (Sciences)  Jun 2012  \nPunjab Group of Colleges  \n4. Matriculation  (Sciences)  Sep 2010  \nSaint Anthony\u2019s High School  \n \n \nPROFESSIONAL EXPERIENCE  \n \nBMW \u2013 Dewan Motors Pvt Ltd                                                                                                                                          May 2022 - Continue  \nAssistant Manager Customer Relations,  \n\u2022 Managing  a portfolio  of over  250+  Premium customers (including group CEO and Di rectors) . \n\u2022 Prospecting  and building  new business  from  existing  & new lead. \n\u2022 Sold Three new Cars  within 2 months\u2019 worth  11Crore  (2 Electric and 1 Engine based) with out any  help or prospects.  \n\u2022 Added 3 million of business by up selling and selling BMW Lifestyle items . \n\u2022 Firm grip on customer insights  and aftermarket  dealings. \n\u2022 Proper know how  on parts availability  whether they are local suppliers or it is from BMW  Germany . \n\u2022 Prope rly report regarding th e estimate follow -ups \n \nKasmy Packages  Pvt Ltd                                                                                                                                                 Feb 2022 \u2013 May 2022  \nAssistant Manager Sales, Industrial Marketing & Sales (BUFP)  \n\u2022 Managing  a portfolio  of over  10 million  per annum  revenue.  \n\u2022 Prospecting  and building  new business  from  existing  & new accounts  \n\u2022 Added  15 million  worth  of new revenue  to my portfolio for this fiscal year.  \n \nPackages  Limited                                                                                                                                                           Nov 2019 \u2013 March 2021  \nAssistant Manager Sales, Industrial Marketing & Sales (BUFP)  \n\u2022 Managing  a portfoli o of over  300 million  per annum  revenue.  \n\u2022 Prospecting  and building  new business  from  existing  & new accounts  \n\u2022 Added  approx.  30 million  worth  of new revenue  to my portfolio.  \n \nMind Bridge  Pvt Ltd                                                                                                                                         March2019 \u2013 Aug 2019  \nEmail Support Executive for Uber London.  \n\u2022 Relationship development with Uber and the  customer.  \n\u2022 Aftersales  Services.  \n\u2022 Refund Strategy development for customers and which helps them to increase  sales.  \n \n \n \n2   \n \nKUKS  Pvt Ltd                                                                                                                                                         Aug 2018 \u2013 Feb 2019                                      \nAsst. Manager Sales and Marketing  \n\u2022 Relationship development with customer and  restaurant.  \n\u2022 On boarding well known restaurant and negotiating share  percentage.  \n\u2022 After sales  Services . \n\u2022 Organizing food mob as a brand  activity.  \n\u2022 Also organized phone branding software area to  area.  \n \nDeSOM                                                                                                                                                                   Feb 2015 - July 2018  \nSupply chain and marketing Dept  \n\u2022 Designing and implementing new strategies  for social media  campaigns.  \n\u2022 Allocating and designating budgets for monthly supplies and  campaigns.  \n\u2022 Started from low end as a Restaurant  manager  \n\u2022 Learned what is customer service and its  importance.  \n \n \n \nPROJECTS  \n \nMarketing Strategy: Presented on the topic \u201cHo w to be a great lead in customer service and effecting it with your \nbehavior\u201d.  \nAdvanced Operations Management: Analyzed supply chain system of Packages limited w.r.t dynamics.  \nMarketing Research: Researched and presented solutions for the problem of low sales volume for \u201cDeSOM\u201d  \n \n \nADDITIONAL EXPERIENCE  \nGeneral Secretary , Business  Management  Club  2014 \u2013 2015  \n\u2022 Conducted and promoted several university trips to Northern areas with my team of 12  members.  \nTeam Leader,  Polo  Club              2015 - 2016  \n\u2022 I was the team leader university polo club  team.  \n\u2022 Going to be a certified Customer Re lation M anager By BMW.  \n \n \nHONORS, AWARDS & TRAININGS  \n \n\u2022 3rd Position representing LGU at LUMS supply chain  summit.  \n\u2022  1st position in university for finishing the fairy meadow  trek.  \n\u2022  1st position in university dramatic  competition  \n\u2022  Hands on experience on SAP for 2.5 years  \n \n \n \nSKILLS & INTERESTS  \n \n\u2022 Competent user of Microsoft Office, SAP & CRM  systems.  \n\u2022 Vast interest in travelling, hiking and keeping pet. Pets make your surroundings relaxed.  \n\u2022 I am professional horse rider and beginner level swimmer.3   "
    },
    "details": {
        "name": "",
        "number": "",
        "skills": [],
        "email_id": "",
        "location": "",
        "projects": [],
        "education": [],
        "achievements": [],
        "publications": [],
        "certifications": [],
        "additional_urls": [],
        "executive_summary": "",
        "employment_history": []
    }
}