{
    "output": {
        "justification": [],
        "scores": {
            "macro_scores": [],
            "micro_scores": [],
            "requirements": [],
            "aggregated_scores": {}
        },
        "personal_info": {},
        "valid_resume_and_jd": false
    },
    "input": {
        "job_description": "MUHAMMAD FURQAN  \nAddress:  399 M, LDA Avenue One, Lahore  \nCell# 0332 -4845514 , Email: \nfurqan_zaheer@hotmail.com  \n \n \nObjective  _ \nSeeking a challenging position that would utilize my skills and challenge various abilities in the \nreal world. Looking for an organization that offers career growth  and a chance to achieve goals \nthrough persistence and hard work.  \nProfessional  Qualification   \n\u2022 Conceptually strong, articulate, extrovert and commercially  inclined.  \n\u2022 Assure the timely & accurate preparation & submission of  reports  \n\u2022 Strong interpersonal; communication skills with an ability to communicate with people  at \nall levels.  \n\u2022 \nand can render highest standard customer service.  \nProfessional  Experie nce  \nDany Technologies.  \nI have recently joined Dany Technologies from June 2021 till Present.  \n \nKey Account Executive  (Acting  Manager)  \nSupervise sales operations of sales team. \nImplement strategies to be available on all LMT\u2019s.  \nDeveloped the date base of LMT\u2019s of the regi on \nfrom scratch.  \n   Retain existing customers by providing prompt  customer  services.  \n   Supervise accounts receivables team in collecting  balances.  \nSupervise field marketing and sales force.  \nAnalyze field reports and prepare sales documents.  \nMeet with customers to address concerns and provide \nsolutions. Discover sales opportunities through consumer \nresearch.  \nPresent products to prospective customers.  \nConduct training in sales techniques and  company product \nattributes.  \nPrepare and submit reports to the National Sales Manager.\n \n \n \nAble to handle various works under pressure in a challenging & demandingenvironmentRed bull Pakistan.  \nI am working in Red Bull from Oct 2020 till June 2021.  \n \n \n \n Maximize volume and revenue in key assigned food service accounts by \n \n Responsibility to acquire new food service accounts for entire  region.  \n Activate marketplace initiatives and promotions to build brand development and \nmaximize brand performance  \n Identifying market potential in order to establish new account, achieve food \nservice sales volume  goals . \n Maintain, monitor, and regularly evaluate pricing and contracts with customer s \nso as to provide products . \n Approval and critique of promotional programs with the objective of improving \neffectiveness and efficiency in trade spending and brand consumption \ndevelopment.  \n Develops and executes effective HORECA account -specific marketing & Sales \nprograms.  \n \nSigma Distributors (Pvt.) Ltd.  \nI am working in this company from February 2018 till  Oct 2021. \n \nSales & Marketing Executive  \nMy key responsibilities include sales & marketing of Red Rumi and Red Bull.  \nMajor responsibilities in Red Rumi  include:  \nOverseeing and developing promotional campaigns for sale.  \nConducting research and analyzing data to identify and define audiences. \nPresent products to prospective customers in HORECA sector.  \nMeeting with HOR ECA Clients on daily basis.  \nIdentifying potential clients to establish new \naccounts in HORECA sector in region.  \nMajor responsibilities in Red Bull  include:  \n \n \n \nof half region from scratch.  \n   \n   Supervise accounts receivables team in collecting  balances.  \nSupervise field marketing and sales force.  \nAnalyze field reports and prepare sales documents.  \nMeet with customers to address concerns and provide \nsolutions.  \nutilizing fact-based selling methods\nSupervise sales operations of sales team.\nImplement strategies to be available on all LMT\u2019s and IMT's.\nDeveloped the date base of LMT\u2019, IMT's and GT customer\nRetain existing customers by providing prompt customer services.Sales SupervisorPresent products to prospective customers.  \n   Assess sales performance according to  KPIs.  \nPrepare and submit reports to the Regional Sales Manager.  \nCube Discipline  \nI am working in this multinational company from August 2016 till February 2018.  \nTeam lead Sales &  Marketing  \nMajor responsibilities  include  \nLeads generation Management \nManaging Team  \nGenerating Sales Report (Daily & Monthly)  \nDirect liaising with HR managers and Companies Head \nAfter Sales services  \nReport Analysis  \nTTL (Job fair, Events)  \nBTL (Telema rketing, Email Marketing, SMS Marketing) \nClient Meetings  \nPakistan Telecommunication Company Ltd. (PTCL)  \n1-year paid internship in marketing from Jan 2014 to Feb 2015  \nMajor responsibilities include  \n Comp laint Handling  \n Customer Services  \n BTL(Direct M arketing ) \n Sales (Evo, Charji, Broadband)  \n \nWarid Telecom  \nI have worked in this company from 10 October 2012 to 31 January 2014.  \nCustomer Service Representative  \nMajor responsibilities include  \n Complaint Handling  \n Customer Services  \n After Sales Services  \n Telemarketing  \n \nProfessional Skills:  \n Time Management \u2013 work under tremendous work pressure and meet with deadlines with \nease and efficiency  \n Enthusiastic and result oriented \u201cCan Do\u201d attitude  \n Can easily adjust or adopt new working environment.  \n Excellent Communication & Interpersonal Skills . \n Expert in Computer Operating Systems, Microsoft Office 2003/2007  \nEducational Background:  \n   Master of Business Administration   \nMajor in Marketing  \nNUCES -Fast \n2014 \u2013 2015  \nBachelor of Business Administration  \nMajor in Marketing  \nGlobal Institute, Lahore  \n2008 \u2013 2012  \nF.Sc (Pre engineering)  \nGovt. Islamia College  Civil lines, Lahore  \n2006 \u2013 2008  \nProjects/Research Work:  \n\u2022 Research work on \u201cQuality of KFC zinger burger\u201d  \n\u2022 Business Plan on \u201cOnline fast-food  restaurant\u201d  \n\u2022 Marketing Plan on \u201cLaunching MP3 watch\u201d  \n \nPersonal Details:  \nCNIC    :  35202 -6377049 -7 \nBirth date   : 14th September 1990  \nMarital Status   :  Single  \nLanguages known  :  English, Urdu, Punjabi  \nSpecial Skills   :  Expertise in Project management, Office administration, MS Office  \n    Software and Spread sheets, Internet.  \nPostal Address   :  House # 4, Street # 93 Chowk Nagina Baghban Pura Lahore.   ",
        "macro_dict": {
            "leadership": 4,
            "experience": 56,
            "strategic thinking": 40
        },
        "micro_dict": {
            "b2b sales": 100
        },
        "additional_info": "Preferred candidates are from top-tier institutes such as COMSATS University Lahore and Superior University Lahore. Apex Global Solutions supports relocation for the right candidate and offers remote working options. Our hiring process includes a detailed assessment of sales strategies, technical skills through practical scenarios, and behavioral interviews to evaluate cultural fit.",
        "minimum_requirements": [
            "Strong understanding of IT and manufacturing industries",
            "Strong proficiency in Microsoft Office Suite",
            "5+ years of experience in business development or sales",
            "Bachelor's degree in Business Administration, Marketing, or a related field"
        ],
        "resume": "MUHAMMAD FURQAN  \nAddress:  399 M, LDA Avenue One, Lahore  \nCell# 0332 -4845514 , Email: \nfurqan_zaheer@hotmail.com  \n \n \nObjective  _ \nSeeking a challenging position that would utilize my skills and challenge various abilities in the \nreal world. Looking for an organization that offers career growth  and a chance to achieve goals \nthrough persistence and hard work.  \nProfessional  Qualification   \n\u2022 Conceptually strong, articulate, extrovert and commercially  inclined.  \n\u2022 Assure the timely & accurate preparation & submission of  reports  \n\u2022 Strong interpersonal; communication skills with an ability to communicate with people  at \nall levels.  \n\u2022 \nand can render highest standard customer service.  \nProfessional  Experie nce  \nDany Technologies.  \nI have recently joined Dany Technologies from June 2021 till Present.  \n \nKey Account Executive  (Acting  Manager)  \nSupervise sales operations of sales team. \nImplement strategies to be available on all LMT\u2019s.  \nDeveloped the date base of LMT\u2019s of the regi on \nfrom scratch.  \n   Retain existing customers by providing prompt  customer  services.  \n   Supervise accounts receivables team in collecting  balances.  \nSupervise field marketing and sales force.  \nAnalyze field reports and prepare sales documents.  \nMeet with customers to address concerns and provide \nsolutions. Discover sales opportunities through consumer \nresearch.  \nPresent products to prospective customers.  \nConduct training in sales techniques and  company product \nattributes.  \nPrepare and submit reports to the National Sales Manager.\n \n \n \nAble to handle various works under pressure in a challenging & demandingenvironmentRed bull Pakistan.  \nI am working in Red Bull from Oct 2020 till June 2021.  \n \n \n \n Maximize volume and revenue in key assigned food service accounts by \n \n Responsibility to acquire new food service accounts for entire  region.  \n Activate marketplace initiatives and promotions to build brand development and \nmaximize brand performance  \n Identifying market potential in order to establish new account, achieve food \nservice sales volume  goals . \n Maintain, monitor, and regularly evaluate pricing and contracts with customer s \nso as to provide products . \n Approval and critique of promotional programs with the objective of improving \neffectiveness and efficiency in trade spending and brand consumption \ndevelopment.  \n Develops and executes effective HORECA account -specific marketing & Sales \nprograms.  \n \nSigma Distributors (Pvt.) Ltd.  \nI am working in this company from February 2018 till  Oct 2021. \n \nSales & Marketing Executive  \nMy key responsibilities include sales & marketing of Red Rumi and Red Bull.  \nMajor responsibilities in Red Rumi  include:  \nOverseeing and developing promotional campaigns for sale.  \nConducting research and analyzing data to identify and define audiences. \nPresent products to prospective customers in HORECA sector.  \nMeeting with HOR ECA Clients on daily basis.  \nIdentifying potential clients to establish new \naccounts in HORECA sector in region.  \nMajor responsibilities in Red Bull  include:  \n \n \n \nof half region from scratch.  \n   \n   Supervise accounts receivables team in collecting  balances.  \nSupervise field marketing and sales force.  \nAnalyze field reports and prepare sales documents.  \nMeet with customers to address concerns and provide \nsolutions.  \nutilizing fact-based selling methods\nSupervise sales operations of sales team.\nImplement strategies to be available on all LMT\u2019s and IMT's.\nDeveloped the date base of LMT\u2019, IMT's and GT customer\nRetain existing customers by providing prompt customer services.Sales SupervisorPresent products to prospective customers.  \n   Assess sales performance according to  KPIs.  \nPrepare and submit reports to the Regional Sales Manager.  \nCube Discipline  \nI am working in this multinational company from August 2016 till February 2018.  \nTeam lead Sales &  Marketing  \nMajor responsibilities  include  \nLeads generation Management \nManaging Team  \nGenerating Sales Report (Daily & Monthly)  \nDirect liaising with HR managers and Companies Head \nAfter Sales services  \nReport Analysis  \nTTL (Job fair, Events)  \nBTL (Telema rketing, Email Marketing, SMS Marketing) \nClient Meetings  \nPakistan Telecommunication Company Ltd. (PTCL)  \n1-year paid internship in marketing from Jan 2014 to Feb 2015  \nMajor responsibilities include  \n Comp laint Handling  \n Customer Services  \n BTL(Direct M arketing ) \n Sales (Evo, Charji, Broadband)  \n \nWarid Telecom  \nI have worked in this company from 10 October 2012 to 31 January 2014.  \nCustomer Service Representative  \nMajor responsibilities include  \n Complaint Handling  \n Customer Services  \n After Sales Services  \n Telemarketing  \n \nProfessional Skills:  \n Time Management \u2013 work under tremendous work pressure and meet with deadlines with \nease and efficiency  \n Enthusiastic and result oriented \u201cCan Do\u201d attitude  \n Can easily adjust or adopt new working environment.  \n Excellent Communication & Interpersonal Skills . \n Expert in Computer Operating Systems, Microsoft Office 2003/2007  \nEducational Background:  \n   Master of Business Administration   \nMajor in Marketing  \nNUCES -Fast \n2014 \u2013 2015  \nBachelor of Business Administration  \nMajor in Marketing  \nGlobal Institute, Lahore  \n2008 \u2013 2012  \nF.Sc (Pre engineering)  \nGovt. Islamia College  Civil lines, Lahore  \n2006 \u2013 2008  \nProjects/Research Work:  \n\u2022 Research work on \u201cQuality of KFC zinger burger\u201d  \n\u2022 Business Plan on \u201cOnline fast-food  restaurant\u201d  \n\u2022 Marketing Plan on \u201cLaunching MP3 watch\u201d  \n \nPersonal Details:  \nCNIC    :  35202 -6377049 -7 \nBirth date   : 14th September 1990  \nMarital Status   :  Single  \nLanguages known  :  English, Urdu, Punjabi  \nSpecial Skills   :  Expertise in Project management, Office administration, MS Office  \n    Software and Spread sheets, Internet.  \nPostal Address   :  House # 4, Street # 93 Chowk Nagina Baghban Pura Lahore.   "
    },
    "details": {
        "name": "",
        "number": "",
        "skills": [],
        "email_id": "",
        "location": "",
        "projects": [],
        "education": [],
        "achievements": [],
        "publications": [],
        "certifications": [],
        "additional_urls": [],
        "executive_summary": "",
        "employment_history": []
    }
}