{
    "output": {
        "justification": [
            "Candidate has significant experience in leadership roles, managing business development teams, which demonstrates strong leadership.",
            "No direct experience in managing complex data analytics projects, which is crucial for the role.",
            "The candidate's experience is more focused on business expansion and client acquisition rather than technical expertise in pre-sales consulting or solution architecture.",
            "Lack of demonstrated use or proficiency in data management software such as PowerBI."
        ],
        "scores": {
            "macro_scores": [
                {
                    "criteria": "project management experience",
                    "score": 5
                },
                {
                    "criteria": "technical expertise",
                    "score": 3
                }
            ],
            "micro_scores": [
                {
                    "criteria": "data management",
                    "score": 2
                },
                {
                    "criteria": "pre-sales consulting",
                    "score": 4
                },
                {
                    "criteria": "solution architecture",
                    "score": 3
                },
                {
                    "criteria": "powerbi",
                    "score": 1
                }
            ],
            "requirements": [
                {
                    "criteria": "Strong understanding of Agile and SCRUM methodologies",
                    "meets": false
                },
                {
                    "criteria": "Master's degree in Computer Science, Business Administration, or related field",
                    "meets": false
                }
            ],
            "aggregated_scores": {
                "macro_scores": 4.18,
                "micro_scores": 2.02
            }
        },
        "personal_info": {
            "name": "Aabeer Suhail Bukhari",
            "email": "aabeerbukhar.as@gmail.com",
            "phone": "+92 321 4334769",
            "current_position": "Business Development Manager",
            "current_company": "Wrangler Instruments",
            "employment_start_date_current_company": "06-2020",
            "first_company_start_date": "03-2019",
            "urls": [
                {
                    "website_name": "LinkedIn",
                    "url": "linkedin.com/in/aabeer-suhail-bukhari-5b723019b"
                }
            ]
        },
        "valid_resume_and_jd": true
    },
    "input": {
        "job_description": "Join **TechVentures Inc.** as a **Senior Project Manager** where you'll oversee the delivery of key data management and analytics projects. We are looking for an innovative leader who can set and uphold delivery standards, while managing cross-functional teams to achieve the highest levels of service excellence. Your expertise in pre-sales, solution architecture, and client relationship management will drive our expansion into new markets and optimize existing processes.\n\n### Key Responsibilities:\n- Lead and manage complex data analytics and management projects from inception through completion.\n- Develop and implement quality and project management systems to align with organizational goals.\n- Coordinate solutions architecture and pre-sales activities, including the preparation of RFPs and EOIs.\n- Mentor and guide junior team members in professional development and project execution.\n- Engage with clients to deliver tailored business solutions and improve customer satisfaction.\n- Collaborate with other departments to identify improvement opportunities and streamline processes.\n\n### Preferred Skills:\n- Proficiency in data tools such as PowerBI, Oracle DV, and Tableau.\n- Strong understanding of software development methodologies including Agile and SCRUM.\n- Demonstrated ability to lead large technical teams and handle stakeholder communications effectively.\n- Expertise in business intelligence implementation and enterprise data warehousing.\n\n### Why Join Us?\n- Opportunity to work on impactful projects with global reach.\n- Collaborative and inclusive work environment.\n- Continuous learning and professional development opportunities.\n\nBecome a part of a team that values integrity, excellence, and innovation, and help us redefine what's possible in the tech industry.",
        "macro_dict": {
            "project management experience": 59,
            "technical expertise": 41
        },
        "micro_dict": {
            "data management": 12,
            "pre-sales consulting": 24,
            "solution architecture": 9,
            "powerbi": 55
        },
        "additional_info": "Preferred universities include National University of Computer and Emerging Sciences in Pakistan and equivalent institutions. We offer relocation support for candidates based outside of the hiring city, subject to management approval. Skills are assessed through a combination of technical tests, project management case studies, and panel interviews consisting of departmental heads and HR representatives.",
        "minimum_requirements": [
            "Strong understanding of Agile and SCRUM methodologies",
            "Master's degree in Computer Science, Business Administration, or related field"
        ],
        "resume": "Aabeer Suhail\nBukhari \nInternational Business\nDevelopment Manager \nCon\ufb01dent, creative and highly pro\ufb01cient\nbusiness professional adept in foreign market\nentry, expansion and product launch in new\nterritories. \naabeerbukhar.as@gmail.com \n+92 321 4334769 \nLahore, Pakistan \nlinkedin.com/in/aabeer-suhail-bukhari-\n5b723019b \nWORK EXPERIENCE \nBusiness Development Manager \nWrangler Instruments \n06/2020 - Present\n, \n \nLahore, Pakistan \nManufacturer & Exporter of Surgical Instruments to EU & USA with an annual sales of $6m \nSecured the largest (by value of money) Purchase Order to date by a new\nclient based in Copenhagen, Denmark. (Initial value of 180,000 USD. The\naccumulate client purchase by far this year is approximately $1M) \nSuccessfully planned, negotiated and won a contract with UNICEF Supply\nDivision (03 year exclusive contract worth $1.5M per annum) \nIncreased the Revenue by 28% with an existing Key Account by heading a\nproject of oAering a new product (Market Regulations, Price break ups,\nForecasting, Packaging, Delivery). \nOrganized and attended meetings with existing key accounts \n& set up new\nmeetings with potential customers, travelled to 5+ EU Countries on a 02\nweek successful business trip representing the company. \nRepresented the company at an exhibition in the UAE, while also\nnegotiating contracts with potential clients in the UAE. \nExpanded the BD Department to a team of 03 Business Development\nODcers targeting diAerent market segments. \nDeveloped and implemented Market Entry Strategy for the \nNon-pro\ufb01t\nsector and marketing and sales plan for the OEM Sector for the year 2021-\n2022. \nDe\ufb01ned the Customer Acquisition Process along with Customer Persona\n(most pro\ufb01table) for organization by utilizing extensive market research\nand competitive analysis. \nFormulated SOPs as per Shareholder policies for the Business\nDevelopment Department. \nWorked with Regulatory Consultants to successfully ensure our products\ncan access new markets in EU (Swiss Rep, UKCA Compliance) while also\nheading projects for new regulations updating. \nBusiness Development Executive \nWrangler Instruments \n01/2020 - 06/2020\n, \n \nExpanded the clientage of the department by addition of 08 new long\nterm, sustainable and diverse customer partnerships from Portugal,\nUnited Kingdom, Belgium, Mongolia, Bangladesh, etc. \nInternational Marketing Executive \nThermosole Industries Pvt. Ltd. \n03/2019 - 11/2019\n, \n \nUnder the hood automobile aftermarket parts manufacturer & exporters to the EU \nSingle handedly drove 33% increase in international sales. \nDiversi\ufb01ed clientage by securing 3 new international clients from Spain &\nItaly. \nEDUCATION \nBachelors of Chemical Engineering \nCOMSATS University, Lahore / Lancaster University,\nUnited Kingdom \n09/2014 - 06/2018\n, \n \nCERTIFICATES \nKey Account Management, Breakthrough\nStrategies for Growing Valued Customer\n- Rausing Executive Development Centre,\nLUMS\n (07/2021 - 08/2021)\n \nEmployer Sponsored Corporate Training \nInternational Trade Managment, Import\nExport Procedures - PIMS, Lahore.\n (09/2019 - 10/2019)\n \nSelf-sponsored Diploma \nSKILLS \nRelationship Management \nInterpersonal Communication \nStrategy Development and Creative\nPlanning \nBrand Building & Strategy Enforcements \nCompetitive Analysis and Trend\nIdenti\ufb01cation \nNew Product and Packaging Ideas \nMarketing Research \nMarket Entry Strategy \nCustomer Acquisition \nPERSONAL PROJECTS \nBusiness Development Consultancy to a\nUS Based Client - Remotely\n (01/2022 - 03/2022)\n \nDrafted Customer Persona and Acquisition Plan\nfor an eAective Customer Pipeline accumulation. \nIdenti\ufb01ed gaps in existing BD Plan, Brand Persona\nand Online presence and suggested changes to be\nincorporated. \nSuggested Email Marketing and LinkedIn\nCampaign. \nWrote procedure and scripts for Cold & Warm\nCalls to prospects. \nAchievements/Tasks \nAchievements/Tasks \nAchievements/Tasks "
    },
    "details": {
        "name": "Aabeer Suhail Bukhari",
        "number": "923214334769",
        "skills": [
            "Market Entry Strategy",
            "Customer Acquisition",
            "Competitive Analysis",
            "Marketing Research",
            "New Product and Packaging Ideas"
        ],
        "email_id": "aabeerbukhar.as@gmail.com",
        "location": "Lahore, Pakistan",
        "projects": [
            {
                "title": "Business Development Consultancy to a US Based Client - Remotely",
                "description": "Drafted Customer Persona and Acquisition Plan for an effective Customer Pipeline accumulation."
            }
        ],
        "education": [
            {
                "end_date": "06-2018",
                "university": "COMSATS University, Lahore / Lancaster University, United Kingdom",
                "degree_title": "Bachelors of Chemical Engineering"
            }
        ],
        "achievements": [
            "Secured the largest Purchase Order to date by a new client based in Copenhagen, Denmark (Initial value of 180,000 USD).",
            "Successfully planned, negotiated and won a contract with UNICEF Supply Division (03 year exclusive contract worth $1.5M per annum).",
            "Increased the Revenue by 28% with an existing Key Account."
        ],
        "publications": [],
        "certifications": [
            {
                "certification_name": "Key Account Management, Breakthrough Strategies for Growing Valued Customer",
                "issuing_organization": "Rausing Executive Development Centre, LUMS",
                "date_of_issuance": "08-2021"
            },
            {
                "certification_name": "International Trade Management, Import Export Procedures",
                "issuing_organization": "PIMS, Lahore",
                "date_of_issuance": "10-2019"
            }
        ],
        "additional_urls": [
            {
                "url": "linkedin.com/in/aabeer-suhail-bukhari-5b723019b",
                "website_name": "LinkedIn"
            }
        ],
        "executive_summary": "Aabeer Suhail Bukhari is a proficient International Business Development Manager with a strong background in foreign market entry, expansion, and product launch. With a proven track record of securing significant contracts and increasing revenue, Aabeer demonstrates exceptional skills in market strategy and customer acquisition.",
        "employment_history": [
            {
                "details": "Secured the largest Purchase Order to date by a new client based in Copenhagen, Denmark. Successfully planned, negotiated and won a contract with UNICEF Supply Division. Increased the Revenue by 28% with an existing Key Account.",
                "end_date": "Present",
                "location": "Lahore, Pakistan",
                "job_title": "Business Development Manager",
                "start_date": "06-2020",
                "company_name": "Wrangler Instruments"
            },
            {
                "details": "Expanded the clientage of the department by addition of 08 new long term, sustainable and diverse customer partnerships.",
                "end_date": "06-2020",
                "location": "Lahore, Pakistan",
                "job_title": "Business Development Executive",
                "start_date": "01-2020",
                "company_name": "Wrangler Instruments"
            },
            {
                "details": "Single handedly drove 33% increase in international sales and diversified clientage by securing 3 new international clients from Spain & Italy.",
                "end_date": "11-2019",
                "location": "Lahore, Pakistan",
                "job_title": "International Marketing Executive",
                "start_date": "03-2019",
                "company_name": "Thermosole Industries Pvt. Ltd."
            }
        ]
    }
}