{
    "output": {
        "justification": [
            "The candidate's experience aligns well with the requirements of a Business Development Manager, including strategic planning, lead management, and sales cycles.",
            "The candidate has significant relevant experience since Oct 2020 as a Business Development Manager.",
            "Candidate does not meet the educational preference for top business universities but holds a degree in Software Engineering which may provide a valuable tech perspective.",
            "The candidate's tools and skills such as Salesforce and LinkedIn Navigator strongly align with the job's requirements."
        ],
        "scores": {
            "macro_scores": [
                {
                    "criteria": "experience",
                    "score": 9
                }
            ],
            "micro_scores": [
                {
                    "criteria": "account management",
                    "score": 9
                }
            ],
            "requirements": [
                {
                    "criteria": "5+ years of experience in business development or a related role",
                    "meets": false
                },
                {
                    "criteria": "Proven track record in managing complex sales cycles",
                    "meets": true
                },
                {
                    "criteria": "Bachelor's degree in Business Administration, Economics, or related field",
                    "meets": false
                }
            ],
            "aggregated_scores": {
                "macro_scores": 9.0,
                "micro_scores": 9.0
            }
        },
        "personal_info": {
            "name": "Muhammad Zunair",
            "email": "mzunair60@gmail.com",
            "phone": "+92 3354059293",
            "current_position": "Business Development Manager",
            "current_company": "Shayan Solutions",
            "employment_start_date_current_company": "10-2020",
            "first_company_start_date": "01-2020",
            "urls": [
                {
                    "website_name": "Blog",
                    "url": "zunair.medium.com"
                }
            ]
        },
        "valid_resume_and_jd": true
    },
    "input": {
        "job_description": "### Business Development Manager\n\n**Fictional Company** is seeking a dynamic and strategic Business Development Manager to join our growing team. In this role, you will develop and execute sales strategies, manage key accounts, and lead business development initiatives to drive organizational growth.\n\n#### Responsibilities:\n- Develop and implement strategies for business development to achieve corporate goals.\n- Oversee the entire sales cycle from lead generation to closing deals.\n- Manage and mentor a team of business development executives, enhancing their potential to optimize company success.\n- Enhance company presence through active engagement in online platforms like LinkedIn and professional network sites.\n- Engage in high-stake negotiations and coordinate with key account stakeholders to ensure client satisfaction and long-term partnerships.\n\n#### Requirements:\n- Utilize analytical skills to identify new opportunities and market trends.\n- Use Microsoft Office Suite effectively for planning, reporting, and presenting sales strategies.\n\nJoin us to play a pivotal role in expanding our business locally and internationally, working alongside a dynamic team in an innovative environment. If you enjoy taking initiative and leading impactful business initiatives, we want to hear from you!",
        "macro_dict": {
            "experience": 100
        },
        "micro_dict": {
            "account management": 100
        },
        "additional_info": "Preferred candidates will have graduated from leading business schools such as FAST NUCES or LUMS. The company supports employee relocation within Pakistan with necessary logistical assistance. Skills are assessed through a combination of technical interviews and practical case studies aligned with industry challenges.",
        "minimum_requirements": [
            "5+ years of experience in business development or a related role",
            "Proven track record in managing complex sales cycles",
            "Bachelor's degree in Business Administration, Economics, or related field"
        ],
        "resume": "EDUCATION\nBACHELOR IN SOFTWARE ENGINEERING\nUniversity of Management & Technology | 2016 - 2020ABOUT\nI\u2019m a Software Engineer with experience in Business Development, have proficiency in\nGenerating leads, Business expansion, Sales, Profitability, and Strategy building. \nI\u2019m adept with multiple business development methodologies, gathering and analyzing data on\nSales and Marketing, my expertise extends to Cold calling, Email marketing, Budget\nmanagement, Client communication, Documentation, and Stakeholder management.\nWORK EXPERIENCE\nDIGITAL MARKETING EXECUTIVE\nOZI Technology | Jan 2020 - Oct 2020\nIdentify trends and insights with managing organization's website, social media\nplatforms and maintain it, keeping best practices in mind. \nOptimize content for the website and social media platforms. \nWork with various content formats such as blogs, videos, graphic designing, etc.\nProvide internal reports and creative collaborations among technologies and platforms.BUSINESS DEVELOPMENT MANAGER\nShayan Solutions | Oct 2020 - Present \nSuccessfully managed million budget projects and achieved the project scheduled goals. \nImplementation and management of the CRM that focused on leveraging the company's\ndata asset.\nHands-on generating & managing leads using Salesforce, LinkedIn Sales Navigator,\nAeroleads, etc. \nAchieved sales goals by presenting company services to current and potential clients in\nUSA, Australia, and Europe regions.\nDeveloped and implemented new marketing and sales plans such as remote services,\nMarketing campaigns, etc. \nWriting & Designing emails and ensure proper email delivery to leads.\nWork closely with Developers and QA Engineers to insure the quality and standards of\nthe project. \nImmense expertise in Sales, Partnerships, and Business development at top B2B\nTechnology companies.\nReviewed constantly the client feedback and then suggested ways to improve the\nprocess and customer services levels.\nEnsured that new clients will grow into a loyal customer base in a specialist niche\nmarket.\nManage the projects so the client gets the best and quality results within time. CONTACT\nPhone: +92 3354059293\nEmail: mzunair60@gmail.com\nBlog: zunair.medium.com\nAddress: Valencia Society,\nLahore.\nJava, C#, C++ Programming\nWeb & Mobile Development\nCross Functional Development\nWeb Content Development\nSDLC\nDocumentationPROFESSIONAL\nSKILLS\nSales Navigator\nAeroLeads\nSalesforce\nKrayin CRM\nUpwork\nTrello\nJira\nAsana\nNetBeans\nVisual Studio\nUnity\nAndroid StudioPLATFORMS &\nTOOLSM U H A M M A D M U H A M M A D\nZ U N A I R Z U N A I RPROJECTS UNDERTAKEN\neTradn is an application available on App Store and Google Play. It is online market place\napp.\nThe app belongs to a US based client and got this project from Upwork.\nUsed technologies are Flutter, Figma, PHP, Laravel, Trello, and GitHub.\nTabadol is an online market place application with multiple language support for buying and\nselling services and goods.\nWorked with team including a Team Lead, 4 Developers, and 2 QA Engineers.\nMonitoring existing systems. Ensuring the system provides an effective funnel. Developed\nand implemented marketing techniques.\nUsed technologies are React Native, Redux, Node.js, React.js, React-i18next, Moment.js,\nAxios.\nIt is an application just like Club House developed for iOS devices. The app includes simple\nyet appealing UI with minimalist functionalities.\nUsed technologies are Swift, iOS SDK.\nIt is Lottery online Casino game.\nUser-friendly service in compatibility with web browsers, tablets and mobile phones.\nLaravel, JavaScript, JQuery, JQuery UI, Moment.js, React.js, Git, etc.\nCross Functional application for iOS and Android. An online Watch shopping app.\nUsed technologies are Flutter, Flutter SDK, Flutter Fix, Pubspec File, Hot reload, DevTools,\nHTML, Figma, and Git.eTradn\nTabadol\nSpeak Easy\nOCG\nNew TempusProposal & Email writing\nStrong Analytical & \nCommunication\nProblem Solver\nGood Business Analysis skills\nTime Management\nTeam Player\nFast LearnerPERSONAL\u00a0\nSKILLS\nPROJECTS & RESEARCH WORK\nUI/ UX\nAnimation\nScripting\nAndroid Studio\nAndroid SDK\nSQL\nResearch on new trends using in Text Recognition\nTechniques and Tools used\nCommunication with Resource Person and Team members First Person Shooting 3D Game\nOnline Attendance App\nResearch Paper on Text Recognition"
    },
    "details": {
        "name": "Muhammad Zunair",
        "number": "923354059293",
        "skills": [
            "Java",
            "C#",
            "C++",
            "Web & Mobile Development",
            "Cross Functional Development",
            "Web Content Development",
            "SDLC",
            "Sales Navigator",
            "AeroLeads",
            "Salesforce",
            "Krayin CRM",
            "Upwork",
            "Trello",
            "Jira",
            "Asana",
            "NetBeans",
            "Visual Studio",
            "Unity",
            "Android Studio",
            "SQL"
        ],
        "email_id": "mzunair60@gmail.com",
        "location": "Valencia Society, Lahore",
        "projects": [
            {
                "title": "eTradn",
                "description": "An online marketplace app available on App Store and Google Play."
            },
            {
                "title": "Tabadol",
                "description": "An online marketplace application with multiple language support for buying and selling services and goods."
            },
            {
                "title": "Speak Easy",
                "description": "An application developed for iOS devices with simple yet appealing UI."
            },
            {
                "title": "OCG",
                "description": "A Lottery online Casino game."
            },
            {
                "title": "New Tempus",
                "description": "A cross-functional application for iOS and Android, an online watch shopping app."
            }
        ],
        "education": [
            {
                "end_date": "06-2020",
                "university": "University of Management & Technology",
                "degree_title": "Bachelor in Software Engineering"
            }
        ],
        "achievements": [],
        "publications": [],
        "certifications": [],
        "additional_urls": [
            {
                "url": "zunair.medium.com",
                "website_name": "Blog"
            }
        ],
        "executive_summary": "Muhammad Zunair is a skilled software engineer with a strong background in web and mobile development, proficient in various programming languages and tools. He has demonstrated expertise in managing projects and implementing effective business development strategies.",
        "employment_history": [
            {
                "details": "Identify trends and insights with managing organization's website, social media platforms and maintain it, keeping best practices in mind. Optimize content for the website and social media platforms. Work with various content formats such as blogs, videos, graphic designing, etc. Provide internal reports and creative collaborations among technologies and platforms.",
                "end_date": "10-2020",
                "location": "OZI Technology",
                "job_title": "Digital Marketing Executive",
                "start_date": "01-2020",
                "company_name": "OZI Technology"
            },
            {
                "details": "Successfully managed million budget projects and achieved the project scheduled goals. Implementation and management of the CRM that focused on leveraging the company's data asset. Hands-on generating & managing leads using Salesforce, LinkedIn Sales Navigator, Aeroleads, etc. Achieved sales goals by presenting company services to current and potential clients in USA, Australia, and Europe regions. Developed and implemented new marketing and sales plans such as remote services, Marketing campaigns, etc. Writing & Designing emails and ensure proper email delivery to leads. Work closely with Developers and QA Engineers to insure the quality and standards of the project. Immense expertise in Sales, Partnerships, and Business development at top B2B Technology companies. Reviewed constantly the client feedback and then suggested ways to improve the process and customer services levels. Ensured that new clients will grow into a loyal customer base in a specialist niche market. Manage the projects so the client gets the best and quality results within time.",
                "end_date": "Present",
                "location": "Shayan Solutions",
                "job_title": "Business Development Manager",
                "start_date": "10-2020",
                "company_name": "Shayan Solutions"
            }
        ]
    }
}