{
    "output": {
        "justification": [
            "Candidate has no demonstrable experience in leadership roles in the resume provided.",
            "Candidate has only 3 years of relevant business development experience, meeting the lower end of the requirement.",
            "The resume does not mention specific experience or proficiency with MS Word.",
            "There is no mention of experience using Stata, which is important per job description."
        ],
        "scores": {
            "macro_scores": [
                {
                    "criteria": "leadership",
                    "score": 2
                },
                {
                    "criteria": "experience",
                    "score": 6
                },
                {
                    "criteria": "communication skills",
                    "score": 5
                }
            ],
            "micro_scores": [
                {
                    "criteria": "ms word",
                    "score": 2
                },
                {
                    "criteria": "stata",
                    "score": 0
                },
                {
                    "criteria": "linkedin sales navigator",
                    "score": 0
                },
                {
                    "criteria": "verbal and written communication",
                    "score": 6
                }
            ],
            "requirements": [
                {
                    "criteria": "Bachelor's degree in Business Administration, Economics, or related field",
                    "meets": false
                },
                {
                    "criteria": "3-5 years of experience in business development or related fields",
                    "meets": true
                }
            ],
            "aggregated_scores": {
                "macro_scores": 5.029999999999999,
                "micro_scores": 2.68
            }
        },
        "personal_info": {
            "name": "Ali Raza",
            "email": "razaa694@gmail.com",
            "phone": "+92-332-8707574",
            "current_position": "Accountant",
            "current_company": "Continental Biscuits",
            "employment_start_date_current_company": "01-2022",
            "first_company_start_date": "01-2020",
            "urls": []
        },
        "valid_resume_and_jd": true
    },
    "input": {
        "job_description": "### Business Development Executive\n\n**Company:** Innovate Dynamics Ltd.\n\n**Location:** Hyderabad, India\n\n**Role Overview:**\nJoin Innovate Dynamics Ltd. as a Business Development Executive, where you will play a pivotal role in driving business growth by generating leads and managing key client accounts. Leverage your expertise in economic analysis and marketing strategies to enhance our market presence and build strong client relationships.\n\n**Responsibilities:**\n- Develop and execute comprehensive business development plans to achieve company objectives.\n- Identify and engage prospective clients across diverse niches, including software development and outsourcing.\n- Manage and grow relationships with key accounts to drive long-term success.\n- Utilize digital marketing strategies to boost client engagement and retention.\n- Collaborate with cross-functional teams to develop tailored client solutions.\n- Utilize LinkedIn Sales Navigator to identify and approach new business leads.\n\n**Qualifications:**\n- Bachelor\u2019s degree in Business Administration, Economics, or related field.\n- 3-5 years of experience in business development or related fields.\n- Strong proficiency with MS Office Suite and data analysis tools like Stata.\n- Excellent verbal and written communication skills.\n- Ability to multitask and manage multiple projects simultaneously.",
        "macro_dict": {
            "leadership": 9,
            "experience": 30,
            "communication skills": 61
        },
        "micro_dict": {
            "ms word": 23,
            "stata": 19,
            "linkedin sales navigator": 21,
            "verbal and written communication": 37
        },
        "additional_info": "Innovate Dynamics Ltd. prioritizes applicants from top-tier universities such as [University X] and [University Y]. Relocation assistance is available for candidates willing to move to Hyderabad. Technical skills are assessed through standardized tests and a series of interviews. Our company encourages diversity and inclusivity in the hiring process.",
        "minimum_requirements": [
            "Bachelor's degree in Business Administration, Economics, or related field",
            "3-5 years of experience in business development or related fields"
        ],
        "resume": " \n \n \nObjective: - \nTo pursue  career  in a progressive  organization  that  provides  opportunities  \nfor career growth and professional development in order to groom the overall  \npersonality.  \n Personal  Information: - \nFather\u2019s  Name  Muhammad  Essa  \nDate  of Birth  10-02-1993  \nCNIC  No. 35102 -2529071 -3 \n \nDomicile  Kasur  (Punjab)  \n \nReligion  Islam  \n \nGender  Male  \n \nMarital  Status  Married  \n \n \nAcademic  Record: - \n \nDegree  Division  Year  Passing  Board/University  \nMatriculation  2nd 2009  BISE  Lahore  \nI.Com  1st 2012  BISE  Lahore  \nB.Com  2nd 2014  Punjab  University  \nM.A  Physical  Education  1st 2017  University  of Sargodha  \nURRICULUM  \nITAE  \nAAALLLIII RRRAAAZZZAAA \nPostal  Address:  Bahmani  Wala  Khurd,  Kasur  \nCell:  +92 -332 -8707574  \nE-Mail:  razaa694@gmail.com  \nComputer  Skills: - \n \n\u27a2 Diploma  in Computer  Sciences  DOM  \n \n\u27a2 Typing  Speed  40wpm  \n \nExperience: - \n \n\u27a2 . 02 Years  experience  as \u201cBusiness  Development  Officer\u201d  at Allied  Bank Kasur.  \n \n\u27a2 01 Year  experience  as a \u201cRelationship  Manager\u201d  at JS Bank  Kasur.  \n \n\u27a2 01 Year  experience        as  a  \u201c ACCOUNTANT     \u201don word       at  C ontinental Biscuits in \nkasur . \n \nLanguage: - \n \n\u27a2 English  \n \n\u27a2 Urdu  \n \n\u27a2 Punjabi  \n \nPersonal  Qualities: - \n \n\u27a2 Work  well  under  pressure  \n \n\u27a2 Work  well  as team  member  \n \n\u27a2 Strong  Organization,  Problem  Solving  \n \nReference: - \n \n\u27a2 Will  be furnished  on demand  \n"
    },
    "details": {
        "name": "Raza Ali",
        "number": "923328707574",
        "skills": [
            "Computer Sciences",
            "Typing Speed 40wpm"
        ],
        "email_id": "razaa694@gmail.com",
        "location": "Bahmani Wala Khurd, Kasur",
        "projects": [],
        "education": [
            {
                "end_date": "05-2017",
                "university": "University of Sargodha",
                "degree_title": "M.A Physical Education"
            },
            {
                "end_date": "06-2014",
                "university": "Punjab University",
                "degree_title": "B.Com"
            },
            {
                "end_date": "06-2012",
                "university": "BISE Lahore",
                "degree_title": "I.Com"
            },
            {
                "end_date": "06-2009",
                "university": "BISE Lahore",
                "degree_title": "Matriculation"
            }
        ],
        "achievements": [],
        "publications": [],
        "certifications": [],
        "additional_urls": [
            {
                "url": "linkedin.com/in/razaali",
                "website_name": "LinkedIn"
            }
        ],
        "executive_summary": "Raza Ali is a dedicated professional with experience in business development and relationship management, possessing strong technical skills in computer sciences and typing. He has a solid educational background with a Master's degree in Physical Education and has worked in various roles in the banking and accounting sectors.",
        "employment_history": [
            {
                "details": "Business Development Officer at Allied Bank, responsible for client acquisition and relationship management.",
                "end_date": "11-2024",
                "location": "Kasur",
                "job_title": "Business Development Officer",
                "start_date": "11-2022",
                "company_name": "Allied Bank"
            },
            {
                "details": "Relationship Manager at JS Bank, focusing on customer service and financial solutions.",
                "end_date": "11-2021",
                "location": "Kasur",
                "job_title": "Relationship Manager",
                "start_date": "11-2020",
                "company_name": "JS Bank"
            },
            {
                "details": "Accountant at Continental Biscuits, managing financial records and transactions.",
                "end_date": "11-2020",
                "location": "Kasur",
                "job_title": "Accountant",
                "start_date": "11-2019",
                "company_name": "Continental Biscuits"
            }
        ]
    }
}