{
    "output": {
        "justification": [
            "The resume indicates involvement in sales roles and CRM system usage, but lacks direct experience with SAP ERP or Salesforce, which are critical for this role.",
            "Leadership: The resume does not explicitly highlight leadership roles or initiatives, but shows teamwork and collaboration skills like working alongside sales managers.",
            "Relevant Experience: The candidate has considerable experience in sales, though not precisely in key account management.",
            "Sales Management: Demonstrates experience in sales roles, but lacks leadership specific to account management.",
            "Data Analysis: There is no mention of experience with Power BI or similar tools as required.",
            "Stakeholder Management: Effective communication and teamwork in sales, but lacks explicit stakeholder management experience.",
            "ERP Systems: The candidate has only used Pipedrive for CRM, missing SAP.",
            "CRM Systems: No experience with Salesforce is indicated.",
            "Education: The candidate holds a Bachelor's degree, meeting the educational requirement, although not from the preferred institution."
        ],
        "scores": {
            "macro_scores": [
                {
                    "criteria": "leadership",
                    "score": 5
                },
                {
                    "criteria": "experience",
                    "score": 6
                },
                {
                    "criteria": "strategic thinking",
                    "score": 4
                }
            ],
            "micro_scores": [
                {
                    "criteria": "sales management",
                    "score": 7
                },
                {
                    "criteria": "data analysis",
                    "score": 3
                },
                {
                    "criteria": "stakeholder management",
                    "score": 4
                },
                {
                    "criteria": "sap erp",
                    "score": 2
                },
                {
                    "criteria": "salesforce",
                    "score": 1
                },
                {
                    "criteria": "vistex",
                    "score": 1
                }
            ],
            "requirements": [
                {
                    "criteria": "Experience with CRM and ERP systems such as SAP and Salesforce",
                    "meets": false
                },
                {
                    "criteria": "Proficiency in data analysis and forecasting tools",
                    "meets": false
                },
                {
                    "criteria": "Bachelor's degree in Business Administration or related field",
                    "meets": true
                },
                {
                    "criteria": "5+ years of experience in sales or key account management",
                    "meets": false
                }
            ],
            "aggregated_scores": {
                "macro_scores": 5.12,
                "micro_scores": 3.5300000000000002
            }
        },
        "personal_info": {
            "name": "Mariam Hassan",
            "email": "maryamnaqvi31@gmail.com",
            "phone": "+92 335 0622804",
            "current_position": "Sales Development Representative",
            "current_company": "Container Xchange",
            "employment_start_date_current_company": "10-2021",
            "first_company_start_date": "09-2018",
            "urls": []
        },
        "valid_resume_and_jd": true
    },
    "input": {
        "job_description": "### Key Account Manager at LuxoTech Solutions\n\n**Location:** Karachi, Pakistan\n\n**Department:** Sales and Marketing\n\n**Reports to:** Director of Sales\n\n**Role Overview:**\nJoin LuxoTech Solutions as a Key Account Manager where you will be responsible for managing major accounts in the Retail & Hospitality segments across Pakistan. You will drive sales growth by managing existing accounts and developing strategies for new accounts. Your role will involve coordinating with cross-functional teams, analyzing market trends, and leading initiatives to meet revenue targets.\n\n#### Responsibilities:\n- Manage a portfolio of 15+ key accounts, comprising both end-users and channel partners.\n- Drive expansion into new market segments by identifying and engaging with potential leads.\n- Develop and execute account management strategies to achieve 110% target attainment in revenue.\n- Utilize data analysis tools such as Power BI to assess market trends and generate insights.\n- Coordinate with internal teams including marketing and operations to ensure strategic alignment.\n- Lead contract negotiations and manage pricing strategies to optimize profitability.\n- Report on account performance and market opportunities to senior management regularly.\n\n#### Essential Skills:\n- Strong leadership and stakeholder management skills.\n- Proficiency in data analysis and forecasting to inform decision-making.\n- Experience with tools such as Salesforce, Vistex, and SAP ERP for managing sales functions.\n- Excellent communication skills for client interactions and internal collaborations.\n\n#### Qualifications:\n- Master's degree preferred; Bachelor's degree in Business Administration or related field is required.\n- 5+ years of experience in sales management or business development, with a focus on key account management.\n- Demonstrated success in growing accounts and achieving revenue targets.\n\n#### Benefits:\n- Competitive salary with performance bonuses.\n- Professional development opportunities and access to industry seminars.\n- Flexible working hours.",
        "macro_dict": {
            "leadership": 38,
            "experience": 37,
            "strategic thinking": 25
        },
        "micro_dict": {
            "sales management": 24,
            "data analysis": 16,
            "stakeholder management": 24,
            "sap erp": 5,
            "salesforce": 3,
            "vistex": 28
        },
        "additional_info": "LuxoTech Solutions values diversity and seeks candidates from a variety of backgrounds and experiences. Preferred institutions include the Institute of Business Administration, Karachi, and FAST NUCES. The company supports hybrid work arrangements and offers relocation assistance for exceptional candidates. Skills are assessed through a combination of technical tests, case studies, and structured interviews with panel members from various departments.",
        "minimum_requirements": [
            "Experience with CRM and ERP systems such as SAP and Salesforce",
            "Proficiency in data analysis and forecasting tools",
            "Bachelor's degree in Business Administration or related field",
            "5+ years of experience in sales or key account management"
        ],
        "resume": "ABOUT ME\nResults-oriented Sales\nProfessional con\u0000nuing to reach or\nexceed quota and lead\nexpecta\u0000ons by e\ufb00ec\u0000vely\nbuilding rapport, resul\u0000ng in\nincreased market share. Detail-\noriented and me\u0000culously\norganized. Self-mo\u0000vated team\nplayer who is adaptable, energe\u0000c\nand eager to grow the business.\nLANGUAGES\nENGLISH\nURDUWORK EXPERIENCE\nHamburg, Germany\nOct 2021 - PresentResearching, iden\u0000fying and qualifying new sales opportuni\u0000es\nReaching out to poten\u0000al customers and being the \ufb01rst contact\nperson to drive the outbound sales ac\u0000vi\u0000es (phone calls, emails,\nnetworks)\nPreselec\u0000ng and iden\u0000fying decision-makers, demonstra\u0000ng the\nvalue proposi\u0000on and se\u0000ng up demo calls with the sales team\nDeveloping a deep understanding of the customer\u2019s needs and\nworking on the con\u0000nuous op\u0000miza\u0000on of the lead quali\ufb01ca\u0000on\nand customer approach together with the marke\u0000ng team\nWorking together with the Sales Managers mastering the CRM\nsystem (Pipedrive) to report on all important ac\u0000vi\u0000es and\ninsights gathered throughout the whole sales process\nLehi, UT\nJun 2020 - Aug 2021Cold dialing Canada and US states to provide text message\nmarke\u0000ng along with other related features.\nChicago, IL\nSep 2019 - May 2020Cold dialing US and Canada states to provide Social media\nmanagement tool Bringing poten\u0000al customers on the table by\ncrea\u0000ng need of the product, booking demo appointments and\ndeveloping an opportunity for the Account Execu\u0000ves\nLahore, Pakistan\nSep 2018 - Aug 2019B2C\nHandled phone calls and sold cable, phone, internet, and home\nsecurity such as premium channels, and interna\u0000onal calling,\nachieving sales goals and milestones for US home services.\nEDUCATION\nLahore, Pakistan\n2019Majors in Adver\u0000sement and Public Rela\u0000ons\nSKILLS\nSTRONG COMMUNICATION STRATEGIC ACCOUNT DEVELOPEMNET\nLEAD PROSPECTING CUSTOMER HANDLING\nPROJECT MANAGEMENTCONTAINER\nXCHANGESales Development Representa\u0000ve\nPODIUM Sales Development Representa\u0000ve\nSPROUT SOCIAL Sales Devlopment Representa\u0000ve\nIBEX GLOBAL Inbound Sales Execu\u0000ve\nFORMAN CHRISTIAN\nCOLLEGEBachelor of ArtsMARIAM\nHASSAN\nSALES SPECIALISTHouse 20, Block D Gulshan E Lahore.\nLahore, Pakistan, Lahore, 54770,\nPakistan\n+92 335 0622804\nmaryamnaqvi31@gmail.com"
    },
    "details": {
        "name": "Mariam Hassan",
        "number": "923350622804",
        "skills": [
            "Pipedrive",
            "Sales Development",
            "Social Media Management",
            "Text Message Marketing",
            "Customer Handling"
        ],
        "email_id": "maryamnaqvi31@gmail.com",
        "location": "Lahore, Pakistan",
        "projects": [],
        "education": [
            {
                "end_date": "06-2019",
                "university": "Forman Christian College",
                "degree_title": "Bachelor of Arts"
            }
        ],
        "achievements": [],
        "publications": [],
        "certifications": [],
        "additional_urls": [
            {
                "url": "linkedin.com/in/mariam-hassan",
                "website_name": "LinkedIn"
            }
        ],
        "executive_summary": "Mariam Hassan is a results-oriented sales specialist with extensive experience in sales development and customer handling. She has a proven track record of exceeding sales quotas and effectively building rapport with clients to increase market share. Her technical skills include proficiency in Pipedrive and social media management tools, making her a valuable asset in any sales-driven environment.",
        "employment_history": [
            {
                "details": "Researching, identifying and qualifying new sales opportunities, reaching out to potential customers, and driving outbound sales activities.",
                "end_date": "Present",
                "location": "Hamburg, Germany",
                "job_title": "Sales Development Representative",
                "start_date": "10-2021",
                "company_name": "Unknown"
            },
            {
                "details": "Cold dialing Canada and US states to provide text message marketing along with other related features.",
                "end_date": "08-2021",
                "location": "Lehi, UT",
                "job_title": "Sales Development Representative",
                "start_date": "06-2020",
                "company_name": "Unknown"
            },
            {
                "details": "Cold dialing US and Canada states to provide social media management tools, booking demo appointments and developing opportunities for Account Executives.",
                "end_date": "05-2020",
                "location": "Chicago, IL",
                "job_title": "Sales Development Representative",
                "start_date": "09-2019",
                "company_name": "Unknown"
            },
            {
                "details": "Handled phone calls and sold cable, phone, internet, and home security services, achieving sales goals for US home services.",
                "end_date": "08-2019",
                "location": "Lahore, Pakistan",
                "job_title": "Inbound Sales Executive",
                "start_date": "09-2018",
                "company_name": "IBEX Global"
            }
        ]
    }
}