{
    "output": {
        "justification": [
            "Leadership score obtained based on the candidate's current position as a Business Development Officer and their ability to manage client relationships, evident from resume responsibilities.",
            "Relevant experience was scored based on the experience outlined in the resume, which totals almost 3 years across different companies in business development roles.",
            "Verbal and written communication skills were gauged from the academic pursuit in business administration and the ability to maintain customer and client communication as per job descriptions.",
            "None of the past recruiter history available to reference for direct scoring criteria adjustments."
        ],
        "scores": {
            "macro_scores": [
                {
                    "criteria": "leadership",
                    "score": 6
                },
                {
                    "criteria": "experience",
                    "score": 4
                },
                {
                    "criteria": "communication skills",
                    "score": 7
                }
            ],
            "micro_scores": [
                {
                    "criteria": "verbal and written communication",
                    "score": 7
                }
            ],
            "requirements": [
                {
                    "criteria": "3-5 years of experience in business development or related fields",
                    "meets": false
                },
                {
                    "criteria": "Excellent communication skills",
                    "meets": true
                },
                {
                    "criteria": "Proficiency in MS Office Suite and data analysis tools",
                    "meets": true
                },
                {
                    "criteria": "Ability to manage multiple projects simultaneously",
                    "meets": true
                }
            ],
            "aggregated_scores": {
                "macro_scores": 5.85,
                "micro_scores": 7.0
            }
        },
        "personal_info": {
            "name": "Umer Saleem",
            "email": "umersaleemzaman1308@gmail.com",
            "phone": "+923475130731",
            "current_position": "Account Executive",
            "current_company": "Keep Truckin",
            "employment_start_date_current_company": "11-2021",
            "first_company_start_date": "02-2021",
            "urls": [
                {
                    "website_name": "LinkedIn",
                    "url": "linkedin.com/in/umersaleemzaman/"
                }
            ]
        },
        "valid_resume_and_jd": true
    },
    "input": {
        "job_description": "### Business Development Executive\n\n**Company:** Innovate Dynamics Ltd.\n\n**Location:** Hyderabad, India\n\n**Role Overview:**\nJoin Innovate Dynamics Ltd. as a Business Development Executive, where you will play a pivotal role in driving business growth by generating leads and managing key client accounts. Leverage your expertise in economic analysis and marketing strategies to enhance our market presence and build strong client relationships.\n\n**Responsibilities:**\n- Develop and execute comprehensive business development plans to achieve company objectives.\n- Identify and engage prospective clients across diverse niches, including software development and outsourcing.\n- Manage and grow relationships with key accounts to drive long-term success.\n- Utilize digital marketing strategies to boost client engagement and retention.\n- Collaborate with cross-functional teams to develop tailored client solutions.\n- Utilize LinkedIn Sales Navigator to identify and approach new business leads.\n\n**Qualifications:**\n- Bachelor\u2019s degree in Business Administration, Economics, or related field.\n- 3-5 years of experience in business development or related fields.\n- Strong proficiency with MS Office Suite and data analysis tools like Stata.\n- Excellent verbal and written communication skills.\n- Ability to multitask and manage multiple projects simultaneously.",
        "macro_dict": {
            "leadership": 25,
            "experience": 30,
            "communication skills": 45
        },
        "micro_dict": {
            "verbal and written communication": 100
        },
        "additional_info": "Innovate Dynamics Ltd. prioritizes applicants from top-tier universities such as [University X] and [University Y]. Relocation assistance is available for candidates willing to move to Hyderabad. Technical skills are assessed through standardized tests and a series of interviews. Our company encourages diversity and inclusivity in the hiring process.",
        "minimum_requirements": [
            "3-5 years of experience in business development or related fields",
            "Excellent communication skills",
            "Proficiency in MS Office Suite and data analysis tools",
            "Ability to manage multiple projects simultaneously"
        ],
        "resume": "LANGUAGES SPOKENProspecting, Qualifying, Sales Pipeline Development.\nProduct Demonstrations.\nProduct Owner.\nLead generation and fostering them: Generate the new lead and\nfoster them.\nExamine the requirement of the customer and, maintaining the\ndocuments of requirement.\nSales prospects, maintaining healthy prospects of sales. Acting as a\nliaison between the development team and the business team,\nstaying connected with the Client.\nMonthly demonstration of MVPs to the Clients.\nCold Calling - Cold Emailing: Reaching new clients and taking follow-\nups for future prospects.\nInitiating the relationship with the healthy prospects through\nLinkedIn.\nProduct demonstrations to the clients after setting successful\nmeetings.\nSenior Customer Support Specialist Hired Support | July 2020 - Jan\n2021\nI have joined Hired Support as a Senior Customer Support Specialist\nto foster my written skills.\nReceive and Promptly Respond to Customer Queries.\nDocument Issues and Resolutions.\nLearn About New Products and Services.Keep Truckin\nAccount Executive | Nov 2021 - Present\nViral Square\nBusiness Development Officer | Feb 2021- Nov 2021\nHired Support\nUniversity Of Central Punjab\nMasters of Business Administration 2021 - Present\nI have started my Masters Of Business Administration from the University\nof Central Punjab to foster my expertise even more as per need of the\nmarket, to better understand Sales prospects.\nHazara University\nBachelors of Business Administration 2014 - 2018\nI have done my Bachelors from the University of Hazara securing colorful\ngrades, chose Finance as my major area of research.WORK EXPERIENCE\nEDUCATION HIGHLIGHTSMobile: +923475130731\numersaleemzaman1308@gmail.com\nlinkedin.com/in/umersaleemzaman/ \nJohar Town, Lahore, PakistanUMER SALEEM\nBUSINESS DEVELOPMENT OFFICER\nExperienced Business\nDevelopment & Client\nExecutive with a\ndemonstrated history of\nworking as a sales liaison\nbetween the customer and the\nCompany. I have acuminated\nskills in Client Management,\nRequirement Gathering, and\nConvincing potential\nCustomers, a think-thank who\ndrives execution, highly\nknowledgeable in a wide\nvariety of professional\ndisciplines that maximize\nbrand growth including\nfinance, marketing, and all\nfacets of business operations\nfrom product development to\ncustomer engagement.EXECUTIVE SUMMARY\nLead Generation\nSalesFroce\nSalsLoft\nMicrosoft Office\nZendesk\nTawlk.to\nSales Pipeline\nSales Development\nProduct DemonstrationsSKILLS\nENGLISH\nURDU \nHINDI\n "
    },
    "details": {
        "name": "Umer Saleem",
        "number": "923475130731",
        "skills": [
            "Lead Generation",
            "SalesFroce",
            "SalsLoft",
            "Microsoft Office",
            "Zendesk",
            "Tawlk.to",
            "Sales Pipeline",
            "Sales Development",
            "Product Demonstrations"
        ],
        "email_id": "umersaleemzaman1308@gmail.com",
        "location": "Johar Town, Lahore, Pakistan",
        "projects": [],
        "education": [
            {
                "end_date": "12-2021",
                "university": "University Of Central Punjab",
                "degree_title": "Masters of Business Administration"
            },
            {
                "end_date": "05-2018",
                "university": "Hazara University",
                "degree_title": "Bachelors of Business Administration"
            }
        ],
        "achievements": [],
        "publications": [],
        "certifications": [],
        "additional_urls": [
            {
                "url": "linkedin.com/in/umersaleemzaman/",
                "website_name": "LinkedIn"
            }
        ],
        "executive_summary": "Umer Saleem is an experienced Business Development Officer with a strong background in client management and sales. He has demonstrated expertise in lead generation, product demonstrations, and maintaining healthy sales prospects, effectively acting as a liaison between customers and the company.",
        "employment_history": [
            {
                "details": "Acting as a liaison between the development team and the business team, staying connected with the Client. Monthly demonstration of MVPs to the Clients. Cold Calling - Cold Emailing: Reaching new clients and taking follow-ups for future prospects.",
                "end_date": "Present",
                "location": "",
                "job_title": "Account Executive",
                "start_date": "11-2021",
                "company_name": "Keep Truckin"
            },
            {
                "details": "Fostering written skills and responding to customer queries promptly. Documenting issues and resolutions.",
                "end_date": "01-2021",
                "location": "",
                "job_title": "Senior Customer Support Specialist",
                "start_date": "07-2020",
                "company_name": "Hired Support"
            },
            {
                "details": "Responsible for business development and client management, focusing on generating new leads and maintaining relationships with prospects.",
                "end_date": "11-2021",
                "location": "",
                "job_title": "Business Development Officer",
                "start_date": "02-2021",
                "company_name": "Viral Square"
            }
        ]
    }
}