{
    "output": {
        "justification": [
            "The resume shows strong leadership experience through the positions held at foodpanda, managing key accounts, and leading projects, which is relevant to the role's requirements.",
            "Relevant experience is reflected in the applicant's sales and client management roles; however, there is no direct mention of SEO experience which limits the score.",
            "No explicit mention of specific skills related to market analysis, which is a critical requirement in the job description.",
            "The candidate has strong skills in team management, reflecting experience at foodpanda."
        ],
        "scores": {
            "macro_scores": [
                {
                    "criteria": "experience",
                    "score": 7
                },
                {
                    "criteria": "client relationship management",
                    "score": 8
                }
            ],
            "micro_scores": [
                {
                    "criteria": "team management",
                    "score": 8
                },
                {
                    "criteria": "market analysis",
                    "score": 5
                }
            ],
            "requirements": [
                {
                    "criteria": "Master's degree in Business Administration or related field",
                    "meets": false
                }
            ],
            "aggregated_scores": {
                "macro_scores": 7.800000000000001,
                "micro_scores": 7.01
            }
        },
        "personal_info": {
            "name": "Moazzam Javaid",
            "email": "moazzamjavaid0@gmail.com",
            "phone": "+92 335 4849 557",
            "current_position": "Assistant Manager Key Accounts",
            "current_company": "foodpanda",
            "employment_start_date_current_company": "03-2021",
            "first_company_start_date": "05-2014",
            "urls": [
                {
                    "website_name": "LinkedIn",
                    "url": "https://www.linkedin.com/in/moazzam-javaid-03667b58"
                }
            ]
        },
        "valid_resume_and_jd": true
    },
    "input": {
        "job_description": "## Job Title: Sales and SEO Management Specialist  \n\n### Location: Lahore, Pakistan  \n\n### Company: Innovate Digital Solutions Inc.  \n\n### Job Summary:  \nJoin Innovate Digital Solutions Inc. as a Sales and SEO Management Specialist. You will be part of a dynamic team responsible for driving client engagement and ensuring optimal performance in digital marketing strategies. Your role will include managing client relationships, improving SEO strategies, and leading your team to achieve sales targets.  \n\n### Key Responsibilities:  \n- Proactively engage with prospective clients to understand their business needs and provide innovative solutions.  \n- Design and execute SEO strategies in alignment with client\u2019s marketing objectives.  \n- Manage and optimize PPC campaigns to maximize ROI and brand visibility.  \n- Develop and maintain strong client relationships through tailored marketing solutions.  \n- Lead a team to achieve and surpass sales targets while providing exceptional customer service.  \n- Analyze market trends and algorithms to tailor SEO strategies accordingly.  \n- Produce reports that track progress and measure success against KPIs.  \n\n### Ideal Candidate Profile:  \nYou are a skilled sales and marketing professional with strong analytical skills suited to identifying and executing SEO opportunities. You excel at client interactions, possessing the ability to transform potential leads into satisfied clients through strategic and well-executed marketing initiatives. Leadership and team management skills will be pivotal to drive sales and motivate your team.  \n\n### Benefits:  \n- Competitive salary package  \n- Health and wellness benefits  \n- Performance bonuses  \n- Opportunities for career advancement  \n\nJoin us to redefine digital engagement and lead market strategies with agility and innovation.",
        "macro_dict": {
            "experience": 20,
            "client relationship management": 80
        },
        "micro_dict": {
            "team management": 67,
            "market analysis": 33
        },
        "additional_info": "Innovate Digital Solutions Inc. prefers candidates from reputable institutions such as [University of Lahore], [Punjab University]. Remote work options are available subject to roles and responsibilities. We assess skills through a combination of technical tests, interviews, and real-world problem-solving scenarios to gauge practical competency in strategic marketing contexts.",
        "minimum_requirements": [
            "Master's degree in Business Administration or related field"
        ],
        "resume": "\u00a0 \u00a0\nContact\n+92 335 4849 557  (Mobile)\nmoazzamjavaid0@gmail.com\nwww.linkedin.com/in/moazzam-\njavaid-03667b58  (LinkedIn)\nTop Skills\nRenegotiations\nVendor Negotiation\nNegotiation\nLanguages\nEnglish  (Native or Bilingual)\nUrdu  (Native or Bilingual)\nPunjabi  (Native or Bilingual)\nCertifications\nKey Account Management\nVolnteer\nHonors-Awards\nHead CeremoniesMoazzam Javaid\nCity Development | Key Account Management | Business\nDevelopment | Ecommerce | Project Management | Sales Specialist |\nTeam Management\nLahore, Punjab, Pakistan\nSummary\nHelping companies to go digital with foodpanda!\nSales enthusiast and data driven person with 4+ years' experience\nin commercial and history of working in early-stage start-up with a\nfocus on grassroots segment.\nProven record of generating demand through various strategies and\nchannels. Skilled in strategic planning and focus on go-to-market\nstrategy with growth hack mindset. Well experience on managing\nteam and able to demonstrate good leadership.\nMeeting new people, developing new relationships, solving\nproblems, and contributing to the overall growth of a business on an\nauthentic level satisfy me!\nExperience\nfoodpanda\n4 years 6 months\nAssistant Manager Key Accounts\nMarch 2021\u00a0-\u00a0Present\u00a0 (1 year 7 months)\nLahore, Punjab, Pakistan\n\u2022 Leading a portfolio with a GMV of approx. 80mio\n\u2022 Managing key accounts in Lahore and beyond that contribute 40% to total\ncity\u2019s revenue\n\u2022 End to end management from deal acquisitions, subsidy management,\nphotography and descriptions of the restaurant dishes, premium listings,\nliaison with different verticals\n\u2022 Responsible for ensuring delivery of vendor KPIs i.e., Fail Rate, Offline\nHours, NPS, Food and Packaging ratings\n\u2022 Effective utilization of subsidy budgets to achieve order growth and campaign\nobjectives \n\u2022 Develop effective business plans to improve the orders, basket size and\nrevenue per order\n\u2022 Ensure compliance of restaurants with foodpanda requirements \n\u00a0 Page 1 of 3\u00a0 \u00a0\n\u2022 Working with Marketing department for customer acquisition\nSpecial Project Lead\nJanuary 2020\u00a0-\u00a0February 2021\u00a0 (1 year 2 months)\nDelivery Model Shift Project.\nRenegotiation Project.\nAssociate Business Development\nApril 2018\u00a0-\u00a0January 2020\u00a0 (1 year 10 months)\nLahore, Pakistan\n\u2022 To Manage and retain existing restaurants.\n\u2022 To acquire new restaurants. \n\u2022 Respond to all vendors inquires in timely manner. \n\u2022 Stay up to date on current and up coming restaurants.\n\u2022 Guide marketing strategies to vendor to grow business.\nTPI ( Technology People Initiative )\nData Analyst\nMay 2015\u00a0-\u00a0August 2015\u00a0 (4 months)\nLahore University of Management Sciences\nWorking under a team of professionals who were leading  a project sponsored\nby USAID. Bringing the complete Judiciary system online. Gathering data\nrelated to that, analyzing the statistics and reporting the results. My activities\nincluded gaining the related information , direct reporting to Project manager\nand taking feedback.\nLUMS - Lahore University of Management Sciences\nResearch Internee\nMay 2014\u00a0-\u00a0July 2014\u00a0 (3 months)\nLahore\nExperience of Working with a team of professionals who were leading a USAID\nbased project related to Judiciary of Pakistan, being run by Gov. of Pakistan. \n\u2022 Communication\n\u2022 Data gathering\n\u2022 Data Analysis + Data Entry\n\u2022 Team tours\n\u2022 Applications related Research \nEducation\n\u00a0 Page 2 of 3\u00a0 \u00a0\nNational University of Computer and Emerging Sciences\nBachelor of Business Administration (BBA),\u00a0Accounting and\nFinance \u00a0\u00b7\u00a0(2013\u00a0-\u00a02017)\nDivisional public School and college Sahiwal\nFSC,\u00a0Mathematics \u00a0\u00b7\u00a0(2010\u00a0-\u00a02012)\n\u00a0 Page 3 of 3"
    },
    "details": {
        "name": "Moazzam Javaid",
        "number": "923354849557",
        "skills": [
            "Key Account Management",
            "Business Development",
            "Ecommerce",
            "Project Management",
            "Sales Specialist",
            "Data Analysis"
        ],
        "email_id": "moazzamjavaid0@gmail.com",
        "location": "Lahore, Punjab, Pakistan",
        "projects": [],
        "education": [
            {
                "end_date": "06-2017",
                "university": "National University of Computer and Emerging Sciences",
                "degree_title": "Bachelor of Business Administration (BBA), Accounting and Finance"
            }
        ],
        "achievements": [],
        "publications": [],
        "certifications": [
            {
                "certification_name": "Key Account Management",
                "issuing_organization": "Volnteer",
                "date_of_issuance": "01-2021"
            }
        ],
        "additional_urls": [
            {
                "url": "linkedin.com/in/moazzam-javaid-03667b58",
                "website_name": "LinkedIn"
            }
        ],
        "executive_summary": "Moazzam Javaid is a skilled professional with over 4 years of experience in key account management and business development, particularly in the ecommerce sector. He has a proven track record of managing significant portfolios and driving revenue growth through strategic planning and effective vendor management.",
        "employment_history": [
            {
                "details": "Leading a portfolio with a GMV of approx. 80mio, managing key accounts that contribute 40% to total city\u2019s revenue, and ensuring compliance with vendor KPIs.",
                "end_date": "10-2024",
                "location": "Lahore, Punjab, Pakistan",
                "job_title": "Assistant Manager Key Accounts",
                "start_date": "03-2021",
                "company_name": "foodpanda"
            },
            {
                "details": "Led special projects including Delivery Model Shift and Renegotiation Project.",
                "end_date": "02-2021",
                "location": "Lahore, Punjab, Pakistan",
                "job_title": "Special Project Lead",
                "start_date": "01-2020",
                "company_name": "foodpanda"
            },
            {
                "details": "Managed and retained existing restaurants, acquired new restaurants, and guided marketing strategies to grow business.",
                "end_date": "01-2020",
                "location": "Lahore, Pakistan",
                "job_title": "Associate Business Development",
                "start_date": "04-2018",
                "company_name": "foodpanda"
            },
            {
                "details": "Worked on a project sponsored by USAID to bring the complete Judiciary system online, focusing on data gathering and analysis.",
                "end_date": "08-2015",
                "location": "Lahore, Pakistan",
                "job_title": "Data Analyst",
                "start_date": "05-2015",
                "company_name": "TPI (Technology People Initiative)"
            },
            {
                "details": "Participated in a USAID based project related to the Judiciary of Pakistan, focusing on data gathering and analysis.",
                "end_date": "07-2014",
                "location": "Lahore, Pakistan",
                "job_title": "Research Internee",
                "start_date": "05-2014",
                "company_name": "LUMS - Lahore University of Management Sciences"
            }
        ]
    }
}