{
    "output": {
        "justification": [
            "Leadership: Limited evidence of leadership responsibilities. Main role involves distribution sales, but lacks specifics on leadership opportunities in previous roles.",
            "Experience: 5 years in FMCG industry and distribution. No explicit key account management experience, but relevant sales experience related to job description.",
            "Strategic Thinking: No specific examples or evidence of strategic planning skills.",
            "Data Analysis: Claims familiarity with MS Office and CRM tools, but no explicit mention of data analysis tools like Power BI.",
            "Salesforce: Mentioned as having familiarity, but unclear level of proficiency."
        ],
        "scores": {
            "macro_scores": [
                {
                    "criteria": "leadership",
                    "score": 4
                },
                {
                    "criteria": "experience",
                    "score": 6
                },
                {
                    "criteria": "strategic thinking",
                    "score": 3
                }
            ],
            "micro_scores": [
                {
                    "criteria": "data analysis",
                    "score": 3
                },
                {
                    "criteria": "salesforce",
                    "score": 5
                }
            ],
            "requirements": [
                {
                    "criteria": "Bachelor's degree in Business Administration or related field",
                    "meets": true
                }
            ],
            "aggregated_scores": {
                "macro_scores": 4.42,
                "micro_scores": 4.4
            }
        },
        "personal_info": {
            "name": "Muhammad Hassan Ishaq",
            "email": "hassanch4686@outlook.com",
            "phone": "0301-7706019",
            "current_position": "N/A",
            "current_company": "N/A",
            "employment_start_date_current_company": "N/A",
            "first_company_start_date": "N/A",
            "urls": []
        },
        "valid_resume_and_jd": true
    },
    "input": {
        "job_description": "### Key Account Manager at LuxoTech Solutions\n\n**Location:** Karachi, Pakistan\n\n**Department:** Sales and Marketing\n\n**Reports to:** Director of Sales\n\n**Role Overview:**\nJoin LuxoTech Solutions as a Key Account Manager where you will be responsible for managing major accounts in the Retail & Hospitality segments across Pakistan. You will drive sales growth by managing existing accounts and developing strategies for new accounts. Your role will involve coordinating with cross-functional teams, analyzing market trends, and leading initiatives to meet revenue targets.\n\n#### Responsibilities:\n- Manage a portfolio of 15+ key accounts, comprising both end-users and channel partners.\n- Drive expansion into new market segments by identifying and engaging with potential leads.\n- Develop and execute account management strategies to achieve 110% target attainment in revenue.\n- Utilize data analysis tools such as Power BI to assess market trends and generate insights.\n- Coordinate with internal teams including marketing and operations to ensure strategic alignment.\n- Lead contract negotiations and manage pricing strategies to optimize profitability.\n- Report on account performance and market opportunities to senior management regularly.\n\n#### Essential Skills:\n- Strong leadership and stakeholder management skills.\n- Proficiency in data analysis and forecasting to inform decision-making.\n- Experience with tools such as Salesforce, Vistex, and SAP ERP for managing sales functions.\n- Excellent communication skills for client interactions and internal collaborations.\n\n#### Qualifications:\n- Master's degree preferred; Bachelor's degree in Business Administration or related field is required.\n- 5+ years of experience in sales management or business development, with a focus on key account management.\n- Demonstrated success in growing accounts and achieving revenue targets.\n\n#### Benefits:\n- Competitive salary with performance bonuses.\n- Professional development opportunities and access to industry seminars.\n- Flexible working hours.",
        "macro_dict": {
            "leadership": 25,
            "experience": 39,
            "strategic thinking": 36
        },
        "micro_dict": {
            "data analysis": 30,
            "salesforce": 70
        },
        "additional_info": "LuxoTech Solutions values diversity and seeks candidates from a variety of backgrounds and experiences. Preferred institutions include the Institute of Business Administration, Karachi, and FAST NUCES. The company supports hybrid work arrangements and offers relocation assistance for exceptional candidates. Skills are assessed through a combination of technical tests, case studies, and structured interviews with panel members from various departments.",
        "minimum_requirements": [
            "Bachelor's degree in Business Administration or related field"
        ],
        "resume": "Muhammad Hassan  Ishaq  \n hassanch4686@outlook.com  \nShujaAbad,Multan  \nCell  # 0301 -7706019  \nAbridge  \nTo learn more and polish my skills in an environment that can \nhelp to achieve organization goals.  To become an efficient part \nof management so as to contribute towards the achievement \nof its goals as well as nourishing and nurturing my skills to make \nme a real asset for the organization.  \nPersonal Information  \nFull Name      Hassan  Ishaq  \nFather Name                                      Muhammad Ishaq  \nDate of Birth              20 March 1992  \nMarital Status              Single  \nGender               Male  \nReligious               Islam  \nNationality              Pakistan  \nWork Experiences   \n\u2756 Total 5 Years Of working experience  in FMCG  Industry  \n\u2756 4 Years In Distribution of (CoCa Cola Beverages Company) \nMultan, Continue \u2026 \n\u2756 Having 5 Years of Working in Distribution sales Matters  \n\u2756 Also  Having Internship Certificate In Finance  Department  at \nPEL Company  Education / Course  \n\u2756 M.Sc (Eco)                \n\u2756  From, Bahauddin Zakariya  University Multan, Pakistan  \n\u2756 Bachelor Degree  \nFrom, Bahauddin Zakariya University Multan , Pakistan  \n\u2756 Intermediate   (F.Sc ) \nFrom, Punjab College of Information Technology, Multan  \n\u2756 High School Certificate  \nBISE, Multan, Pakistan  \nTrainings/ Cerificates  \n\u2756 Internship in Finance  by (PEL) \n\u2756 Freelancing ( DigiSkills.pk ) by (MITT )(VU) \n\u2756 Digital Marketing  (DigiSkills .pk) by (MITT) (VU)  \n\u2756 Red Recognition Award (CCI)  \nStrength / Skills  \no Strong inter -personal and Concentrate communication skills  \no Demonstrate ability to present ideas  \no Ability to easily understand new concepts in minimum \nrefractory time.  \no High motivation  & adaptability  \no Self Starter and quick learner  \no Well known about MS Office ,G-suite,CRM,Salesforce & \nERP Software  \no Well Known about Sales & Marketing Operations     \nLanguages  \nUrdu,English,Punjabi  \n\u25aa I hereby declare that the information furnished \nabove is true to the best of my knowledge.   \n\u25aa Reference Should be furnished on demand  "
    },
    "details": {
        "name": "Hassan Ishaq",
        "number": "03017706019",
        "skills": [
            "MS Office",
            "G-suite",
            "CRM",
            "Salesforce",
            "ERP Software"
        ],
        "email_id": "hassanch4686@outlook.com",
        "location": "ShujaAbad, Multan",
        "projects": [],
        "education": [
            {
                "end_date": "06-2015",
                "university": "Bahauddin Zakariya University Multan, Pakistan",
                "degree_title": "M.Sc (Eco)"
            },
            {
                "end_date": "06-2013",
                "university": "Bahauddin Zakariya University Multan, Pakistan",
                "degree_title": "Bachelor Degree"
            },
            {
                "end_date": "06-2010",
                "university": "Punjab College of Information Technology, Multan",
                "degree_title": "Intermediate (F.Sc)"
            },
            {
                "end_date": "06-2008",
                "university": "BISE, Multan, Pakistan",
                "degree_title": "High School Certificate"
            }
        ],
        "achievements": [
            "Red Recognition Award (CCI)"
        ],
        "publications": [],
        "certifications": [
            {
                "certification_name": "Internship in Finance",
                "issuing_organization": "PEL",
                "date_of_issuance": "06-2019"
            },
            {
                "certification_name": "Freelancing",
                "issuing_organization": "DigiSkills.pk (MITT)(VU)",
                "date_of_issuance": "06-2020"
            },
            {
                "certification_name": "Digital Marketing",
                "issuing_organization": "DigiSkills.pk (MITT)(VU)",
                "date_of_issuance": "06-2020"
            }
        ],
        "additional_urls": [],
        "executive_summary": "Hassan Ishaq is a dedicated professional with 5 years of experience in the FMCG industry, specializing in distribution sales. He holds a Master's degree in Economics and has completed various certifications in finance and digital marketing. Hassan is proficient in several software tools including MS Office, G-suite, CRM, Salesforce, and ERP Software, making him a valuable asset in sales and marketing operations.",
        "employment_history": [
            {
                "details": "Worked in distribution sales for Coca Cola Beverages Company, managing sales operations and client relationships.",
                "end_date": "Present",
                "location": "Multan",
                "job_title": "Sales Executive",
                "start_date": "01-2019",
                "company_name": "Coca Cola Beverages Company"
            }
        ]
    }
}