{
    "output": {
        "justification": [
            "The candidate has a history in business development and client relations, fitting well with the Client Relationship Management requirement.",
            "SEO Strategy Development skills were not identified in the resume, resulting in a low score for this micro score.",
            "The candidate demonstrated strong client engagement and sales skills, which aligns with the job role.",
            "Market Analysis was performed in past roles but was not directly highlighted in the resume."
        ],
        "scores": {
            "macro_scores": [
                {
                    "criteria": "client relationship management",
                    "score": 8
                }
            ],
            "micro_scores": [
                {
                    "criteria": "seo strategy development",
                    "score": 3
                },
                {
                    "criteria": "client engagement",
                    "score": 8
                },
                {
                    "criteria": "market analysis",
                    "score": 6
                }
            ],
            "requirements": [
                {
                    "criteria": "3+ years of experience in SEO and digital marketing",
                    "meets": false
                },
                {
                    "criteria": "Proficiency in Microsoft Office and CRM systems",
                    "meets": true
                },
                {
                    "criteria": "Strong analytical and strategic thinking skills",
                    "meets": true
                },
                {
                    "criteria": "Proven track record in sales and client relationship management",
                    "meets": true
                }
            ],
            "aggregated_scores": {
                "macro_scores": 8.0,
                "micro_scores": 4.88
            }
        },
        "personal_info": {
            "name": "Malik Arslan Ali",
            "email": "Arslanaly10@yahoo.com",
            "phone": "+92 320 5643343",
            "current_position": "Senior Business Development Manager",
            "current_company": "WOW Health Pvt Limited",
            "employment_start_date_current_company": "04-2022",
            "first_company_start_date": "01-2014",
            "urls": []
        },
        "valid_resume_and_jd": true
    },
    "input": {
        "job_description": "## Job Title: Sales and SEO Management Specialist  \n\n### Location: Lahore, Pakistan  \n\n### Company: Innovate Digital Solutions Inc.  \n\n### Job Summary:  \nJoin Innovate Digital Solutions Inc. as a Sales and SEO Management Specialist. You will be part of a dynamic team responsible for driving client engagement and ensuring optimal performance in digital marketing strategies. Your role will include managing client relationships, improving SEO strategies, and leading your team to achieve sales targets.  \n\n### Key Responsibilities:  \n- Proactively engage with prospective clients to understand their business needs and provide innovative solutions.  \n- Design and execute SEO strategies in alignment with client\u2019s marketing objectives.  \n- Manage and optimize PPC campaigns to maximize ROI and brand visibility.  \n- Develop and maintain strong client relationships through tailored marketing solutions.  \n- Lead a team to achieve and surpass sales targets while providing exceptional customer service.  \n- Analyze market trends and algorithms to tailor SEO strategies accordingly.  \n- Produce reports that track progress and measure success against KPIs.  \n\n### Ideal Candidate Profile:  \nYou are a skilled sales and marketing professional with strong analytical skills suited to identifying and executing SEO opportunities. You excel at client interactions, possessing the ability to transform potential leads into satisfied clients through strategic and well-executed marketing initiatives. Leadership and team management skills will be pivotal to drive sales and motivate your team.  \n\n### Benefits:  \n- Competitive salary package  \n- Health and wellness benefits  \n- Performance bonuses  \n- Opportunities for career advancement  \n\nJoin us to redefine digital engagement and lead market strategies with agility and innovation.",
        "macro_dict": {
            "client relationship management": 100
        },
        "micro_dict": {
            "seo strategy development": 40,
            "client engagement": 4,
            "market analysis": 56
        },
        "additional_info": "Innovate Digital Solutions Inc. prefers candidates from reputable institutions such as [University of Lahore], [Punjab University]. Remote work options are available subject to roles and responsibilities. We assess skills through a combination of technical tests, interviews, and real-world problem-solving scenarios to gauge practical competency in strategic marketing contexts.",
        "minimum_requirements": [
            "3+ years of experience in SEO and digital marketing",
            "Proficiency in Microsoft Office and CRM systems",
            "Strong analytical and strategic thinking skills",
            "Proven track record in sales and client relationship management"
        ],
        "resume": " \n \n \n \n \n \n \n \n \n \n \n \nPROFILE  \nDriven Business Development  \nExecutive  with a career  history  \nin multi -state distributed  \nbusinesses and proven skill in  \nhiring,  developing,  and \nretaining  high-performance  \nteams.  A motivating  leader  \nwith strengths in building  \nstrategic relationships to  \nsupport key business  \ninitiatives. Highly skilled in  \nchange management,  \nmanagement  transition,  and \nmerger  integration.  Offering  \nexcellent interpersonal and  \ncommunication skills and  \nexperience managing  matrixed  \norganizations.  \n \nCONTACT  \nPHONE:  \n+92 320 5643343  \n \nEMAIL:  \nArslanaly10@yahoo.com  MALIK  \nARSLAN  ALI \nEDUCATION  \n \nUniversity  of Haripur  \nBachelors  in Business  Administration  (BBA  Hons)  \n2010 -2014  \n \nSarhad  College  of Commerce  \nD.com  \n2008 -2010  \n \nWORK  EXPERIENCE   \nWOW Health Pvt Limited [Senior Business  \nDevelopment  Manager]  \nApril  2022  \u2013 Till Date  \n\u2022 Defined and integrated  roles,  \nresponsibilities, and processes for business  \nteam  and data management  organization  \n\u2022 Identified and pursued valuable business  \nopportunities to generate new company  \nrevenue  and improve  bottom -line profit  \n\u2022 Established and maintained highly  \neffective relationships with clients and  \nindustry partners  to drive  growth  \n\u2022 Researched product pricing, ratings, and  \nperformance, and created comparison  \nspreadsheets  to evaluate  competitors \nMotive  \u2013 Formally  Keep truck -In [Business  Development  Officer ] \u2013 Remote  \n March  2022  \u2013 July 2022 \n \n\u2022 Built and strengthened relationships with new and existing  accounts to  drive revenue \ngrowth.  \n\u2022 Negotiated sales deals between customers and agents , resulting  in mutually beneficial \nagreements and cultivated  relationships.  \n\u2022 Conducted integrated sales presentations to illustrate the value of  product or service and \ntailor c all-to-action.  \n\u2022 Applied needs -based analysis to assess current satisfaction  and the importance of various \nproduct features to customers.  \n\u2022 Gained an understanding of goals, objectives , and processes to  meet client business \nneeds.  \n\u2022 Presented product concepts and offer ings to meet client\u2019s specifications and preferences.  \n\u2022 Managed sales cycle to maintain a solid customer base.  \n\u2022 Cold called, canvassed , and obtained referrals to develop  \n\u2022 sales pipeline.  \nAdamJee  Life Assurance  [ Senior  Branch  Manager]  \nSep 2021\u2013April  2022  \n \n\u2022 Boosted sales and customer loyalty through  incentive  programs  \n\u2022 Created new revenue streams and recruited  talented staff  for branch offices  \n\u2022 Assessed employee performance and developed  improv ement plans  \n\u2022 Resolved various issues impacting sales  management  and business  operations  \n\u2022 Gathered and reviewed customer feedback to  improve  operations  \n \nPak Qatar Family Takaful [ Assistant Branch  Manager]  \n   Oct 2019 -Sep 2021  \n\u2022 Trained and guided team members to maintain  high productivity and  performance  \nmetrics  \n\u2022 Mitigated business risks by working closely with  staff members and assessing \nperformance  \n\u2022 Cultivated and strengthened lasting client  relationships using strong issue resol ution \nand dynamic communication skills  \n\u2022 Recruited, hired, and trained initial personnel,  working to establish key internal \nfunctions and  outline the scope of positions for the new  organization  \n \n \n \n Excellence  Limo  [ Business  Development  Executive]  \nJan 2017 -May 2019  \n\u2022 Defined and integrated roles, responsibilities,  and processes for business team and \ndata management organization  \n\u2022 Identified and pursued valuable business  opportunities to generate new company \nrevenue  and improve  bottom  line profit  \n\u2022 Developed and executed strategic initiatives to  implement key changes and \nimprovements in  business  development and  sales  programs  \n\u2022 Developed  new proposals,  contracts,  and procedures to draw in more clients and  \nstreamline  work  operations  \n \nSarhad R uler Support Program  [MIS Officer ] \nJan 2014-May 2016 \n \n\u2022 Transfer data from paper formats into computer  files or database systems using \nkeyboards, data  recorders or optical scanners  \n\u2022 Type  in data provided  directly  from  customers  \n\u2022 Create  spreadsheets  with large  numbers  of figures  without  mistakes  \n\u2022 Verify data by comparing it to source  documents  \n\u2022 Update  existing  data \n\u2022 Retrieve data from the database or electronic  files as  requested  \n\u2022 Perform  regular  backups  to ensure  data preservation  \n\u2022 Sort and organize paperwork after entering data  to ensure it  is not lost  \n \n  SKILLS  \n \n\u2022 Excellent listening skills Critical and creative  thinking  \n\u2022 Product and service sales Strong sales proposal  writer  Customer satisfaction  \n\u2022 Goals  and performance  Sales  expertise  \n\u2022 Business  development  and planning  \n\u2022 Sales  pipeline  management  \n\u2022 Relationship  building  and rapport  \n\u2022 CRMCertification  \n\u2022 Critical  thinking  for Better  Judgement  and Decision  Making  \n\u2022 sales  management  \n\u2022 Sales  Foundation  \n\u2022 Sales  Time  Management  \n\u2022 Business  Analysis  and Process  Management  \n "
    },
    "details": {
        "name": "Arslan Ali Malik",
        "number": "923205643343",
        "skills": [
            "Business Development",
            "Sales Management",
            "Sales Pipeline Management",
            "Business Analysis and Process Management"
        ],
        "email_id": "Arslanaly10@yahoo.com",
        "location": "",
        "projects": [],
        "education": [
            {
                "end_date": "05-2014",
                "university": "University of Haripur",
                "degree_title": "Bachelors in Business Administration (BBA Hons)"
            },
            {
                "end_date": "05-2010",
                "university": "Sarhad College of Commerce",
                "degree_title": "D.com"
            }
        ],
        "achievements": [],
        "publications": [],
        "certifications": [
            {
                "certification_name": "CRM Certification",
                "issuing_organization": "",
                "date_of_issuance": ""
            },
            {
                "certification_name": "Critical Thinking for Better Judgement and Decision Making",
                "issuing_organization": "",
                "date_of_issuance": ""
            },
            {
                "certification_name": "Sales Foundation",
                "issuing_organization": "",
                "date_of_issuance": ""
            },
            {
                "certification_name": "Sales Time Management",
                "issuing_organization": "",
                "date_of_issuance": ""
            }
        ],
        "additional_urls": [],
        "executive_summary": "Arslan Ali Malik is a driven business development executive with a strong background in multi-state distributed businesses. He has proven skills in hiring, developing, and retaining high-performance teams, and excels in building strategic relationships to support key business initiatives. His experience includes managing matrixed organizations and leading change management efforts.",
        "employment_history": [
            {
                "details": "Defined and integrated roles, responsibilities, and processes for business team and data management organization. Identified and pursued valuable business opportunities to generate new company revenue and improve bottom-line profit. Established and maintained highly effective relationships with clients and industry partners to drive growth.",
                "end_date": "Present",
                "location": "",
                "job_title": "Senior Business Development Manager",
                "start_date": "04-2022",
                "company_name": "WOW Health Pvt Limited"
            },
            {
                "details": "Built and strengthened relationships with new and existing accounts to drive revenue growth. Negotiated sales deals between customers and agents, resulting in mutually beneficial agreements. Conducted integrated sales presentations to illustrate the value of product or service.",
                "end_date": "07-2022",
                "location": "Remote",
                "job_title": "Business Development Officer",
                "start_date": "03-2022",
                "company_name": "Motive \u2013 Formally Keep truck-In"
            },
            {
                "details": "Boosted sales and customer loyalty through incentive programs. Created new revenue streams and recruited talented staff for branch offices. Assessed employee performance and developed improvement plans.",
                "end_date": "04-2022",
                "location": "",
                "job_title": "Senior Branch Manager",
                "start_date": "09-2021",
                "company_name": "AdamJee Life Assurance"
            },
            {
                "details": "Trained and guided team members to maintain high productivity and performance metrics. Mitigated business risks by working closely with staff members and assessing performance.",
                "end_date": "09-2021",
                "location": "",
                "job_title": "Assistant Branch Manager",
                "start_date": "10-2019",
                "company_name": "Pak Qatar Family Takaful"
            },
            {
                "details": "Defined and integrated roles, responsibilities, and processes for business team and data management organization. Identified and pursued valuable business opportunities to generate new company revenue and improve bottom line profit.",
                "end_date": "05-2019",
                "location": "",
                "job_title": "Business Development Executive",
                "start_date": "01-2017",
                "company_name": "Excellence Limo"
            },
            {
                "details": "Transferred data from paper formats into computer files or database systems using keyboards, data recorders or optical scanners. Created spreadsheets with large numbers of figures without mistakes.",
                "end_date": "05-2016",
                "location": "",
                "job_title": "MIS Officer",
                "start_date": "01-2014",
                "company_name": "Sarhad Ruler Support Program"
            }
        ]
    }
}