{
    "output": {
        "justification": [
            "The candidate has demonstrated a strong track record in sales and business development, but lacks specific SEO experience.",
            "Leadership experience is evident with team management roles, though not directly in SEO contexts.",
            "No explicit mention of SEO strategy development in the resume.",
            "Candidate managed sales targets and strategies, aligning with some aspects of market analysis."
        ],
        "scores": {
            "macro_scores": [
                {
                    "criteria": "leadership",
                    "score": 7
                },
                {
                    "criteria": "experience",
                    "score": 6
                }
            ],
            "micro_scores": [
                {
                    "criteria": "seo strategy development",
                    "score": 3
                },
                {
                    "criteria": "team management",
                    "score": 7
                },
                {
                    "criteria": "ppc campaigns",
                    "score": 2
                },
                {
                    "criteria": "market analysis",
                    "score": 6
                }
            ],
            "requirements": [
                {
                    "criteria": "Proven track record in sales and client relationship management",
                    "meets": true
                },
                {
                    "criteria": "Proficiency in Microsoft Office and CRM systems",
                    "meets": false
                },
                {
                    "criteria": "3+ years of experience in SEO and digital marketing",
                    "meets": false
                }
            ],
            "aggregated_scores": {
                "macro_scores": 6.460000000000001,
                "micro_scores": 2.7500000000000004
            }
        },
        "personal_info": {
            "name": "Rana Ali Arshad",
            "email": "ranaaliarshadd@gmail.com",
            "phone": "92-343-0003805",
            "current_position": "Assistant Manager Business Development & Planning North",
            "current_company": "Interwood Mobel Pvt.Ltd.",
            "employment_start_date_current_company": "09-2021",
            "first_company_start_date": "06-2018",
            "urls": [
                {
                    "website_name": "LinkedIn",
                    "url": "LinkedIn"
                }
            ]
        },
        "valid_resume_and_jd": true
    },
    "input": {
        "job_description": "## Job Title: Sales and SEO Management Specialist  \n\n### Location: Lahore, Pakistan  \n\n### Company: Innovate Digital Solutions Inc.  \n\n### Job Summary:  \nJoin Innovate Digital Solutions Inc. as a Sales and SEO Management Specialist. You will be part of a dynamic team responsible for driving client engagement and ensuring optimal performance in digital marketing strategies. Your role will include managing client relationships, improving SEO strategies, and leading your team to achieve sales targets.  \n\n### Key Responsibilities:  \n- Proactively engage with prospective clients to understand their business needs and provide innovative solutions.  \n- Design and execute SEO strategies in alignment with client\u2019s marketing objectives.  \n- Manage and optimize PPC campaigns to maximize ROI and brand visibility.  \n- Develop and maintain strong client relationships through tailored marketing solutions.  \n- Lead a team to achieve and surpass sales targets while providing exceptional customer service.  \n- Analyze market trends and algorithms to tailor SEO strategies accordingly.  \n- Produce reports that track progress and measure success against KPIs.  \n\n### Ideal Candidate Profile:  \nYou are a skilled sales and marketing professional with strong analytical skills suited to identifying and executing SEO opportunities. You excel at client interactions, possessing the ability to transform potential leads into satisfied clients through strategic and well-executed marketing initiatives. Leadership and team management skills will be pivotal to drive sales and motivate your team.  \n\n### Benefits:  \n- Competitive salary package  \n- Health and wellness benefits  \n- Performance bonuses  \n- Opportunities for career advancement  \n\nJoin us to redefine digital engagement and lead market strategies with agility and innovation.",
        "macro_dict": {
            "leadership": 46,
            "experience": 54
        },
        "micro_dict": {
            "seo strategy development": 43,
            "team management": 4,
            "ppc campaigns": 50,
            "market analysis": 3
        },
        "additional_info": "Innovate Digital Solutions Inc. prefers candidates from reputable institutions such as [University of Lahore], [Punjab University]. Remote work options are available subject to roles and responsibilities. We assess skills through a combination of technical tests, interviews, and real-world problem-solving scenarios to gauge practical competency in strategic marketing contexts.",
        "minimum_requirements": [
            "Proven track record in sales and client relationship management",
            "Proficiency in Microsoft Office and CRM systems",
            "3+ years of experience in SEO and digital marketing"
        ],
        "resume": "PROFESSIONAL  SUMMARY  \nEmployment  History      Rana  Ali Arshad  \n \nAskari 11 Rawalpindi  \nranaaliarshadd@ gmail.com  \n92-343-0003805  \nLinkedIn  \n \n \n \nAn adept Business Manager delivering solid results with more than 4 years of professional experience in corporate business  \nindustry.  Have  gained  multiple  experiences  in Product  Marketing,  Key Accounts  Sales,  and Pre-Sales  activities.  Received  various  \nprofessional trainings in different categories. The experience of interacting with the diversity of stakeholders has helped i n my  \ncontinue d professional  development.  \n \nAREAS  OF EXPERTISE:  \n \nBusiness Development / Marketing, Sales, Conceptualizing and implementing competent strategies with a view to penetrate  \nnew accounts and expand existing ones for a wide range of products / services. Gatheri ng Market Intelligence, tracking  \ncompetitors' activities and providing valuable inputs for \ufb01ne tuning sales & marketing strategies. Good relationships with  \nArchitects, Consultants, corporate sectors & Contractors on regional level. Recognizing, establishin g financially strong and  \nreliable dealers/ Distributors for deeper market penetration; providing training & direction to channel partners for ensuring  \nquality performance. Building and maintaining healthy relations with channel partners. Expertise in imple menting systems &  \nprocedures  and contributing  towards  improved  business  performance,  heightened  productivity  and enhanced  internal  controls.  \n \n \n \n \nSep. 2021 \u2013 Present  \nIslamabad,  Pakistan  \n \n  \nAssistant  Manager  Business  Development  & Planning  North,  Interwood  Mobel  Pvt.Ltd.  \n \nResponsible for expansion of company\u2019s corporate & retail business and increasing its  \nrevenue, identifying and developing new business opportunities & building presence of  \nthe company and its brands. Responsible for business expansion in regional retail  \nstores with strategies which would help sales team to generate sales volume & footfall.  \nManaging a corporate/retail business development & projects team; oversee marketing  \ncampaigns to generate leads for the sales team; earn identi\ufb01ed market placement to  \nposition the company as an expert in its discipline; Identifying and mapping business  \nstrengths and customer needs. Researching business opportunities and viable income  \nstream s, following industry trends locally and internationally, Drafting and reviewing  \ncontracts,  reporting  on successes  and areas  needing  improvements.  \n \nApr. 2019  \u2013Aug. 2021 \nIslamabad,  Pakistan   \nSr. Key Account  Executive - Leopards  courier  services  Pvt. Ltd. \n \nOwn and hit/exceed annual sales targets within assigned territory and accounts.  \nEstablish  sales  objectives  by forecasting  and developing  annual  sales  quotas  for regions  \nEducation  and territories; projecting expected sales volume and pro\ufb01t for existing and new products.  \nDevelop and execute strategic plan to achieve sales targets and expand our customer  \nbase. Desire to own projects and exceed expectations, with ability to \ufb01nd solutio ns and  \ndeliver  results  within  a rapidly  changing,  entrepreneurial,  technology -driven  culture.  \nPartner with customers to understand their business needs and objectives. Reporting on  \nforces  that shift tactical  budgets  and strategic  direction  of accounts.  Determine  annual  unit \nand gross -pro\ufb01t  plans  by implementing  marketing  strategies;  analyzing  trends  and results.  \nIdentifying and mapping business strengths and customer needs. Researching business  \nopportunities  and viable  income  streams,  \n \n \nSep. 2018  \u2013Mar. 2019 \nIslamabad,  Pakistan  \n \n \n \n \n \n \n \n \n \n \n \n \n \n \n \n \n \n \nJun. 2018  - Aug.2018  \nSialkot,  Punjab   \nTechnical  Sales  Executive - Sky Electric  - Powered  by intelligence.  \n \nResponsible  for the Sales,  in B2B & Corporate  Segment.  \nResponsible for Product development & import channel of products from abroad.  \nBuild and maintain sustainable customer relationships; manage key accounts;  \nIdentify opportunities for sales process improvement and sales target  \nImprovements; Identifying and re porting on business opportunities in target  \nmarkets;  maximizing  new business  development  opportunities;  manage  architects  \n& consultants  of designated  region  effectively.  \nExplore  and create  opportunities  for Indoor  & Outdoor  Solar  Segment;  Visiting  \nto Consultants  and potential  key customers;  Conduct  seminars  and conferences;  \nmore  focus towards  Solar;  Build  Strong  relationship  with potential customers  for \nmeaningful  outcomes.  \n \n \n \n \n \n \nInternee  FWO  \n \nAbility  to use systems  productively.  \nTimely.  \nCollect  accurate  information.  \nTeam  Management.  \n \n \n \n \n \n \n \n \n \n \n \n2017 -2021  \n \n \n \n       2012 - 2016 Bachelors  in Business  Administration - Marketing -Finance.  \n \nPMAS - University  Institute  of management  science  - Rawalpindi,  Punjab  \n \n \nSSC & HSSC  \n \nArmy  Public  School  & college  Ord Rd - Rawalpindi,  Punjab  \n \n \nSAP Business  One,  Power  BI & Hubspot.  \n \n \n\u201cArt of Selling\u201d  by sales  professionals.  \n \n \nSales  & Operation  from experts  of Interwood.  Certifications  \n"
    },
    "details": {
        "name": "Rana Ali Arshad",
        "number": "923430003805",
        "skills": [
            "SAP Business One",
            "Power BI",
            "Hubspot"
        ],
        "email_id": "ranaaliarshadd@gmail.com",
        "location": "Islamabad, Pakistan",
        "projects": [],
        "education": [
            {
                "end_date": "06-2021",
                "university": "PMAS - University Institute of Management Science - Rawalpindi, Punjab",
                "degree_title": "Bachelors in Business Administration - Marketing - Finance"
            }
        ],
        "achievements": [],
        "publications": [],
        "certifications": [
            {
                "certification_name": "Art of Selling",
                "issuing_organization": "Sales Professionals",
                "date_of_issuance": "06-2018"
            },
            {
                "certification_name": "Sales & Operation",
                "issuing_organization": "Experts of Interwood",
                "date_of_issuance": "06-2018"
            }
        ],
        "additional_urls": [
            {
                "url": "linkedin.com/in/ranaaliarshad",
                "website_name": "LinkedIn"
            }
        ],
        "executive_summary": "Rana Ali Arshad is a skilled Business Manager with over 4 years of experience in the corporate business industry, specializing in Product Marketing, Key Accounts Sales, and Pre-Sales activities. He has a proven track record in business development and marketing strategies, demonstrating expertise in expanding corporate and retail business operations.",
        "employment_history": [
            {
                "details": "Responsible for expansion of company\u2019s corporate & retail business and increasing its revenue, identifying and developing new business opportunities & building presence of the company and its brands. Responsible for business expansion in regional retail stores with strategies which would help sales team to generate sales volume & footfall. Managing a corporate/retail business development & projects team; oversee marketing campaigns to generate leads for the sales team; earn identified market placement to position the company as an expert in its discipline; Identifying and mapping business strengths and customer needs. Researching business opportunities and viable income streams, following industry trends locally and internationally, Drafting and reviewing contracts, reporting on successes and areas needing improvements.",
                "end_date": "Present",
                "location": "Islamabad, Pakistan",
                "job_title": "Assistant Manager Business Development & Planning North",
                "start_date": "09-2021",
                "company_name": "Interwood Mobel Pvt.Ltd."
            },
            {
                "details": "Own and hit/exceed annual sales targets within assigned territory and accounts. Establish sales objectives by forecasting and developing annual sales quotas for regions and territories; projecting expected sales volume and profit for existing and new products. Develop and execute strategic plan to achieve sales targets and expand our customer base. Desire to own projects and exceed expectations, with ability to find solutions and deliver results within a rapidly changing, entrepreneurial, technology-driven culture. Partner with customers to understand their business needs and objectives. Reporting on forces that shift tactical budgets and strategic direction of accounts. Determine annual unit and gross-profit plans by implementing marketing strategies; analyzing trends and results. Identifying and mapping business strengths and customer needs. Researching business opportunities and viable income streams.",
                "end_date": "08-2021",
                "location": "Islamabad, Pakistan",
                "job_title": "Sr. Key Account Executive",
                "start_date": "04-2019",
                "company_name": "Leopards Courier Services Pvt. Ltd."
            },
            {
                "details": "Responsible for the Sales, in B2B & Corporate Segment. Responsible for Product development & import channel of products from abroad. Build and maintain sustainable customer relationships; manage key accounts; Identify opportunities for sales process improvement and sales target Improvements; Identifying and reporting on business opportunities in target markets; maximizing new business development opportunities; manage architects & consultants of designated region effectively. Explore and create opportunities for Indoor & Outdoor Solar Segment; Visiting to Consultants and potential key customers; Conduct seminars and conferences; more focus towards Solar; Build Strong relationship with potential customers for meaningful outcomes.",
                "end_date": "08-2018",
                "location": "Sialkot, Punjab",
                "job_title": "Technical Sales Executive",
                "start_date": "06-2018",
                "company_name": "Sky Electric - Powered by Intelligence."
            },
            {
                "details": "Internee at FWO.",
                "end_date": "03-2019",
                "location": "Islamabad, Pakistan",
                "job_title": "Internee",
                "start_date": "09-2018",
                "company_name": "FWO"
            }
        ]
    }
}