{
    "output": {
        "justification": [
            "The resume does not list any experience with lead generation or business intelligence directly, even though it has banking experience, the specific skills required by the job are lacking.",
            "There is some experience with data analysis through the role at BankIslami, but no explicit mention of using BI tools like Power BI, SQL, or Tableau; only Excel is mentioned.",
            "The candidate's educational background doesn't meet the preferred university criteria outlined in the additional information.",
            "The resume lacks evidence of proficiency in C++, HTML, CSS, and digital marketing skills which are highlighted in the job description."
        ],
        "scores": {
            "macro_scores": [
                {
                    "criteria": "innovation and adaptability",
                    "score": 4
                }
            ],
            "micro_scores": [
                {
                    "criteria": "c++, html, css",
                    "score": 2
                },
                {
                    "criteria": "business intelligence tools (power bi, sql, tableau)",
                    "score": 2
                },
                {
                    "criteria": "crm and data management",
                    "score": 5
                },
                {
                    "criteria": "digital marketing skills",
                    "score": 3
                },
                {
                    "criteria": "project management",
                    "score": 4
                }
            ],
            "requirements": [
                {
                    "criteria": "3+ years of experience in lead generation or business intelligence",
                    "meets": false
                },
                {
                    "criteria": "Experience with business intelligence tools such as Power BI, SQL, and Tableau",
                    "meets": false
                }
            ],
            "aggregated_scores": {
                "macro_scores": 4.0,
                "micro_scores": 3.5200000000000005
            }
        },
        "personal_info": {
            "name": "SAYYED MUHAMMAD ALI SHAH",
            "email": "alishah14619@gmail.com",
            "phone": "03344899892",
            "current_position": "Business Development Banker",
            "current_company": "Bank Al Habib Ltd",
            "employment_start_date_current_company": "04-2022",
            "first_company_start_date": "08-2018",
            "urls": []
        },
        "valid_resume_and_jd": true
    },
    "input": {
        "job_description": "## Lead Generation and Business Intelligence Specialist\n\nJoin **Innovate Connections Inc.** as a Lead Generation and Business Intelligence Specialist. You will play a pivotal role in driving business growth by spearheading lead generation initiatives and providing strategic insights through data analytics. We are looking for a highly skilled professional with a strong background in lead generation, data management, and business intelligence.\n\n### Key Responsibilities:\n- Develop and execute lead generation strategies using digital marketing techniques, cold calling, and data scraping tools.\n- Collaborate with cross-functional teams to optimize customer acquisition strategies.\n- Utilize CRM systems to manage and analyze client data for lead qualification.\n- Create and manage detailed project schedules and work plans, utilizing best practices and standards for project execution.\n- Develop financial models and business growth strategies based on data insights.\n- Utilize tools such as Power BI, SQL, and Tableau for developing comprehensive data reports and dashboards.\n\n### Desired Skills and Experience:\n- Strong programming skills in C++, HTML, and CSS.\n- Proficiency in digital marketing, email marketing, and social media platforms.\n- Experience in managing large data sets and using BI tools (Power BI, Excel, Tableau).\n- Excellent communication skills and ability to develop strong client relationships.\n- Ability to work independently and manage multiple projects simultaneously.\n\n### Why Innovate Connections Inc.?\n- We innovate at the forefront of technology and enable our team members to grow alongside the company.\n- We value data-driven decision-making and empower our teams with the right tools to succeed.\n- Offering a supportive work environment and opportunities for career advancement.\n\n### How to Apply:\nSubmit your resume and cover letter detailing your relevant experience and why you are interested in joining Innovate Connections Inc.",
        "macro_dict": {
            "innovation and adaptability": 100
        },
        "micro_dict": {
            "c++, html, css": 29,
            "business intelligence tools (power bi, sql, tableau)": 11,
            "crm and data management": 36,
            "digital marketing skills": 4,
            "project management": 20
        },
        "additional_info": "Innovate Connections Inc. prefers candidates from recognized universities such as the University of Management & Technology and Lahore School of Economics. We encourage a remote working environment but require physical presence for team-building and strategic sessions twice a quarter. Relocation assistance is available for exceptional candidates. Our comprehensive assessment includes a technical test followed by structured interviews to evaluate both technical and soft skills comprehensively.",
        "minimum_requirements": [
            "3+ years of experience in lead generation or business intelligence",
            "Experience with business intelligence tools such as Power BI, SQL, and Tableau"
        ],
        "resume": " \nObjectives  \n \n \n \nExperience  \n \n \n \n \n \n \n \n \n \n \n \nQualification  \nSAYYED MUHAMMAD ALI SHAH  \n03344899892  \nEmail: alishah14619@gmail.com  \nVillage and Post Office Jalalpur Sharif, Tehsil \nPinddadan Khan, District  Jhelum . \n \nTo engage in a career that will allow for progress in terms of \nexperties, socio -economics developments, and in novation \nthrough expo sure to new ideas for professional growth, as well \nas growth for the company.  \n \nBusiness Development Banker at Bank Al Habib Ltd  \nApril 2022 \u2013 Present  \nResponsibilities:  \n\u2022 Bring new Business in bank  \n\u2022 Open New Accounts  \n\u2022 Bring New Deposit  \nRelationship Manager at MCB Bank Ltd  \nOctober 2020 \u2013 April 2022  \nResponsibilities:  \n\u2022 Bring new Business in bank by Converting Remittance \nCustomers to Bank Customers  \n\u2022 Cheque Book and ATM Balancing  \n\u2022 Prepare monthly reports for cheque books.  \n\u2022 Account Opening  \nBusiness Development Officer at BankIslami Pakistan Ltd  \nAugust 2018 \u2013 October 2020  \nResponsibilities:  \n\u2022 Bring new Customers in Bank & Cross Selling  \n\u2022 Sell Autos and deal with all Auto related problems  \n\u2022 Deal with customer insurance problems  \nCMA  \nPresent ICMAP Islamabad  \nMaster s of Commerce  \n2018 NCBA&E  \nBachelor s of Commerce  \n2015 Punjab University  \n Skills  \n\u2022 Financial Reporting  \n\u2022 Data Analysis   \n\u2022 Time Management   \n\u2022 Team Player  \n\u2022 Calculations  \n\u2022 Accounting Skill  \n\u2022 MS Word, Excel & Power \npoint  \n \nLanguages  \n\u2022 English  \n\u2022 Urdu  "
    },
    "details": {
        "name": "SAYYED MUHAMMAD ALI SHAH",
        "number": "03344899892",
        "skills": [
            "Financial Reporting",
            "Data Analysis",
            "Accounting Skill",
            "MS Word",
            "MS Excel",
            "MS PowerPoint"
        ],
        "email_id": "alishah14619@gmail.com",
        "location": "Village and Post Office Jalalpur Sharif, Tehsil Pinddadan Khan, District Jhelum",
        "projects": [],
        "education": [
            {
                "end_date": "12-2018",
                "university": "NCBA&E",
                "degree_title": "Master's of Commerce"
            },
            {
                "end_date": "12-2015",
                "university": "Punjab University",
                "degree_title": "Bachelor's of Commerce"
            }
        ],
        "achievements": [],
        "publications": [],
        "certifications": [],
        "additional_urls": [],
        "executive_summary": "SAYYED MUHAMMAD ALI SHAH is a skilled banking professional with experience in business development and relationship management. He has a strong background in financial reporting and data analysis, complemented by proficiency in Microsoft Office applications.",
        "employment_history": [
            {
                "details": "Bring new Business in bank",
                "end_date": "Present",
                "location": "Bank Al Habib Ltd",
                "job_title": "Business Development Banker",
                "start_date": "04-2022",
                "company_name": "Bank Al Habib Ltd"
            },
            {
                "details": "Bring new Business in bank by Converting Remittance Customers to Bank Customers",
                "end_date": "04-2022",
                "location": "MCB Bank Ltd",
                "job_title": "Relationship Manager",
                "start_date": "10-2020",
                "company_name": "MCB Bank Ltd"
            },
            {
                "details": "Bring new Customers in Bank & Cross Selling",
                "end_date": "10-2020",
                "location": "BankIslami Pakistan Ltd",
                "job_title": "Business Development Officer",
                "start_date": "08-2018",
                "company_name": "BankIslami Pakistan Ltd"
            }
        ]
    }
}