{
    "output": {
        "justification": [
            "The candidate lacks the required proficiency in specific programming languages (C++, HTML, CSS) mentioned in the job description.",
            "Minimal relevant experience in lead generation or business intelligence roles, not matching the required 3+ years experience.",
            "The resume does not accurately demonstrate experience with essential BI tools (Power BI, SQL, or Tableau) outlined in the job description.",
            "Their educational background in law and commerce does not align with job requirements in computer science or business intelligence."
        ],
        "scores": {
            "macro_scores": [
                {
                    "criteria": "leadership",
                    "score": 4
                },
                {
                    "criteria": "experience",
                    "score": 3
                },
                {
                    "criteria": "innovation and adaptability",
                    "score": 5
                }
            ],
            "micro_scores": [
                {
                    "criteria": "c++, html, css",
                    "score": 1
                },
                {
                    "criteria": "business intelligence tools (power bi, sql, tableau)",
                    "score": 2
                },
                {
                    "criteria": "crm and data management",
                    "score": 3
                },
                {
                    "criteria": "digital marketing skills",
                    "score": 4
                },
                {
                    "criteria": "project management",
                    "score": 3
                }
            ],
            "requirements": [
                {
                    "criteria": "Proficiency in at least one programming language",
                    "meets": false
                },
                {
                    "criteria": "3+ years of experience in lead generation or business intelligence",
                    "meets": false
                },
                {
                    "criteria": "Experience with business intelligence tools such as Power BI, SQL, and Tableau",
                    "meets": false
                },
                {
                    "criteria": "Strong communication and interpersonal skills",
                    "meets": true
                },
                {
                    "criteria": "Bachelor's degree in Computer Science, Business, or a related field",
                    "meets": false
                }
            ],
            "aggregated_scores": {
                "macro_scores": 3.61,
                "micro_scores": 2.3600000000000003
            }
        },
        "personal_info": {
            "name": "Shahbaz Akmal",
            "email": "Sb144368@gmail.com",
            "phone": "+923425245234",
            "current_position": "Senior Business Development Executive",
            "current_company": "Aspire Analytica Software Company Private Limited",
            "employment_start_date_current_company": "07-2022",
            "first_company_start_date": "01-2019",
            "urls": []
        },
        "valid_resume_and_jd": true
    },
    "input": {
        "job_description": "## Lead Generation and Business Intelligence Specialist\n\nJoin **Innovate Connections Inc.** as a Lead Generation and Business Intelligence Specialist. You will play a pivotal role in driving business growth by spearheading lead generation initiatives and providing strategic insights through data analytics. We are looking for a highly skilled professional with a strong background in lead generation, data management, and business intelligence.\n\n### Key Responsibilities:\n- Develop and execute lead generation strategies using digital marketing techniques, cold calling, and data scraping tools.\n- Collaborate with cross-functional teams to optimize customer acquisition strategies.\n- Utilize CRM systems to manage and analyze client data for lead qualification.\n- Create and manage detailed project schedules and work plans, utilizing best practices and standards for project execution.\n- Develop financial models and business growth strategies based on data insights.\n- Utilize tools such as Power BI, SQL, and Tableau for developing comprehensive data reports and dashboards.\n\n### Desired Skills and Experience:\n- Strong programming skills in C++, HTML, and CSS.\n- Proficiency in digital marketing, email marketing, and social media platforms.\n- Experience in managing large data sets and using BI tools (Power BI, Excel, Tableau).\n- Excellent communication skills and ability to develop strong client relationships.\n- Ability to work independently and manage multiple projects simultaneously.\n\n### Why Innovate Connections Inc.?\n- We innovate at the forefront of technology and enable our team members to grow alongside the company.\n- We value data-driven decision-making and empower our teams with the right tools to succeed.\n- Offering a supportive work environment and opportunities for career advancement.\n\n### How to Apply:\nSubmit your resume and cover letter detailing your relevant experience and why you are interested in joining Innovate Connections Inc.",
        "macro_dict": {
            "leadership": 47,
            "experience": 46,
            "innovation and adaptability": 7
        },
        "micro_dict": {
            "c++, html, css": 32,
            "business intelligence tools (power bi, sql, tableau)": 1,
            "crm and data management": 27,
            "digital marketing skills": 1,
            "project management": 39
        },
        "additional_info": "Innovate Connections Inc. prefers candidates from recognized universities such as the University of Management & Technology and Lahore School of Economics. We encourage a remote working environment but require physical presence for team-building and strategic sessions twice a quarter. Relocation assistance is available for exceptional candidates. Our comprehensive assessment includes a technical test followed by structured interviews to evaluate both technical and soft skills comprehensively.",
        "minimum_requirements": [
            "Proficiency in at least one programming language",
            "3+ years of experience in lead generation or business intelligence",
            "Experience with business intelligence tools such as Power BI, SQL, and Tableau",
            "Strong communication and interpersonal skills",
            "Bachelor's degree in Computer Science, Business, or a related field"
        ],
        "resume": "OBJECTIVE\nToenhancemyskillsthroughpassionate,Challenges,Careerorientedand\nmotivationaltasksbyworkinginadynamicenvironmentinpursuitofmywork\nexperience.Toworkasaspirited,competitiveandgrowasaproficient,innovative,\ncommittedpersonandtocontributemyprofessionalskillsasateamplayertoan\nesteemedorganizationwithaneverlearninganddynamicpropensityservingforself-\nactualization\u2019sprestige.\nPROFILE\nFatherName:MushtaqHussain\nDateofBirth.:15-12-1993\nCNICNo. :34301-4668599-1\nNationality :Pakistani\nMaritalStatus:Single\nReligion. :Islam\nEDUCATION\nQUALIFICATION YEARS. BOARD/UNIVERSITY\nLLB. 2021 UniversityofthePunjab\nI.R. 2021 UniversityoftheSargodha\nB.Com. 2017 UniversityofthePunjab\nI.Com 2014 BISEGujranwala\nMatric 2012 BISEGujranwala\nSKILLS\n\uf0b2BusinessDevelopment\n\uf0b2Communication\n\uf0b2Interpersonal\n\uf0b2MSOffice,BasicsComputer,windowsInstallation,internetBrowser&etc\u2026\u2026\n\uf0b2TeamPlayer\n\uf0b2AdaptabilityandFlexibility\n\uf0b2TimeManagement\n\uf0b2CustomerServiceandActiveListeningCURICULUMVITAE\nSHAHBAZAKMAL\nWORKINGEXPERIENCE\n\uf0762YearsworkingExperienceasa\u2018\u2019MarketingAssistantManager\u2019\u2019inOrbit\nMarketingConsultingCompany,Lahore&Islamabad.\n\uf0762YearsworkingExperienceasa\u201cAssistantManager\u201dinDominos,Hafizabad.\n\uf0761YearworkingExperienceasa\u201cAdmin\u201dinAspireGroupofCollege,Lahore.\n\uf0761YearworkingExperienceasa\u201cBusinessDevelopmentExecutive\u201datsyber\nadvancesolutionsandtechnologies.\n\uf0761YearWorkingExperienceasa\u201cSeniorBusinessDevelopmentExecutive\u201dat\nAspireAnalyticaSoftwareCompanyPrivateLimited\nLANGUAGE\n\uf076English,Urdu,Punjabi\nCONTACT\nSb144368@gmail.com\n+923425245234\n+923024299315\nNewGardenTownLahore\nHOBBIES\nPhotography Reading\nMusic Writing\nREFERENCE\nWillbefurnishedondemand\n"
    },
    "details": {
        "name": "Shahbaz Akmal",
        "number": "923425245234",
        "skills": [
            "MS Office",
            "Basics Computer",
            "Windows Installation",
            "Internet Browser"
        ],
        "email_id": "Sb144368@gmail.com",
        "location": "New Garden Town, Lahore",
        "projects": [],
        "education": [
            {
                "end_date": "06-2021",
                "university": "University of the Punjab",
                "degree_title": "LLB"
            },
            {
                "end_date": "06-2021",
                "university": "University of Sargodha",
                "degree_title": "I.R."
            },
            {
                "end_date": "06-2017",
                "university": "University of the Punjab",
                "degree_title": "B.Com."
            },
            {
                "end_date": "06-2014",
                "university": "BISE Gujranwala",
                "degree_title": "I.Com"
            },
            {
                "end_date": "06-2012",
                "university": "BISE Gujranwala",
                "degree_title": "Matric"
            }
        ],
        "achievements": [],
        "publications": [],
        "certifications": [],
        "additional_urls": [],
        "executive_summary": "Shahbaz Akmal is a dedicated professional with diverse experience in marketing and business development, having worked in various roles across multiple companies. He possesses strong technical skills in MS Office and computer operations, contributing effectively to team environments and organizational goals.",
        "employment_history": [
            {
                "details": "Worked as a Marketing Assistant Manager, overseeing marketing strategies and team management.",
                "end_date": "11-2024",
                "location": "Lahore & Islamabad",
                "job_title": "Marketing Assistant Manager",
                "start_date": "11-2022",
                "company_name": "Orbit Marketing Consulting Company"
            },
            {
                "details": "Assisted in managing operations and customer service at a fast-paced environment.",
                "end_date": "11-2022",
                "location": "Hafizabad",
                "job_title": "Assistant Manager",
                "start_date": "11-2020",
                "company_name": "Dominos"
            },
            {
                "details": "Managed administrative tasks and supported college operations.",
                "end_date": "11-2020",
                "location": "Lahore",
                "job_title": "Admin",
                "start_date": "11-2019",
                "company_name": "Aspire Group of College"
            },
            {
                "details": "Engaged in business development activities and client relations.",
                "end_date": "11-2019",
                "location": "",
                "job_title": "Business Development Executive",
                "start_date": "11-2018",
                "company_name": "Cyber Advance Solutions and Technologies"
            },
            {
                "details": "Led business development initiatives and client engagement strategies.",
                "end_date": "11-2018",
                "location": "",
                "job_title": "Senior Business Development Executive",
                "start_date": "11-2017",
                "company_name": "Aspire Analytica Software Company Private Limited"
            }
        ]
    }
}