{
    "output": {
        "justification": [
            "The candidate has over 5 years of experience in sales and business development roles, meeting the minimum requirement for experience.",
            "There is a strong emphasis on strategic planning in the current role at Softbeats International, which aligns with the requirement for strategic planning skills.",
            "CRM proficiency is not explicitly mentioned for Salesforce or HubSpot, but experience with ERP solutions and SAP suggests some analytical software knowledge.",
            "The candidate holds a Bachelor's degree in Business Administration, meeting the educational requirement."
        ],
        "scores": {
            "macro_scores": [
                {
                    "criteria": "leadership",
                    "score": 8
                },
                {
                    "criteria": "strategic planning",
                    "score": 7
                }
            ],
            "micro_scores": [
                {
                    "criteria": "crm proficiency",
                    "score": 6
                }
            ],
            "requirements": [
                {
                    "criteria": "5+ years of experience in business development or sales management",
                    "meets": true
                },
                {
                    "criteria": "Strong analytical and strategic planning skills",
                    "meets": true
                },
                {
                    "criteria": "Proficiency in CRM tools like Salesforce or HubSpot",
                    "meets": false
                },
                {
                    "criteria": "Bachelor's degree in Business Administration or related field",
                    "meets": true
                }
            ],
            "aggregated_scores": {
                "macro_scores": 7.08,
                "micro_scores": 6.0
            }
        },
        "personal_info": {
            "name": "Aakash Nazir",
            "email": "akash123f@outlook.com",
            "phone": "+92 (348) 4356062",
            "current_position": "Manager Sales",
            "current_company": "Softbeats International",
            "employment_start_date_current_company": "08-2019",
            "first_company_start_date": "06-2017",
            "urls": []
        },
        "valid_resume_and_jd": true
    },
    "input": {
        "job_description": "**Title: Business Development Manager**  \n\n**Company: MarketPros Enterprises**  \n\n**Location: Remote with potential travel to client locations**  \n\n**About Us:**  \nMarketPros Enterprises is a leading global provider of innovative business solutions with the aim of maximizing brand growth. We work with diverse industries to enhance their sales infrastructure and provide unparalleled customer engagement strategies.  \n\n**Role Overview:**  \nAs a Business Development Manager at MarketPros Enterprises, you will be responsible for leading strategic initiatives that drive business growth, increase market share, and strengthen client relationships. You will manage cross-functional teams to implement sales strategies, harness market insights, and drive brand expansion.  \n\n**Key Responsibilities:**  \n- Develop and implement comprehensive business strategies to enhance revenue growth.  \n- Lead a team in executing marketing campaigns and optimizing sales pipelines.  \n- Utilize data analytics tools to produce actionable insights improving overall performance.  \n- Conduct market research to identify industry trends and new business opportunities.  \n- Engage with potential clients via presentations and foster long-term relationships.  \n- Manage CRM systems (Salesforce, HubSpot) to streamline operations and enhance productivity.  \n\n**Preferred Skills:**  \n- Proficiency in strategic planning and market analysis.  \n- Strong leadership skills with proven experience in team development.  \n- Advanced knowledge of CRM software and digital marketing tools.  \n- Excellent communication and negotiation skills.  \n\nJoin us to push the boundaries of business innovation and help us achieve our expansion goals.  \n",
        "macro_dict": {
            "leadership": 8,
            "strategic planning": 92
        },
        "micro_dict": {
            "crm proficiency": 100
        },
        "additional_info": "MarketPros Enterprises values diversity in hiring and encourages applications from seasoned business professionals with varied backgrounds. Preferred universities include Ivy League institutions and top business schools. We offer relocation benefits for exceptional candidates and facilitate remote working arrangements. Technical and strategic competencies are assessed through a mix of psychometric evaluations and case study interviews.",
        "minimum_requirements": [
            "5+ years of experience in business development or sales management",
            "Strong analytical and strategic planning skills",
            "Proficiency in CRM tools like Salesforce or HubSpot",
            "Bachelor's degree in Business Administration or related field"
        ],
        "resume": ":\nE-mail\nakash123f@outlook.com\n:\nPhone\n+92 (348) 4356062\n:\nAddress\nBahria Orchard, Lahore Pakistan\nSoftbeats International\nAugust 2019 \u2014 Present\nThe University of Lahore (Main Campus)\nApril 2018 \u2014 July 2019\nAakash Nazir\nObjective\nI have always believed myself to be someone who is capable of making a \ndifference wherever I go and leave my mark. I\nthrive in challenging environments \nthat capacitate learning and growing for an individual. I have strong grit and an \nuntiring\nattitude. I expect myself to work where people are passionate about their \nwork and pay strong emphasis to not only their\nprofessional development but \nalso of their peers. \nWork experience\nManager Sales\n\u00b7\nCurrently responsible for business development and increase Company sales turnover \n\u00b7\nSuccessfully managed to deliver new growth opportunities by expanding in different cities in Pakistan.\n\u00b7\nDeveloped Annual & Monthly Sales Forecast & Projected Revenue.\n\u00b7\nConverting leads into Successful Sales contract\n\u00b7\nEnsuring Monthly Sales Targets, met timely and developing of renewal contracts with existing & new partners/clients.\n\u00b7\nAlso locked sales partners all over Pakistan &1 international partner\n\u00b7\nMeeting with new clients face to face for detailed product demonstrations\n\u00b7\nDevelop and execute strategic business plan in accordance to assigned sales territory & sector\n\u00b7\nMonitor customer buying trends, market conditions, and competitor actions to adjust strategies.\n\u00b7\nResponsible from qualify (Initial Contact) and til Successfully solution deployment at the customer end\n\u00b7\nAligning Sales & Marketing goals to meet company objectives.\nRelationship Officer\n\u00b7\nIncreased revenues and supported business goals by developing public relations strategies and campaigns (Different TV\nCommercials)\n\u00b7\nMonitored, followed-up and escalated cases to meet customer response commitments.\n\u00b7\nProviding assistance to the accounts collection team handling bank accounts related issues (reconciliations)\n\u00b7\nResolving student issues with collaboration of student affairs department\n\u00b7\nCoordinates, develops and promotes programs and services with team aimed at enhancing the student experience\n\u00b7\nMaintain on-going, broad-based consultation and collaboration with students\nAakash Nazir\n1Friesland Campina & Engro Pakistan\nLimited\nJune 2017 \u2014 Feb 2018\nMBA - Sales & Marketing\nSeptember 18 \u2014 Jan 2020\nBachelor\u2019s in business administration\nSeptember 2013 \u2014 December 2017\nIntermediate in Commerce\n2011 \u2014 2013\nMarketing Officer\n\u00b7\nDeveloped creative sales tools, including presentations, trend reports, kitted assets, and product data sheets.\n\u00b7\nConversion of competitor's outlets into Engro exclave's outlets,\n\u00b7\nRetention of existing Outlets\n\u00b7\nMonitoring display, Merchandising, Freezers purity and integrity.\n\u00b7\nTarget follow up and Achievements.\n\u00b7\nWork on three major things on continues basis \u2013Increase sale turnover \u2013 new calls (meetings with new customers) \u2013\nretain existing customers.\n\u00b7\nOversaw development of traditional and social media marketing campaigns to drive sales and customer engagement.\nEducation\nUniversity of Engineering and Technology Lahore\nMajor - Marketing \nCGPA 3.0\nBahauddin Zakariya University, Multan\nMajor - Sales & Marketing\nCGPA 3.17\nAllama Iqbal Commerce College\nMajor - Accounting & Computer sciences \nSkills\nTechnical Skills \nAdept in Microsoft Word & PowerPoint \nFamiliarity in working with VLOOKUP, Pivot Tables, & SUMIF functions, INDEX. \nSkilled in SPSS, Nvivo and SAP Accounting. \nERP solutions - database installation, chart of account mapping and many industries solution with ERP\nInterpersonal Skills \nGood Written and Verbal English, People Skills,  Capable Negotiator, Problem Solving,\nPublic Speaking, Team Leadership, Time and Self-Management. \nInterests\nGlobal Politics, Current Affairs, Book Reading, Music and Travelling\nAakash Nazir\n2References\nTariq Mehmood (0333-4998835) \u2013 Manager Marketing Kohinoor \nMills Ltd Lahore. \nAzhar Mahmood (0345-4668955) \u2013 Engineering Manager PABC \nFaisalabad.\nAakash Nazir\n3"
    },
    "details": {
        "name": "Aakash Nazir",
        "number": "923484356062",
        "skills": [
            "Microsoft Word",
            "Microsoft PowerPoint",
            "VLOOKUP",
            "Pivot Tables",
            "SUMIF",
            "INDEX",
            "SPSS",
            "Nvivo",
            "SAP Accounting",
            "ERP solutions"
        ],
        "email_id": "akash123f@outlook.com",
        "location": "Bahria Orchard, Lahore Pakistan",
        "projects": [],
        "education": [
            {
                "end_date": "01-2020",
                "university": "University of Engineering and Technology Lahore",
                "degree_title": "MBA - Sales & Marketing"
            },
            {
                "end_date": "12-2017",
                "university": "Bahauddin Zakariya University, Multan",
                "degree_title": "Bachelor\u2019s in business administration"
            },
            {
                "end_date": "06-2013",
                "university": "Allama Iqbal Commerce College",
                "degree_title": "Intermediate in Commerce"
            }
        ],
        "achievements": [],
        "publications": [],
        "certifications": [],
        "additional_urls": [
            {
                "url": "linkedin.com/in/johndoe",
                "website_name": "LinkedIn"
            }
        ],
        "executive_summary": "Aakash Nazir is a dedicated sales manager with extensive experience in business development and sales strategy execution. He has a strong technical background in various software tools and ERP solutions, demonstrating a commitment to driving company growth and achieving sales targets.",
        "employment_history": [
            {
                "details": "Currently responsible for business development and increase Company sales turnover. Successfully managed to deliver new growth opportunities by expanding in different cities in Pakistan. Developed Annual & Monthly Sales Forecast & Projected Revenue. Converting leads into Successful Sales contract. Ensuring Monthly Sales Targets, met timely and developing of renewal contracts with existing & new partners/clients. Also locked sales partners all over Pakistan & 1 international partner. Meeting with new clients face to face for detailed product demonstrations. Develop and execute strategic business plan in accordance to assigned sales territory & sector. Monitor customer buying trends, market conditions, and competitor actions to adjust strategies. Responsible from qualify (Initial Contact) and til Successfully solution deployment at the customer end. Aligning Sales & Marketing goals to meet company objectives.",
                "end_date": "Present",
                "location": "",
                "job_title": "Manager Sales",
                "start_date": "08-2019",
                "company_name": "Softbeats International"
            },
            {
                "details": "Increased revenues and supported business goals by developing public relations strategies and campaigns (Different TV Commercials). Monitored, followed-up and escalated cases to meet customer response commitments. Providing assistance to the accounts collection team handling bank accounts related issues (reconciliations). Resolving student issues with collaboration of student affairs department. Coordinates, develops and promotes programs and services with team aimed at enhancing the student experience. Maintain on-going, broad-based consultation and collaboration with students.",
                "end_date": "07-2019",
                "location": "",
                "job_title": "Relationship Officer",
                "start_date": "04-2018",
                "company_name": "The University of Lahore (Main Campus)"
            },
            {
                "details": "Developed creative sales tools, including presentations, trend reports, kitted assets, and product data sheets. Conversion of competitor's outlets into Engro exclave's outlets, Retention of existing Outlets. Monitoring display, Merchandising, Freezers purity and integrity. Target follow up and Achievements. Work on three major things on continues basis \u2013Increase sale turnover \u2013 new calls (meetings with new customers) \u2013 retain existing customers. Oversaw development of traditional and social media marketing campaigns to drive sales and customer engagement.",
                "end_date": "02-2018",
                "location": "",
                "job_title": "Marketing Officer",
                "start_date": "06-2017",
                "company_name": "Friesland Campina & Engro Pakistan Limited"
            }
        ]
    }
}