{
    "output": {
        "justification": [
            "The candidate has demonstrated leadership skills by managing a team of 20 and collaborating on various projects (e.g., founding Al-Maqsad Foundation, Amal Academy Program).",
            "Relevant experience is limited to the Sales and Lead generation roles at different companies, but none explicitly mention BI tools or programming languages.",
            "The resume does not explicitly mention experience with C++, HTML, CSS, Power BI, SQL, or Tableau required in the job description.",
            "The educational background is from a highly-recognized university, but the degree doesn't perfectly align (Economics vs. Business/CS).",
            "No explicit programming skills mentioned which is a requirement of the job role."
        ],
        "scores": {
            "macro_scores": [
                {
                    "criteria": "leadership",
                    "score": 7
                },
                {
                    "criteria": "experience",
                    "score": 5
                }
            ],
            "micro_scores": [
                {
                    "criteria": "c++, html, css",
                    "score": 2
                },
                {
                    "criteria": "business intelligence tools (power bi, sql, tableau)",
                    "score": 2
                },
                {
                    "criteria": "crm and data management",
                    "score": 5
                },
                {
                    "criteria": "digital marketing skills",
                    "score": 4
                },
                {
                    "criteria": "project management",
                    "score": 5
                }
            ],
            "requirements": [
                {
                    "criteria": "Experience with business intelligence tools such as Power BI, SQL, and Tableau",
                    "meets": false
                },
                {
                    "criteria": "Proficiency in at least one programming language",
                    "meets": false
                },
                {
                    "criteria": "Strong communication and interpersonal skills",
                    "meets": true
                },
                {
                    "criteria": "Bachelor's degree in Computer Science, Business, or a related field",
                    "meets": true
                },
                {
                    "criteria": "3+ years of experience in lead generation or business intelligence",
                    "meets": false
                }
            ],
            "aggregated_scores": {
                "macro_scores": 5.4,
                "micro_scores": 3.5700000000000003
            }
        },
        "personal_info": {
            "name": "Muhammad Sheraz Gul",
            "email": "muhammad.sheraz.gul301@gmail.com",
            "phone": "+92 304 9760528",
            "current_position": "Sales Coordinator",
            "current_company": "Careem (Uber Inc)",
            "employment_start_date_current_company": "11-2022",
            "first_company_start_date": "09-2021",
            "urls": [
                {
                    "website_name": "LinkedIn",
                    "url": "linkedin.com/in/muhammad-sheraz1/"
                }
            ]
        },
        "valid_resume_and_jd": true
    },
    "input": {
        "job_description": "## Lead Generation and Business Intelligence Specialist\n\nJoin **Innovate Connections Inc.** as a Lead Generation and Business Intelligence Specialist. You will play a pivotal role in driving business growth by spearheading lead generation initiatives and providing strategic insights through data analytics. We are looking for a highly skilled professional with a strong background in lead generation, data management, and business intelligence.\n\n### Key Responsibilities:\n- Develop and execute lead generation strategies using digital marketing techniques, cold calling, and data scraping tools.\n- Collaborate with cross-functional teams to optimize customer acquisition strategies.\n- Utilize CRM systems to manage and analyze client data for lead qualification.\n- Create and manage detailed project schedules and work plans, utilizing best practices and standards for project execution.\n- Develop financial models and business growth strategies based on data insights.\n- Utilize tools such as Power BI, SQL, and Tableau for developing comprehensive data reports and dashboards.\n\n### Desired Skills and Experience:\n- Strong programming skills in C++, HTML, and CSS.\n- Proficiency in digital marketing, email marketing, and social media platforms.\n- Experience in managing large data sets and using BI tools (Power BI, Excel, Tableau).\n- Excellent communication skills and ability to develop strong client relationships.\n- Ability to work independently and manage multiple projects simultaneously.\n\n### Why Innovate Connections Inc.?\n- We innovate at the forefront of technology and enable our team members to grow alongside the company.\n- We value data-driven decision-making and empower our teams with the right tools to succeed.\n- Offering a supportive work environment and opportunities for career advancement.\n\n### How to Apply:\nSubmit your resume and cover letter detailing your relevant experience and why you are interested in joining Innovate Connections Inc.",
        "macro_dict": {
            "leadership": 20,
            "experience": 80
        },
        "micro_dict": {
            "c++, html, css": 20,
            "business intelligence tools (power bi, sql, tableau)": 15,
            "crm and data management": 6,
            "digital marketing skills": 38,
            "project management": 21
        },
        "additional_info": "Innovate Connections Inc. prefers candidates from recognized universities such as the University of Management & Technology and Lahore School of Economics. We encourage a remote working environment but require physical presence for team-building and strategic sessions twice a quarter. Relocation assistance is available for exceptional candidates. Our comprehensive assessment includes a technical test followed by structured interviews to evaluate both technical and soft skills comprehensively.",
        "minimum_requirements": [
            "Experience with business intelligence tools such as Power BI, SQL, and Tableau",
            "Proficiency in at least one programming language",
            "Strong communication and interpersonal skills",
            "Bachelor's degree in Computer Science, Business, or a related field",
            "3+ years of experience in lead generation or business intelligence"
        ],
        "resume": "                                                            MUHAMMAD SHERAZ GUL                       \u2022 +92 304 9760528 \u2022 muhammad.sheraz.gul301@gmail.com \u2022 linkedin.com/in/muhammad-sheraz1/  Education  Lahore University of Management Sciences                                                                                                    BSc. Economics                 (Sep 2017 - May 2022) Relevant courses: Business Communication, Statistics and Data Analysis, Game Theory, Professional Communication Skills, Intro to Programming, Principles of Management, Time Series Economics, Methods and Practice of Impact Evaluation      Professional Experience  Careem (Uber Inc) Sales Coordinator:                                                                                                                                       (Nov 2022 \u2013 Dec 2022) \u2022 Oversaw the Careem for Business operations for 4 key accounts comprising 50+ users across the city. Optimized routes for ride-sharing to reduce costs and commute time. \u2022 Improved customer experience by resolving customer complaints. Liaised with the captains to address any technical issues. Monitored the progress using the Careem Solutions Portal.  Instructor Brandon | Dynatuners Sales Management Trainee:                                                                                                                     (Jan 2022 \u2013 May 2022) \u2022 Drafted business proposals for 4 prospective clients. Collaborated with the developers to provide product demos. \u2022 Shortlisted, interviewed and onboarded 15 Interns. Conducted trainings covering key concepts of B2B Sales including Buyer Personas, Customer Journey Mapping, Product-Market Fit, Competitive Analysis, Sales Flow Charts and Product Lifecycle. Created a Sales Playbook for the team.  PureLogics                                                                                                                                                    Sales Development Intern:                                                                                                                         (Sep 2021 - Oct 2021) \u2022 Generated qualified leads using LinkedIn Sales Navigator, CrunchBase and HubSpot.  Projects  Amal Academy Fellowship Program                                 (May 2021 \u2013 Jul 2021) \u2022 Completed a competitive written application and interview process to be selected from over 4500 applicants for intensive 3-month Fellowship funded by PEPSICO and Stanford University. \u2022 Invested 150 hours in order to develop business skills (e.g. Communication, Leadership, Problem Solving, Teamwork etc.) that will help me make a deeper impact on the job.  Course Project \u2013 Principles of Management              (Sep 2018 \u2013 Dec 2018) \u2022 Collaborated with a team of 5 students to conduct SWOT Analysis of the Sales Model of Nestle. Interviewed the leadership to understand the business dynamics, identify challenges and opportunities.  Extracurricular Experience  Al-Maqsad Foundation     Founder:                                                                                                                                                      (Apr 2022 \u2013 Present) \u2022 Managing a team of 20 core team members to oversee operations including fundraising through social media campaigns, case verification, field visits, updates, record keeping and monthly reports. \u2022 Partnered with 50 donors to generate regular donations to purchase monthly ration for 17 families. \u2022 Raised and disbursed PKR 20 Million for various cases related to education, healthcare, loan repayment and construction.  LUMS Religious Society     Team Member:                                                                                                                                           (Oct 2017 \u2013 May 2018) \u2022 Collaborated with a team of 15 members to conduct weekly sessions for ~300 students at an underprivileged school to deliver lectures and organize activities aiming to develop a better understanding of Islamic teachings and values.   Honors and Awards  LUMS National Outreach Program S                                                                                                     (Aug 2017)  \u2022 Got admitted to LUMS with 120% scholarship on the basis of excellent academic and extracurricular achievements.  Merit Scholarship Award \u2013 Superior Group of Colleges                                                                    (Aug 2015)  \u2022 Awarded 100% Merit Scholarship for Intermediate based on outstanding academic performance in Matriculation.  2nd Position in Inter-school Mathematics Olympiad (ISMO)                                                             (Mar 2011)  \u2022 Achieved 2nd position out of 1600 participants twice in the PakTurk ISMO competition in Peshawar.                                                                                                                                                                      Skills  \u2022 Soft Skills:  Leadership, Problem-solving, Adaptability, Time Management, Teamwork, Written & Verbal Communication \u2022 Hard Skills: B2B Sales, LinkedIn Sales Navigator, CrunchBase, HubSpot, Research, Data Analysis, Microsoft Office (Word, Excel, PowerPoint), Canva, Adobe Photoshop "
    },
    "details": {
        "name": "Muhammad Sheraz Gul",
        "number": "923049760528",
        "skills": [
            "B2B Sales",
            "LinkedIn Sales Navigator",
            "CrunchBase",
            "HubSpot",
            "Research",
            "Data Analysis",
            "Microsoft Office (Word, Excel, PowerPoint)",
            "Canva",
            "Adobe Photoshop"
        ],
        "email_id": "muhammad.sheraz.gul301@gmail.com",
        "location": "",
        "projects": [
            {
                "title": "Amal Academy Fellowship Program",
                "description": "Completed a competitive written application and interview process to be selected from over 4500 applicants for intensive 3-month Fellowship funded by PEPSICO and Stanford University."
            },
            {
                "title": "Course Project \u2013 Principles of Management",
                "description": "Collaborated with a team of 5 students to conduct SWOT Analysis of the Sales Model of Nestle."
            }
        ],
        "education": [
            {
                "end_date": "05-2022",
                "university": "Lahore University of Management Sciences",
                "degree_title": "BSc. Economics"
            }
        ],
        "achievements": [
            "Got admitted to LUMS with 120% scholarship on the basis of excellent academic and extracurricular achievements.",
            "Awarded 100% Merit Scholarship for Intermediate based on outstanding academic performance in Matriculation.",
            "Achieved 2nd position out of 1600 participants twice in the PakTurk ISMO competition in Peshawar."
        ],
        "publications": [],
        "certifications": [],
        "additional_urls": [
            {
                "url": "linkedin.com/in/muhammad-sheraz1/",
                "website_name": "LinkedIn"
            }
        ],
        "executive_summary": "Muhammad Sheraz Gul is a dedicated professional with a strong background in B2B sales and technical skills in various software tools. He has demonstrated his capabilities through significant internships and projects, showcasing his commitment to excellence in the field.",
        "employment_history": [
            {
                "details": "Oversaw the Careem for Business operations for 4 key accounts comprising 50+ users across the city. Optimized routes for ride-sharing to reduce costs and commute time. Improved customer experience by resolving customer complaints. Liaised with the captains to address any technical issues. Monitored the progress using the Careem Solutions Portal.",
                "end_date": "12-2022",
                "location": "",
                "job_title": "Sales Coordinator",
                "start_date": "11-2022",
                "company_name": "Careem (Uber Inc)"
            },
            {
                "details": "Drafted business proposals for 4 prospective clients. Collaborated with the developers to provide product demos. Shortlisted, interviewed and onboarded 15 Interns. Conducted trainings covering key concepts of B2B Sales including Buyer Personas, Customer Journey Mapping, Product-Market Fit, Competitive Analysis, Sales Flow Charts and Product Lifecycle. Created a Sales Playbook for the team.",
                "end_date": "05-2022",
                "location": "",
                "job_title": "Sales Management Trainee",
                "start_date": "01-2022",
                "company_name": "Instructor Brandon | Dynatuners"
            },
            {
                "details": "Generated qualified leads using LinkedIn Sales Navigator, CrunchBase and HubSpot.",
                "end_date": "10-2021",
                "location": "",
                "job_title": "Sales Development Intern",
                "start_date": "09-2021",
                "company_name": "PureLogics"
            }
        ]
    }
}