{
    "output": {
        "justification": [
            "Candidate has experience engaging clients and managing SEO-related tasks, aligning with the job's focus on client engagement and digital marketing.",
            "Previous roles involved project management and proposal development, indicating familiarity with managing and optimizing campaigns.",
            "No explicit mention of PPC experience, but high-level client management and development roles suggest some transferable skills.",
            "MBA education from FAST-NUCES aligns with company preference for reputable institutions."
        ],
        "scores": {
            "macro_scores": [
                {
                    "criteria": "experience",
                    "score": 7
                },
                {
                    "criteria": "client relationship management",
                    "score": 8
                }
            ],
            "micro_scores": [
                {
                    "criteria": "team management",
                    "score": 6
                },
                {
                    "criteria": "client engagement",
                    "score": 8
                },
                {
                    "criteria": "market analysis",
                    "score": 7
                }
            ],
            "requirements": [
                {
                    "criteria": "Strong analytical and strategic thinking skills",
                    "meets": true
                },
                {
                    "criteria": "Proven track record in sales and client relationship management",
                    "meets": true
                },
                {
                    "criteria": "Proficiency in Microsoft Office and CRM systems",
                    "meets": false
                }
            ],
            "aggregated_scores": {
                "macro_scores": 7.03,
                "micro_scores": 6.86
            }
        },
        "personal_info": {
            "name": "Afnan Faiz",
            "email": "afnanfaiz273@gmail.com",
            "phone": "+92 (304) (1418484)",
            "current_position": "Business Development Executive",
            "current_company": "TechNerds Inc.",
            "employment_start_date_current_company": "03-2022",
            "first_company_start_date": "05-2017",
            "urls": [
                {
                    "website_name": "LinkedIn",
                    "url": "https://www.linkedin.com/in/afnanfaiz/"
                }
            ]
        },
        "valid_resume_and_jd": true
    },
    "input": {
        "job_description": "## Job Title: Sales and SEO Management Specialist  \n\n### Location: Lahore, Pakistan  \n\n### Company: Innovate Digital Solutions Inc.  \n\n### Job Summary:  \nJoin Innovate Digital Solutions Inc. as a Sales and SEO Management Specialist. You will be part of a dynamic team responsible for driving client engagement and ensuring optimal performance in digital marketing strategies. Your role will include managing client relationships, improving SEO strategies, and leading your team to achieve sales targets.  \n\n### Key Responsibilities:  \n- Proactively engage with prospective clients to understand their business needs and provide innovative solutions.  \n- Design and execute SEO strategies in alignment with client\u2019s marketing objectives.  \n- Manage and optimize PPC campaigns to maximize ROI and brand visibility.  \n- Develop and maintain strong client relationships through tailored marketing solutions.  \n- Lead a team to achieve and surpass sales targets while providing exceptional customer service.  \n- Analyze market trends and algorithms to tailor SEO strategies accordingly.  \n- Produce reports that track progress and measure success against KPIs.  \n\n### Ideal Candidate Profile:  \nYou are a skilled sales and marketing professional with strong analytical skills suited to identifying and executing SEO opportunities. You excel at client interactions, possessing the ability to transform potential leads into satisfied clients through strategic and well-executed marketing initiatives. Leadership and team management skills will be pivotal to drive sales and motivate your team.  \n\n### Benefits:  \n- Competitive salary package  \n- Health and wellness benefits  \n- Performance bonuses  \n- Opportunities for career advancement  \n\nJoin us to redefine digital engagement and lead market strategies with agility and innovation.",
        "macro_dict": {
            "experience": 97,
            "client relationship management": 3
        },
        "micro_dict": {
            "team management": 46,
            "client engagement": 32,
            "market analysis": 22
        },
        "additional_info": "Innovate Digital Solutions Inc. prefers candidates from reputable institutions such as [University of Lahore], [Punjab University]. Remote work options are available subject to roles and responsibilities. We assess skills through a combination of technical tests, interviews, and real-world problem-solving scenarios to gauge practical competency in strategic marketing contexts.",
        "minimum_requirements": [
            "Strong analytical and strategic thinking skills",
            "Proven track record in sales and client relationship management",
            "Proficiency in Microsoft Office and CRM systems"
        ],
        "resume": " \n \nAFNAN FAIZ \n  \n  \n  \nPROFESSIONAL SUMMARY  \nA goal -directed, skilled communicator , team -spirited, persuasive, \nadaptable, self -motivated , and career -oriented individual seeking to \nutilize analytical skills and experience to contribute to your \norganization's growth and objectives.  \n  \n  \n  \nWORK HISTORY  \n \nBusiness Development Executive (March 202 2\u2013 July 2022 )   \nTechNerds Inc. - Lahore, Punjab   \n   \n\u00b7 Upwork bids management.  \n\u00b7 LinkedIn with Sales Navigator to target prospects.   \n\u00b7 Projects analysis and Proposals development.    \n\u00b7 Monthly and weekly development team success reporting.   \n\u00b7 Email marketing.  \n \n \nSenior Business Development Officer (Oct  2021 \u2013 Feb 2022  ) \nCybexo Inc.  - Lahore, Punjab  \n \n\u00b7 Upwork bids management.  \n\u00b7 LinkedIn with Sales Navigator to target prospects.  \n\u00b7 Website Development  and Application Development client handling.   \n\u00b7 Projects development management and client meetings \nmanagement.  \n\u00b7 Projects analysis and Proposals development.  \n\u00b7 Monthly and weekly development team success reporting.  \n\u00b7 Collaborate with the development team and provide them with all \nthe information for the project\u2019s development . \n\u00b7 Email Marketing Via Sendy.  \n \n \nBusiness Development Officer ( Oct 2019 \u2013 Oct 2021  ) \nWebSouls - Lahore, Punjab  \n \n\u00b7 Website development, SEO , and SMM client  handling.   \n\u00b7 Projects development management and client  meetings \nmanagement.  \n\u00b7 Projects analysis and Proposals development.  \n\u00b7 Monthly weekly development team success reporting.  \n\u00b7 Collaborate with the development team and provide them with all \nthe information for the project\u2019s development . \n\u00b7 Email Marketing . \n\u00b7 Fiver, Upwork, and Freelancer ac counts and bids management.  \n \nEmail Support Executive - Systems Limited (Jan 2019 -March, 2019):   \n\u00b7 Handling chats and emails of international  clients.     \nCONTACT  \nAddress : Lahore, PB 54000   \nPhone : +92 (304) (1418484)  \nEmail : afnanfaiz273@gmail.com  \nLinkedIn: https://www.linkedin.com/in\n/afnanfaiz/  \n  \n  \n  \nSKILLS  \n\u25cf Microsoft Office.  \n\u25cf Research Work.  \n\u25cf Quick Learner.  \n\u25cf Presentations  designing & \ndevelopment . \n\u25cf Business Development.  \n\u25cf Building Customer Relations.  \n\u25cf Client Engagement.  \n\u25cf Analysis Reports.  \n\u25cf Projects Management . \n\u25cf Proposal development.  \n\u25cf Email Marketing.  \n  \u00b7 Assistance includes tracking clients\u2019 orders from different courier \nportals and providing the right information and solutions to the \nclients as per the organization\u2019s policies.  \n \nEmail Support Executive  - Mindbridge (May  2017 - Dec 2018):  \n                 \n\u00b7 Handling emails of the international  clients of Uber.  \n\u00b7 Assistance includes tracking clients\u2019  records and providing the right \ninformation and solutions to the clients as per the organization\u2019s \npolicies.  \n \n \n  \n  \n  \nEDUCATION  \n(2020 -2022)              Masters in Business Administration  (MBA) from  \nFAST -NUCES Lahore.          \n(2015 -2019)              Bachelors in Business Administration  (BBA Hons) \nfrom NCBA&E . \n(2012 -2014)              Intermediate in Computer Sciences (ICS) from \nPunjab Group of Colleges . \n(2010 -2012)              Matriculation  \nGovt. Pilot High Secondary Girls  School .  \n  \n \n  \n  \n "
    },
    "details": {
        "name": "AFNAN FAIZ",
        "number": "923041418484",
        "skills": [
            "Microsoft Office",
            "Business Development",
            "Projects Management",
            "Proposal development",
            "Email Marketing"
        ],
        "email_id": "afnanfaiz273@gmail.com",
        "location": "Lahore, PB 54000",
        "projects": [],
        "education": [
            {
                "end_date": "06-2022",
                "university": "FAST -NUCES Lahore",
                "degree_title": "Masters in Business Administration (MBA)"
            },
            {
                "end_date": "06-2019",
                "university": "NCBA&E",
                "degree_title": "Bachelors in Business Administration (BBA Hons)"
            },
            {
                "end_date": "06-2014",
                "university": "Punjab Group of Colleges",
                "degree_title": "Intermediate in Computer Sciences (ICS)"
            },
            {
                "end_date": "06-2012",
                "university": "Govt. Pilot High Secondary Girls School",
                "degree_title": "Matriculation"
            }
        ],
        "achievements": [],
        "publications": [],
        "certifications": [],
        "additional_urls": [
            {
                "url": "linkedin.com/in/afnanfaiz/",
                "website_name": "LinkedIn"
            }
        ],
        "executive_summary": "Afnan Faiz is a dedicated business development professional with a strong background in managing projects, developing proposals, and executing email marketing strategies. With experience in various roles, Afnan has demonstrated proficiency in Microsoft Office and business development, contributing effectively to team success.",
        "employment_history": [
            {
                "details": "Upwork bids management, LinkedIn with Sales Navigator to target prospects, Projects analysis and Proposals development, Monthly and weekly development team success reporting, Email marketing.",
                "end_date": "07-2022",
                "location": "Lahore, Punjab",
                "job_title": "Business Development Executive",
                "start_date": "03-2022",
                "company_name": "TechNerds Inc."
            },
            {
                "details": "Upwork bids management, LinkedIn with Sales Navigator to target prospects, Website Development and Application Development client handling, Projects development management and client meetings management, Projects analysis and Proposals development, Monthly and weekly development team success reporting, Collaborate with the development team and provide them with all the information for the project\u2019s development, Email Marketing Via Sendy.",
                "end_date": "02-2022",
                "location": "Lahore, Punjab",
                "job_title": "Senior Business Development Officer",
                "start_date": "10-2021",
                "company_name": "Cybexo Inc."
            },
            {
                "details": "Website development, SEO, and SMM client handling, Projects development management and client meetings management, Projects analysis and Proposals development, Monthly weekly development team success reporting, Collaborate with the development team and provide them with all the information for the project\u2019s development, Email Marketing, Fiver, Upwork, and Freelancer accounts and bids management.",
                "end_date": "10-2021",
                "location": "Lahore, Punjab",
                "job_title": "Business Development Officer",
                "start_date": "10-2019",
                "company_name": "WebSouls"
            },
            {
                "details": "Handling chats and emails of international clients.",
                "end_date": "03-2019",
                "location": "",
                "job_title": "Email Support Executive",
                "start_date": "01-2019",
                "company_name": "Systems Limited"
            },
            {
                "details": "Handling emails of the international clients of Uber, Assistance includes tracking clients\u2019 records and providing the right information and solutions to the clients as per the organization\u2019s policies.",
                "end_date": "12-2018",
                "location": "",
                "job_title": "Email Support Executive",
                "start_date": "05-2017",
                "company_name": "Mindbridge"
            }
        ]
    }
}