{
    "output": {
        "justification": [
            "The candidate has not yet completed his MBA, but already holds a BBA from a reputable institution, which may meet the educational preference.",
            "He has demonstrated experience in strategic client relations and business development through multiple roles at Philips Pakistan (now Signify).",
            "Proven track record of managing significant accounts and driving business growth, visible in his role as Key Account Manager.",
            "Has shown solid experience in lead generation and client engagement through various roles including account and sales management roles."
        ],
        "scores": {
            "macro_scores": [
                {
                    "criteria": "experience",
                    "score": 8
                },
                {
                    "criteria": "client relations",
                    "score": 9
                },
                {
                    "criteria": "strategic planning",
                    "score": 7
                }
            ],
            "micro_scores": [
                {
                    "criteria": "lead generation",
                    "score": 8
                }
            ],
            "requirements": [
                {
                    "criteria": "5+ years of relevant experience in business development",
                    "meets": false
                },
                {
                    "criteria": "Proven track record in lead generation and client engagement",
                    "meets": true
                },
                {
                    "criteria": "Bachelor's degree in Business Administration or related field",
                    "meets": true
                },
                {
                    "criteria": "Proficiency in CRM tools and Microsoft Office Suite",
                    "meets": true
                }
            ],
            "aggregated_scores": {
                "macro_scores": 8.05,
                "micro_scores": 8.0
            }
        },
        "personal_info": {
            "name": "Muhammad Bilal Amin",
            "email": "mbilal.amin@outlook.com",
            "phone": "+92-323-321-5863",
            "current_position": "Key Account Manager",
            "current_company": "Signify Pakistan",
            "employment_start_date_current_company": "12-2022",
            "first_company_start_date": "07-2020",
            "urls": [
                {
                    "website_name": "LinkedIn",
                    "url": "https://www.linkedin.com/in/muhammad-bilal-amin/"
                }
            ]
        },
        "valid_resume_and_jd": true
    },
    "input": {
        "job_description": "### Business Development Manager\n\nJoin **InnovateCorp** as a Business Development Manager to contribute to our growing team and drive strategic initiatives in the technology services sector. The ideal candidate will leverage their extensive experience in business development, client relations, and project management to expand our market presence and build lasting partnerships.\n\n#### Key Responsibilities:\n- Develop and implement strategic business development plans to achieve company goals.\n- Lead generation and relationship building with potential clients.\n- Oversee client acquisition strategies, including exploration beyond freelance markets.\n- Collaborate with cross-functional teams to ensure smooth project delivery.\n- Utilize CRM software for tracking client engagement and development progress.\n- Conduct market research to stay abreast of industry trends and inform business strategies.\n- Manage and report on business development metrics.\n\n#### Skills and Competencies:\n- Strong communication and interpersonal skills for client engagement and collaboration.\n- Excellent analytical abilities to inform proposals and strategic decisions.\n- Experience with Microsoft Office for documentation and presentations.\n- Proficiency in CRM software for managing client relationships.\n\n#### Benefits:\n- Competitive salary with bonus incentives.\n- Opportunities for professional development and career advancement.\n- Health and dental insurance packages.\n- Flexible working hours and a positive, team-oriented environment.",
        "macro_dict": {
            "experience": 31,
            "client relations": 37,
            "strategic planning": 32
        },
        "micro_dict": {
            "lead generation": 100
        },
        "additional_info": "InnovateCorp prefers candidates from leading business schools such as COMSATS Institute of Information and Technology. We support relocation for the right candidate and offer remote work opportunities. Skills are assessed through a combination of technical interviews and practical case studies, ensuring candidates meet our high standards of performance before offering a position.",
        "minimum_requirements": [
            "5+ years of relevant experience in business development",
            "Proven track record in lead generation and client engagement",
            "Bachelor's degree in Business Administration or related field",
            "Proficiency in CRM tools and Microsoft Office Suite"
        ],
        "resume": "Muhammad Bilal Amin  \n+92-323-321-5863 | mbilal.amin@outlook.com | https://www.linkedin.com/in/muhammad -bilal-amin/  \nProfessional Experience            \nSignify Pakistan (Formerly Philips Pakistan)          \nKey Account Manager           Dec 2022 -Present  \n\u2022 Managing total of 15 Accounts Including both End Users and Channel Partners for Retail & Hospitality Business Across Pakistan  \n\u2022 Managing the largest EU account with approx. 700K EUR  business for Signify Pakistan.  \n\u2022 Started engagement with 10 different new fashion retail potential accounts in line with Signify\u2019s expansion strategy in R&H segment.  \n\u2022 Delivered and exceeded both top line and bottom -line targets with 120% attainment in topline in Q4 2022 .  \nToyota Pakistan (Indus Motor Company)  \nAssistant Manager Sales Planning  (Demand Planner)       Oct 2022 -Nov 202 2 \n\u2022 Improved the efficiency of the planning cycle with timely delivery of forecasting and planning report by at least 10%  \n\u2022 Made a reconciliation and availability tool for the better planning of CBU vehicles.   \n\u2022 Improve the MOM CBU invoicing performance by 100%.  \n\u2022 Strong coordination between marketing, sales,  and planning team to get the optimum demand forecast based on n+3 approach.  \nToyota Pakistan (Indus Motor Company)  \nAssistant Manager Network Expansion        Jul 2022 - Oct 2022  \n\u2022 Was part of the launch team for Toyota Gateway Motors  \n\u2022 Ensure all the branding is accurately done before the dealership launch.  \n\u2022 Learned and understood all the Toyota Policies and procedures for dealership opening.  \n\u2022 Researched the current dealership data across Pakistan auto sector and crea ted a dashboard (Power BI) analyzing the dealership \ndata in Pakistan in different metrics (dealership counts, geographies, average sales per dealership etc.) \nSignify Pakistan (Formerly Philips Pakistan)          \nCommercial Support Specialist  (Product Market ing)      April 2021 -Jun 2022  \n\u2022 Supported in Product Roadmap for the coming future portfolios.  \n\u2022 Conducting a succes sful training  for SFDC to Sub Sahar a Afri ca Market with more than 17 pe ople in training.  \n\u2022 Conducted anonymous market visits to get the primary insights of the current market/competition situation.  \n\u2022 Hands on command on Vistex Tool, trained the PMs in Pakistan on the use of Vistex.  \n\u2022 Communicating with the Marcom team regarding the ongoing and upcoming campaigns.  \n\u2022 Achieved 15% improvement in data quality of pricing activities by collaborating with region al commercial operations team to \nachieve monthly targets.  \n\u2022 Increased profitability by 10% by forecasting channel sales and IGM with 95% accuracy.  \n\u2022 Improved decision ma king by providing comprehensive weekly performance reports to the commercial head, resulting in a 20% \nimprovement.  \nSignify Pakistan (Formerly Philips Pakistan)          \nSales Support Officer (Contractual)         Jul 2020 -Mar 2021  \n\u2022 Coordinated national sales for professional lighting, resulting in 15% sales growth.  \n\u2022 Improved sales team productivity by 20% as key user for Sales Force Dot Com  \n\u2022 Provided weekly performance reports to commercial director, improving accuracy and timeliness by 25%  \n\u2022 Improv ed sales and profitability forecasting accuracy by 5%, resulting in a 10% profit increase.  \nOther Experience             \n\u2022 Quantitative Instructor at Anees Hussain Pvt Limited (Dec 2017 \u2013 Present)  \n\u2022 Marketing Intern at Signify Pakistan Limited (Feb 2020 - Jun 2020)  \n\u2022 Marketing Intern at Hilton Pharma Pvt Limited (Jul 2019 - Aug 2019)  \n\u2022 Trade and Revenue Management Intern at Sanofi Pakistan (Jul 2018 - Aug 2018)  \nEducation               \nMaster of Business Admi nistrations     | Institute of Business Administration, Karachi | In Progress  \nBachelor of Business Administrations | Institute of Business Administration, Karachi | 2016 -2020  \nSkills               \nSales Management  | Data Analysis | Marketing Management  | Planning and Forecasting | Stakeholder Management | Operations Management   "
    },
    "details": {
        "name": "Muhammad Bilal Amin",
        "number": "923233215863",
        "skills": [
            "Sales Management",
            "Data Analysis",
            "Marketing Management",
            "Planning and Forecasting",
            "Stakeholder Management",
            "Operations Management"
        ],
        "email_id": "mbilal.amin@outlook.com",
        "location": "",
        "projects": [],
        "education": [
            {
                "end_date": "2020-06",
                "university": "Institute of Business Administration, Karachi",
                "degree_title": "Bachelor of Business Administrations"
            },
            {
                "end_date": "In Progress",
                "university": "Institute of Business Administration, Karachi",
                "degree_title": "Master of Business Administrations"
            }
        ],
        "achievements": [],
        "publications": [],
        "certifications": [],
        "additional_urls": [
            {
                "url": "linkedin.com/in/muhammad-bilal-amin",
                "website_name": "LinkedIn"
            }
        ],
        "executive_summary": "Muhammad Bilal Amin is a skilled professional with extensive experience in sales management and data analysis, having held key positions in reputable companies such as Signify Pakistan and Toyota Pakistan. He has demonstrated a strong ability to improve operational efficiency and drive sales growth through effective planning and forecasting.",
        "employment_history": [
            {
                "details": "Managing total of 15 Accounts Including both End Users and Channel Partners for Retail & Hospitality Business Across Pakistan. Managing the largest EU account with approx. 700K EUR business for Signify Pakistan. Started engagement with 10 different new fashion retail potential accounts in line with Signify\u2019s expansion strategy in R&H segment. Delivered and exceeded both top line and bottom-line targets with 120% attainment in topline in Q4 2022.",
                "end_date": "Present",
                "location": "",
                "job_title": "Key Account Manager",
                "start_date": "12-2022",
                "company_name": "Signify Pakistan (Formerly Philips Pakistan)"
            },
            {
                "details": "Improved the efficiency of the planning cycle with timely delivery of forecasting and planning report by at least 10%. Made a reconciliation and availability tool for the better planning of CBU vehicles. Improve the MOM CBU invoicing performance by 100%. Strong coordination between marketing, sales, and planning team to get the optimum demand forecast based on n+3 approach.",
                "end_date": "11-2022",
                "location": "",
                "job_title": "Assistant Manager Sales Planning (Demand Planner)",
                "start_date": "10-2022",
                "company_name": "Toyota Pakistan (Indus Motor Company)"
            },
            {
                "details": "Was part of the launch team for Toyota Gateway Motors. Ensure all the branding is accurately done before the dealership launch. Learned and understood all the Toyota Policies and procedures for dealership opening. Researched the current dealership data across Pakistan auto sector and created a dashboard (Power BI) analyzing the dealership data in Pakistan in different metrics (dealership counts, geographies, average sales per dealership etc.).",
                "end_date": "10-2022",
                "location": "",
                "job_title": "Assistant Manager Network Expansion",
                "start_date": "07-2022",
                "company_name": "Toyota Pakistan (Indus Motor Company)"
            },
            {
                "details": "Supported in Product Roadmap for the coming future portfolios. Conducting a successful training for SFDC to Sub Sahara Africa Market with more than 17 people in training. Conducted anonymous market visits to get the primary insights of the current market/competition situation. Hands on command on Vistex Tool, trained the PMs in Pakistan on the use of Vistex. Communicating with the Marcom team regarding the ongoing and upcoming campaigns. Achieved 15% improvement in data quality of pricing activities by collaborating with regional commercial operations team to achieve monthly targets. Increased profitability by 10% by forecasting channel sales and IGM with 95% accuracy. Improved decision making by providing comprehensive weekly performance reports to the commercial head, resulting in a 20% improvement.",
                "end_date": "06-2022",
                "location": "",
                "job_title": "Commercial Support Specialist (Product Marketing)",
                "start_date": "04-2021",
                "company_name": "Signify Pakistan (Formerly Philips Pakistan)"
            },
            {
                "details": "Coordinated national sales for professional lighting, resulting in 15% sales growth. Improved sales team productivity by 20% as key user for Sales Force Dot Com. Provided weekly performance reports to commercial director, improving accuracy and timeliness by 25%. Improved sales and profitability forecasting accuracy by 5%, resulting in a 10% profit increase.",
                "end_date": "03-2021",
                "location": "",
                "job_title": "Sales Support Officer (Contractual)",
                "start_date": "07-2020",
                "company_name": "Signify Pakistan (Formerly Philips Pakistan)"
            },
            {
                "details": "Quantitative Instructor at Anees Hussain Pvt Limited.",
                "end_date": "Present",
                "location": "",
                "job_title": "Quantitative Instructor",
                "start_date": "12-2017",
                "company_name": "Anees Hussain Pvt Limited"
            },
            {
                "details": "Marketing Intern at Signify Pakistan Limited.",
                "end_date": "06-2020",
                "location": "",
                "job_title": "Marketing Intern",
                "start_date": "02-2020",
                "company_name": "Signify Pakistan Limited"
            },
            {
                "details": "Marketing Intern at Hilton Pharma Pvt Limited.",
                "end_date": "08-2019",
                "location": "",
                "job_title": "Marketing Intern",
                "start_date": "07-2019",
                "company_name": "Hilton Pharma Pvt Limited"
            },
            {
                "details": "Trade and Revenue Management Intern at Sanofi Pakistan.",
                "end_date": "08-2018",
                "location": "",
                "job_title": "Trade and Revenue Management Intern",
                "start_date": "07-2018",
                "company_name": "Sanofi Pakistan"
            }
        ]
    }
}