{
    "output": {
        "justification": [
            "The candidate does not have 10+ years of experience, only 2 years are evident.",
            "No evidence of experience in managing enterprise data warehouse projects.",
            "Lack of proficiency in analytical software and tools like PowerBI and Oracle DV.",
            "The resume does not meet the educational requirement of having a Master's degree in a relevant field."
        ],
        "scores": {
            "macro_scores": [
                {
                    "criteria": "leadership",
                    "score": 4
                },
                {
                    "criteria": "project management experience",
                    "score": 3
                },
                {
                    "criteria": "technical expertise",
                    "score": 3
                },
                {
                    "criteria": "client relationship management",
                    "score": 6
                }
            ],
            "micro_scores": [
                {
                    "criteria": "data management",
                    "score": 3
                },
                {
                    "criteria": "pre-sales consulting",
                    "score": 5
                },
                {
                    "criteria": "solution architecture",
                    "score": 4
                },
                {
                    "criteria": "quality management systems",
                    "score": 3
                },
                {
                    "criteria": "powerbi",
                    "score": 2
                }
            ],
            "requirements": [
                {
                    "criteria": "Strong understanding of Agile and SCRUM methodologies",
                    "meets": false
                },
                {
                    "criteria": "Experience in managing enterprise data warehouse projects",
                    "meets": false
                },
                {
                    "criteria": "Proficiency in using analytical software and tools like PowerBI and Oracle DV",
                    "meets": false
                },
                {
                    "criteria": "10+ years of industry experience in project management and data analytics",
                    "meets": false
                },
                {
                    "criteria": "Master's degree in Computer Science, Business Administration, or related field",
                    "meets": false
                }
            ],
            "aggregated_scores": {
                "macro_scores": 3.7099999999999995,
                "micro_scores": 3.6100000000000003
            }
        },
        "personal_info": {
            "name": "SABA AHSAN",
            "email": "saba.ahsan1116@gmail.com",
            "phone": "+923314770528",
            "current_position": "Business Development Executive",
            "current_company": "Rendream",
            "employment_start_date_current_company": "06-2023",
            "first_company_start_date": "04-2021",
            "urls": [
                {
                    "website_name": "LinkedIn",
                    "url": "LinkedIn"
                }
            ]
        },
        "valid_resume_and_jd": true
    },
    "input": {
        "job_description": "Join **TechVentures Inc.** as a **Senior Project Manager** where you'll oversee the delivery of key data management and analytics projects. We are looking for an innovative leader who can set and uphold delivery standards, while managing cross-functional teams to achieve the highest levels of service excellence. Your expertise in pre-sales, solution architecture, and client relationship management will drive our expansion into new markets and optimize existing processes.\n\n### Key Responsibilities:\n- Lead and manage complex data analytics and management projects from inception through completion.\n- Develop and implement quality and project management systems to align with organizational goals.\n- Coordinate solutions architecture and pre-sales activities, including the preparation of RFPs and EOIs.\n- Mentor and guide junior team members in professional development and project execution.\n- Engage with clients to deliver tailored business solutions and improve customer satisfaction.\n- Collaborate with other departments to identify improvement opportunities and streamline processes.\n\n### Preferred Skills:\n- Proficiency in data tools such as PowerBI, Oracle DV, and Tableau.\n- Strong understanding of software development methodologies including Agile and SCRUM.\n- Demonstrated ability to lead large technical teams and handle stakeholder communications effectively.\n- Expertise in business intelligence implementation and enterprise data warehousing.\n\n### Why Join Us?\n- Opportunity to work on impactful projects with global reach.\n- Collaborative and inclusive work environment.\n- Continuous learning and professional development opportunities.\n\nBecome a part of a team that values integrity, excellence, and innovation, and help us redefine what's possible in the tech industry.",
        "macro_dict": {
            "leadership": 47,
            "project management experience": 42,
            "technical expertise": 3,
            "client relationship management": 8
        },
        "micro_dict": {
            "data management": 17,
            "pre-sales consulting": 28,
            "solution architecture": 19,
            "quality management systems": 22,
            "powerbi": 14
        },
        "additional_info": "Preferred universities include National University of Computer and Emerging Sciences in Pakistan and equivalent institutions. We offer relocation support for candidates based outside of the hiring city, subject to management approval. Skills are assessed through a combination of technical tests, project management case studies, and panel interviews consisting of departmental heads and HR representatives.",
        "minimum_requirements": [
            "Strong understanding of Agile and SCRUM methodologies",
            "Experience in managing enterprise data warehouse projects",
            "Proficiency in using analytical software and tools like PowerBI and Oracle DV",
            "10+ years of industry experience in project management and data analytics",
            "Master's degree in Computer Science, Business Administration, or related field"
        ],
        "resume": "SABA AHSAN\nBusiness Development Executivesaba.ahsan1116@gmail.com\n+923314770528\nMughal Pura, Lahore\nPROFILE\nI am currently working as a \nBusiness Development Executive. \nI look forward to joining a \nfull-time position in a dynamic and \nprogressive organization where I \ncan polish my skills by learning \nfrom diverse experiences for \ncontinuous professional growth.\nLINKS\nLinkedIn\nSKILLS\nCSS\n HTML \n WordPress\nLinkedIn Reach-Out \nCompetitor Analysis\nEmail Marketing\nLead Generation\nData Extraction \nCompetitor Analysis \nClient Dealing\nMonthly Performance Report\n Client Hunting \nLANGUAGES\nEnglish \nUrdu\nHOBBIES\nReading\nTraveling\nLearning Languages \nPhotographyEMPLOYMENT HISTORY\nBusiness Development Executive at Rendream, Lahore\nJun, 2023 - Present\n\u2022Dealing with International Clients\n\u2022Client relationship Expert\n\u2022Market analysis, segmentation (growth hacking), and lead \ngeneration\n\u2022Cold calling, closing deals, and acquiring new clients.\n\u2022Daily dealing with the CEO, CFO, and Corporate owners.\n\u2022Setting new appointments and approaching new clients\nBusiness Development Executive at InvoZone, Lahore\nApr, 2022 - May, 2023\n\u2022B2B & B2C\n\u2022Client Dealing\n\u2022Lead hunter\n\u2022Handle Team of Business Development\n\u2022Manage Projects and Clients\n\u2022Analytical thinking and problem-solving\n\u2022Organizational skills to achieve the desired outcome\n\u2022Expert in communication skills\n\u2022Ability to manage all critical situations\n\u2022Strong communication and presentation skills\n\u2022Ability to Attend networking activities to research and connect with \nprospective clients\nBusiness Development Executive at TechNerds Agency, Lahore\nJul, 2021 - Apr, 2022\n\u2022Business Leads searching\n\u2022Project and team management\n\u2022Manages the development of new sales leads through a variety of \nplatforms\n\u2014 Digital & Social Media Intern at Cortexom Innovations\nApr, 2021 - Jun, 2021\nAmal Academy Career Prep Fellowship at Stanford University\nJul, 2020 - Aug, 2020\nEDUCATION\nBS Computer Science at NCBA&E, DHA Campus, Lahore\nSep, 2016 - Sep, 2020\n\u2022GPA 3.07\n\u2022Best Class Representative\n\u2022Best Student Reward in the whole Batch\nHSSC (I.C.S) at Govt. College for Women, Lahore\nAug, 2014 - Aug, 2016\nSSC (Science Group) at BISE, Lahore\nAug, 2012 - Aug, 2014"
    },
    "details": {
        "name": "Saba Ahsan",
        "number": "923314770528",
        "skills": [
            "CSS",
            "HTML",
            "WordPress",
            "Email Marketing",
            "Lead Generation",
            "Data Extraction"
        ],
        "email_id": "saba.ahsan1116@gmail.com",
        "location": "Mughal Pura, Lahore",
        "projects": [],
        "education": [
            {
                "end_date": "09-2020",
                "university": "NCBA&E, DHA Campus, Lahore",
                "degree_title": "BS Computer Science"
            }
        ],
        "achievements": [
            "Best Class Representative",
            "Best Student Reward in the whole Batch"
        ],
        "publications": [],
        "certifications": [],
        "additional_urls": [
            {
                "url": "linkedin.com",
                "website_name": "LinkedIn"
            }
        ],
        "executive_summary": "Saba Ahsan is a dedicated Business Development Executive with a strong background in technical skills such as CSS, HTML, and WordPress. She has demonstrated expertise in lead generation and email marketing, contributing to her success in managing client relationships and market analysis.",
        "employment_history": [
            {
                "details": "Dealing with International Clients, Client relationship Expert, Market analysis, segmentation (growth hacking), and lead generation, Cold calling, closing deals, and acquiring new clients, Daily dealing with the CEO, CFO, and Corporate owners, Setting new appointments and approaching new clients.",
                "end_date": "Present",
                "location": "Lahore",
                "job_title": "Business Development Executive",
                "start_date": "06-2023",
                "company_name": "Rendream"
            },
            {
                "details": "B2B & B2C, Client Dealing, Lead hunter, Handle Team of Business Development, Manage Projects and Clients.",
                "end_date": "05-2023",
                "location": "Lahore",
                "job_title": "Business Development Executive",
                "start_date": "04-2022",
                "company_name": "InvoZone"
            },
            {
                "details": "Business Leads searching, Project and team management, Manages the development of new sales leads through a variety of platforms.",
                "end_date": "04-2022",
                "location": "Lahore",
                "job_title": "Business Development Executive",
                "start_date": "07-2021",
                "company_name": "TechNerds Agency"
            },
            {
                "details": "Internship focused on digital and social media strategies.",
                "end_date": "06-2021",
                "location": "Lahore",
                "job_title": "Digital & Social Media Intern",
                "start_date": "04-2021",
                "company_name": "Cortexom Innovations"
            }
        ]
    }
}