{
    "output": {
        "justification": [
            "The resume does not meet any of the core requirements for the job.",
            "The education and work experience of the candidate are not aligned with the job's educational and experiential requirements.",
            "The candidate lacks relevant skills in data analytics tools, agile methodologies, and enterprise data warehouse management.",
            "The current role is unrelated to the job description, and no relevant technical skills are mentioned."
        ],
        "scores": {
            "macro_scores": [
                {
                    "criteria": "client relationship management",
                    "score": 2
                }
            ],
            "micro_scores": [
                {
                    "criteria": "agile methodologies",
                    "score": 1
                }
            ],
            "requirements": [
                {
                    "criteria": "Proficiency in using analytical software and tools like PowerBI and Oracle DV",
                    "meets": false
                },
                {
                    "criteria": "10+ years of industry experience in project management and data analytics",
                    "meets": false
                },
                {
                    "criteria": "Experience in managing enterprise data warehouse projects",
                    "meets": false
                },
                {
                    "criteria": "Master's degree in Computer Science, Business Administration, or related field",
                    "meets": false
                }
            ],
            "aggregated_scores": {
                "macro_scores": 2.0,
                "micro_scores": 1.0
            }
        },
        "personal_info": {
            "name": "Ali Raza Bajwa",
            "email": "bajwa101@gmail.com",
            "phone": "205622861",
            "current_position": "Business Development Officer",
            "current_company": "HBL",
            "employment_start_date_current_company": "08-2021",
            "first_company_start_date": "10-2019",
            "urls": []
        },
        "valid_resume_and_jd": true
    },
    "input": {
        "job_description": "Join **TechVentures Inc.** as a **Senior Project Manager** where you'll oversee the delivery of key data management and analytics projects. We are looking for an innovative leader who can set and uphold delivery standards, while managing cross-functional teams to achieve the highest levels of service excellence. Your expertise in pre-sales, solution architecture, and client relationship management will drive our expansion into new markets and optimize existing processes.\n\n### Key Responsibilities:\n- Lead and manage complex data analytics and management projects from inception through completion.\n- Develop and implement quality and project management systems to align with organizational goals.\n- Coordinate solutions architecture and pre-sales activities, including the preparation of RFPs and EOIs.\n- Mentor and guide junior team members in professional development and project execution.\n- Engage with clients to deliver tailored business solutions and improve customer satisfaction.\n- Collaborate with other departments to identify improvement opportunities and streamline processes.\n\n### Preferred Skills:\n- Proficiency in data tools such as PowerBI, Oracle DV, and Tableau.\n- Strong understanding of software development methodologies including Agile and SCRUM.\n- Demonstrated ability to lead large technical teams and handle stakeholder communications effectively.\n- Expertise in business intelligence implementation and enterprise data warehousing.\n\n### Why Join Us?\n- Opportunity to work on impactful projects with global reach.\n- Collaborative and inclusive work environment.\n- Continuous learning and professional development opportunities.\n\nBecome a part of a team that values integrity, excellence, and innovation, and help us redefine what's possible in the tech industry.",
        "macro_dict": {
            "client relationship management": 100
        },
        "micro_dict": {
            "agile methodologies": 100
        },
        "additional_info": "Preferred universities include National University of Computer and Emerging Sciences in Pakistan and equivalent institutions. We offer relocation support for candidates based outside of the hiring city, subject to management approval. Skills are assessed through a combination of technical tests, project management case studies, and panel interviews consisting of departmental heads and HR representatives.",
        "minimum_requirements": [
            "Proficiency in using analytical software and tools like PowerBI and Oracle DV",
            "10+ years of industry experience in project management and data analytics",
            "Experience in managing enterprise data warehouse projects",
            "Master's degree in Computer Science, Business Administration, or related field"
        ],
        "resume": " \n \n \nCurriculum Vitae\nPERSONAL INFORMATION\n \nAli \nRaza \n \n \n \nState Life Housing Society\n \n+\n92\n \n03\n205622861\n \nA\nli\nstar\nbajwa\nSex\n \nMale \nNationality \n \n \nEDUCATION AND TRAINING\n \n \n \n \nR\nELEVANT\n \nSKILLS\n \n \nEXPERIENCE\n \n \nH\nOBBIES\n \n \nB.Com (August 2017)\n \nAllama Iqbal Open University\n \nBachelor Of Commerce\nIntermediate (January 2014)\n \nAllama Iqbal Open University\nHigher Secondary School Certification\nMatric (August 2011)\n \nAllama\n \nIqbal Open University\nSecondary\n \nSchool Certification\n \n \n \n \n\uf0b7\n \nProblem Solving \n\uf0b7\n \nHandling Pressure \n\uf0b7\n \nLeadership \n\uf0b7\n \nFriendly\nA\nug\n \n20\n2\n1\n \n-\n \nPresent\n \n \nHBl\n \nBusiness Development Officer\nOct \n2019 \n-\n \nSep \n2020\n \n \n \n \nUfone\n \n \nCustomer \nExecutive\nJan 201\n8\n \n-\n \nJune 20\n1\n9\n \n \nPCB Level 1 Cricket Certified\n \nGarrison College, Model T own Green\nJan 201\n0\n \n-\n \nP\nresent\n \n \nCoaching\n \n \nChief Selector Garrison University\n \n \n \n \nSports\n \nPlaying Cricket, Fast Bowler, Middle Order Batsman\nPlayed\n  \nUnder 19 Cricket  T ournament\nPlayed few matches from Wapda Department\n \nWatching Tv\n \nWatching Sports, Movies, Tv Serials\n \nGames\n \n \nPlaying Games, Grand Theft Auto\nCurriculum Vitae\n \nRaza \nBajwa \n \nState Life Housing Society\n, Lahore, Pakistan\n \n205622861\n \n \nbajwa\n101\n@\ngmail\n.com\n \n \nNationality \nPakistani\n \nLanguages \nEnglish, \nUrdu, Punjabi\n \nAllama Iqbal Open University\n \nBachelor Of Commerce\n \nAllama Iqbal Open University\n \nHigher Secondary School Certification\n \nIqbal Open University\n \nSchool Certification\n \nProblem Solving \n \nHandling Pressure \n \nLeadership \n \nFriendly\n \n\uf0b7\n \nFlexible Exceptional Time Management\n\uf0b7\n \nSelf Confident\n \n\uf0b7\n \nPatience\n \n\uf0b7\n \nCalm\n \nBusiness Development Officer\n \nExecutive\n \nOfficer\n \nPCB Level 1 Cricket Certified\n \nCoach\n \nGarrison College, Model T own Green\ns\n, Punjab Society\n \n \nChief Selector Garrison University\n, Model T own Greens, \nF\nace\n \nFresh\n \nPlaying Cricket, Fast Bowler, Middle Order Batsman\n \nUnder 19 Cricket  T ournament\n \nfrom Lahore Zone \n \nPlayed few matches from Wapda Department\n \nWatching Tv\n \nWatching Sports, Movies, Tv Serials\n \nPlaying Games, Grand Theft Auto\n \n \n \nAli\n \nRaza\n \nBajwa\n \n \n \n \n \n \n \n \n \n \n \nFlexible Exceptional Time Management\n "
    },
    "details": {
        "name": "Ali Raza Bajwa",
        "number": "03205622861",
        "skills": [
            "Business Development",
            "Customer Service"
        ],
        "email_id": "bajwa101@gmail.com",
        "location": "State Life Housing Society, Lahore, Pakistan",
        "projects": [],
        "education": [
            {
                "end_date": "08-2017",
                "university": "Allama Iqbal Open University",
                "degree_title": "Bachelor Of Commerce"
            },
            {
                "end_date": "01-2014",
                "university": "Allama Iqbal Open University",
                "degree_title": "Higher Secondary School Certification"
            },
            {
                "end_date": "08-2011",
                "university": "Allama Iqbal Open University",
                "degree_title": "Secondary School Certification"
            }
        ],
        "achievements": [
            "PCB Level 1 Cricket Certified"
        ],
        "publications": [],
        "certifications": [
            {
                "certification_name": "PCB Level 1 Cricket Certified",
                "issuing_organization": "Garrison College, Model Town Green",
                "date_of_issuance": "01-2010"
            }
        ],
        "additional_urls": [],
        "executive_summary": "Ali Raza Bajwa is a dedicated professional with a background in business development and customer service, holding a Bachelor of Commerce degree. He has demonstrated his commitment to excellence through his certification in cricket coaching and has experience in various roles within the corporate sector.",
        "employment_history": [
            {
                "details": "Business Development Officer responsible for driving sales and managing client relationships.",
                "end_date": "09-2020",
                "location": "Lahore, Pakistan",
                "job_title": "Business Development Officer",
                "start_date": "10-2019",
                "company_name": "HBL"
            },
            {
                "details": "Customer Executive focused on providing exceptional service and support to customers.",
                "end_date": "06-2019",
                "location": "Lahore, Pakistan",
                "job_title": "Customer Executive",
                "start_date": "01-2018",
                "company_name": "Ufone"
            }
        ]
    }
}