{
    "output": {
        "justification": [
            "Resume shows more experience in banking roles rather than SEO and digital marketing, with limited SEO strategy development; affects macro relevant experience score.",
            "No explicit leadership or team management roles noted in resume; personal quality mentioned indicates working well as a team member.",
            "Lacks demonstrable market analysis skills in the resume, impacting micro accuracy for Market Analysis.",
            "No mention of SEO strategy development in resume, impacting micro SEO Strategy Development score."
        ],
        "scores": {
            "macro_scores": [
                {
                    "criteria": "experience",
                    "score": 4
                },
                {
                    "criteria": "client relationship management",
                    "score": 5
                }
            ],
            "micro_scores": [
                {
                    "criteria": "seo strategy development",
                    "score": 2
                },
                {
                    "criteria": "team management",
                    "score": 3
                },
                {
                    "criteria": "client engagement",
                    "score": 6
                },
                {
                    "criteria": "market analysis",
                    "score": 2
                }
            ],
            "requirements": [
                {
                    "criteria": "3+ years of experience in SEO and digital marketing",
                    "meets": false
                }
            ],
            "aggregated_scores": {
                "macro_scores": 4.2,
                "micro_scores": 3.46
            }
        },
        "personal_info": {
            "name": "Ali Raza",
            "email": "razaa694@gmail.com",
            "phone": "+92-332-8707574",
            "current_position": "Accountant",
            "current_company": "Continental Biscuits",
            "employment_start_date_current_company": "03-YYYY",
            "first_company_start_date": "MM-YYYY",
            "urls": []
        },
        "valid_resume_and_jd": true
    },
    "input": {
        "job_description": "## Job Title: Sales and SEO Management Specialist  \n\n### Location: Lahore, Pakistan  \n\n### Company: Innovate Digital Solutions Inc.  \n\n### Job Summary:  \nJoin Innovate Digital Solutions Inc. as a Sales and SEO Management Specialist. You will be part of a dynamic team responsible for driving client engagement and ensuring optimal performance in digital marketing strategies. Your role will include managing client relationships, improving SEO strategies, and leading your team to achieve sales targets.  \n\n### Key Responsibilities:  \n- Proactively engage with prospective clients to understand their business needs and provide innovative solutions.  \n- Design and execute SEO strategies in alignment with client\u2019s marketing objectives.  \n- Manage and optimize PPC campaigns to maximize ROI and brand visibility.  \n- Develop and maintain strong client relationships through tailored marketing solutions.  \n- Lead a team to achieve and surpass sales targets while providing exceptional customer service.  \n- Analyze market trends and algorithms to tailor SEO strategies accordingly.  \n- Produce reports that track progress and measure success against KPIs.  \n\n### Ideal Candidate Profile:  \nYou are a skilled sales and marketing professional with strong analytical skills suited to identifying and executing SEO opportunities. You excel at client interactions, possessing the ability to transform potential leads into satisfied clients through strategic and well-executed marketing initiatives. Leadership and team management skills will be pivotal to drive sales and motivate your team.  \n\n### Benefits:  \n- Competitive salary package  \n- Health and wellness benefits  \n- Performance bonuses  \n- Opportunities for career advancement  \n\nJoin us to redefine digital engagement and lead market strategies with agility and innovation.",
        "macro_dict": {
            "experience": 80,
            "client relationship management": 20
        },
        "micro_dict": {
            "seo strategy development": 57,
            "team management": 6,
            "client engagement": 35,
            "market analysis": 2
        },
        "additional_info": "Innovate Digital Solutions Inc. prefers candidates from reputable institutions such as [University of Lahore], [Punjab University]. Remote work options are available subject to roles and responsibilities. We assess skills through a combination of technical tests, interviews, and real-world problem-solving scenarios to gauge practical competency in strategic marketing contexts.",
        "minimum_requirements": [
            "3+ years of experience in SEO and digital marketing"
        ],
        "resume": " \n \n \nObjective: - \nTo pursue  career  in a progressive  organization  that  provides  opportunities  \nfor career growth and professional development in order to groom the overall  \npersonality.  \n Personal  Information: - \nFather\u2019s  Name  Muhammad  Essa  \nDate  of Birth  10-02-1993  \nCNIC  No. 35102 -2529071 -3 \n \nDomicile  Kasur  (Punjab)  \n \nReligion  Islam  \n \nGender  Male  \n \nMarital  Status  Married  \n \n \nAcademic  Record: - \n \nDegree  Division  Year  Passing  Board/University  \nMatriculation  2nd 2009  BISE  Lahore  \nI.Com  1st 2012  BISE  Lahore  \nB.Com  2nd 2014  Punjab  University  \nM.A  Physical  Education  1st 2017  University  of Sargodha  \nURRICULUM  \nITAE  \nAAALLLIII RRRAAAZZZAAA \nPostal  Address:  Bahmani  Wala  Khurd,  Kasur  \nCell:  +92 -332 -8707574  \nE-Mail:  razaa694@gmail.com  \nComputer  Skills: - \n \n\u27a2 Diploma  in Computer  Sciences  DOM  \n \n\u27a2 Typing  Speed  40wpm  \n \nExperience: - \n \n\u27a2 . 02 Years  experience  as \u201cBusiness  Development  Officer\u201d  at Allied  Bank Kasur.  \n \n\u27a2 01 Year  experience  as a \u201cRelationship  Manager\u201d  at JS Bank  Kasur.  \n \n\u27a2 01 Year  experience        as  a  \u201c ACCOUNTANT     \u201don word       at  C ontinental Biscuits in \nkasur . \n \nLanguage: - \n \n\u27a2 English  \n \n\u27a2 Urdu  \n \n\u27a2 Punjabi  \n \nPersonal  Qualities: - \n \n\u27a2 Work  well  under  pressure  \n \n\u27a2 Work  well  as team  member  \n \n\u27a2 Strong  Organization,  Problem  Solving  \n \nReference: - \n \n\u27a2 Will  be furnished  on demand  \n"
    },
    "details": {
        "name": "Raza Ali",
        "number": "923328707574",
        "skills": [
            "Computer Sciences",
            "Typing Speed 40wpm"
        ],
        "email_id": "razaa694@gmail.com",
        "location": "Bahmani Wala Khurd, Kasur",
        "projects": [],
        "education": [
            {
                "end_date": "05-2017",
                "university": "University of Sargodha",
                "degree_title": "M.A Physical Education"
            },
            {
                "end_date": "06-2014",
                "university": "Punjab University",
                "degree_title": "B.Com"
            },
            {
                "end_date": "06-2012",
                "university": "BISE Lahore",
                "degree_title": "I.Com"
            },
            {
                "end_date": "06-2009",
                "university": "BISE Lahore",
                "degree_title": "Matriculation"
            }
        ],
        "achievements": [],
        "publications": [],
        "certifications": [],
        "additional_urls": [
            {
                "url": "linkedin.com/in/razaali",
                "website_name": "LinkedIn"
            }
        ],
        "executive_summary": "Raza Ali is a dedicated professional with experience in business development and relationship management, possessing strong technical skills in computer sciences and typing. He has a solid educational background with a Master's degree in Physical Education and has worked in various roles in the banking and accounting sectors.",
        "employment_history": [
            {
                "details": "Business Development Officer at Allied Bank, responsible for client acquisition and relationship management.",
                "end_date": "11-2024",
                "location": "Kasur",
                "job_title": "Business Development Officer",
                "start_date": "11-2022",
                "company_name": "Allied Bank"
            },
            {
                "details": "Relationship Manager at JS Bank, focusing on customer service and financial solutions.",
                "end_date": "11-2021",
                "location": "Kasur",
                "job_title": "Relationship Manager",
                "start_date": "11-2020",
                "company_name": "JS Bank"
            },
            {
                "details": "Accountant at Continental Biscuits, managing financial records and transactions.",
                "end_date": "11-2020",
                "location": "Kasur",
                "job_title": "Accountant",
                "start_date": "11-2019",
                "company_name": "Continental Biscuits"
            }
        ]
    }
}