{
    "output": {
        "justification": [
            "Leadership is scored well due to managing teams at multiple companies.",
            "Relevant experience is mediocre as experience is mostly in business development, not business intelligence.",
            "No specific mention of programming languages like C++, HTML, CSS but project management is evident.",
            "Lack of BI tools experience like Power BI, SQL, etc. Cannot validate proficiency."
        ],
        "scores": {
            "macro_scores": [
                {
                    "criteria": "leadership",
                    "score": 8
                },
                {
                    "criteria": "experience",
                    "score": 5
                },
                {
                    "criteria": "innovation and adaptability",
                    "score": 7
                }
            ],
            "micro_scores": [
                {
                    "criteria": "c++, html, css",
                    "score": 3
                },
                {
                    "criteria": "business intelligence tools (power bi, sql, tableau)",
                    "score": 2
                },
                {
                    "criteria": "crm and data management",
                    "score": 6
                },
                {
                    "criteria": "project management",
                    "score": 7
                }
            ],
            "requirements": [
                {
                    "criteria": "Proficiency in at least one programming language",
                    "meets": false
                },
                {
                    "criteria": "Bachelor's degree in Computer Science, Business, or a related field",
                    "meets": true
                },
                {
                    "criteria": "Strong communication and interpersonal skills",
                    "meets": true
                }
            ],
            "aggregated_scores": {
                "macro_scores": 6.18,
                "micro_scores": 4.92
            }
        },
        "personal_info": {
            "name": "Hassan Saeed",
            "email": "hassansaeed3328@gmail.com",
            "phone": "+923053328700",
            "current_position": "Business Development Manager",
            "current_company": "Homi Solutions",
            "employment_start_date_current_company": "06-2022",
            "first_company_start_date": "05-2020",
            "urls": []
        },
        "valid_resume_and_jd": true
    },
    "input": {
        "job_description": "## Lead Generation and Business Intelligence Specialist\n\nJoin **Innovate Connections Inc.** as a Lead Generation and Business Intelligence Specialist. You will play a pivotal role in driving business growth by spearheading lead generation initiatives and providing strategic insights through data analytics. We are looking for a highly skilled professional with a strong background in lead generation, data management, and business intelligence.\n\n### Key Responsibilities:\n- Develop and execute lead generation strategies using digital marketing techniques, cold calling, and data scraping tools.\n- Collaborate with cross-functional teams to optimize customer acquisition strategies.\n- Utilize CRM systems to manage and analyze client data for lead qualification.\n- Create and manage detailed project schedules and work plans, utilizing best practices and standards for project execution.\n- Develop financial models and business growth strategies based on data insights.\n- Utilize tools such as Power BI, SQL, and Tableau for developing comprehensive data reports and dashboards.\n\n### Desired Skills and Experience:\n- Strong programming skills in C++, HTML, and CSS.\n- Proficiency in digital marketing, email marketing, and social media platforms.\n- Experience in managing large data sets and using BI tools (Power BI, Excel, Tableau).\n- Excellent communication skills and ability to develop strong client relationships.\n- Ability to work independently and manage multiple projects simultaneously.\n\n### Why Innovate Connections Inc.?\n- We innovate at the forefront of technology and enable our team members to grow alongside the company.\n- We value data-driven decision-making and empower our teams with the right tools to succeed.\n- Offering a supportive work environment and opportunities for career advancement.\n\n### How to Apply:\nSubmit your resume and cover letter detailing your relevant experience and why you are interested in joining Innovate Connections Inc.",
        "macro_dict": {
            "leadership": 20,
            "experience": 51,
            "innovation and adaptability": 29
        },
        "micro_dict": {
            "c++, html, css": 24,
            "business intelligence tools (power bi, sql, tableau)": 18,
            "crm and data management": 22,
            "project management": 36
        },
        "additional_info": "Innovate Connections Inc. prefers candidates from recognized universities such as the University of Management & Technology and Lahore School of Economics. We encourage a remote working environment but require physical presence for team-building and strategic sessions twice a quarter. Relocation assistance is available for exceptional candidates. Our comprehensive assessment includes a technical test followed by structured interviews to evaluate both technical and soft skills comprehensively.",
        "minimum_requirements": [
            "Proficiency in at least one programming language",
            "Bachelor's degree in Computer Science, Business, or a related field",
            "Strong communication and interpersonal skills"
        ],
        "resume": "HASSAN SAEED\nBusiness De velopment Manager\nCONTACT\nAddress :Sadiq Abad\nMobile Number :+923053328700\nEmail ID :hassansaeed3328@gmail.com\nDate Of Birth: 02-Sep-1996\nGender :Male\nNationality :Pakistan\nMarital Status:Married\nLanguages:English\nSKILLS\nFreelancing Project Management\nBusiness Development\nREFERENCE\nName :Oneeb Arif\nDetail :InvoZone - Development Lead\nEmail :Oneeb@invozone.com\nMobile :03051234640\nName :Raheel Ahmed\nDetail :CodFelix - Project Manager\nEmail :raheelahmed121@gmail.com\nMobile :03053661152\nWORK EXPERIENCE\nHOMI SOLUTIONS\nBusiness Development Manager\nDuration : 06-2022 - Till Today\nDEVBUNCH\nBusiness Development Team Lead\nDuration : 09-2021 - 06-2022\nLeading Executives and managing all business clients\nINVOZONE\nBusiness Development Executive\nDuration : 03-2021 - 08-2021\nMy core responsibilities was to lock the client from several freelancing platforms,\nCommunication with clients, Follow up the client, Understading project scope, Schedule\nmeeting with Technical person, Manage the lead using slack\nCODFELIX\nBusiness Developer\nDuration : 05-2020 - 02-2021\nSending proposals to the client on Upwork, Respond to client, Non Technical Calls,\nDeveloper's Engagement, Client Locking\nEDUCATION\nBISE BAHAWALPUR\nMTB H/S School, SDK - Matriculation\nGrades - 74 %\nYear of passing : 2011\nPBTE LAHORE\nGCT college, RYK. - Intermediate\nGrades - 75 %\nYear of passing : 2014\nKFUEIT, RYK\n- BS Information Technology\nGrades - 3.00 CGPA\nYear of passing : 2020\nPROJECTS\nCUSTOME MAP API\nBusiness Developer\nDuration : 01-2022 -\nTeam Size - 4\nNFT METAVERSE\nBusiness Developer\nDuration : 01-2022 -\nTeam Size - 4\nACHIEVEMENTS\nMOS 2013\nProject Hunting"
    },
    "details": {
        "name": "Hassan Saeed",
        "number": "923053328700",
        "skills": [
            "Freelancing",
            "Project Management",
            "Business Development"
        ],
        "email_id": "hassansaeed3328@gmail.com",
        "location": "Sadiq Abad",
        "projects": [
            {
                "title": "CUSTOME MAP API",
                "description": "Business Developer"
            },
            {
                "title": "NFT METAVERSE",
                "description": "Business Developer"
            }
        ],
        "education": [
            {
                "end_date": "2011",
                "university": "MTB H/S School, SDK",
                "degree_title": "Matriculation"
            },
            {
                "end_date": "2014",
                "university": "GCT college, RYK",
                "degree_title": "Intermediate"
            },
            {
                "end_date": "2020",
                "university": "KFUEIT, RYK",
                "degree_title": "BS Information Technology"
            }
        ],
        "achievements": [
            "MOS 2013",
            "Project Hunting"
        ],
        "publications": [],
        "certifications": [],
        "additional_urls": [],
        "executive_summary": "Hassan Saeed is a skilled Business Development Manager with extensive experience in freelancing and project management. He has a strong background in business development, having worked with various companies to enhance client engagement and project execution.",
        "employment_history": [
            {
                "details": "Leading Executives and managing all business clients",
                "end_date": "Till Today",
                "location": "",
                "job_title": "Business Development Manager",
                "start_date": "06-2022",
                "company_name": "HOMI SOLUTIONS"
            },
            {
                "details": "Leading Executives and managing all business clients",
                "end_date": "06-2022",
                "location": "",
                "job_title": "Business Development Team Lead",
                "start_date": "09-2021",
                "company_name": "DEVBUNCH"
            },
            {
                "details": "Locking clients from several freelancing platforms, communication with clients, follow up, understanding project scope, scheduling meetings with technical personnel, managing leads using Slack",
                "end_date": "08-2021",
                "location": "",
                "job_title": "Business Development Executive",
                "start_date": "03-2021",
                "company_name": "INVOZONE"
            },
            {
                "details": "Sending proposals to clients on Upwork, responding to clients, non-technical calls, developer's engagement, client locking",
                "end_date": "02-2021",
                "location": "",
                "job_title": "Business Developer",
                "start_date": "05-2020",
                "company_name": "CODFELIX"
            }
        ]
    }
}