{
    "output": {
        "justification": [
            "Candidate lacks 3+ years in SEO or digital marketing experience.",
            "No PPC Campaign experience is mentioned.",
            "No university aligning with company's preference is found.",
            "Strong leadership as evidenced by team and project leading roles."
        ],
        "scores": {
            "macro_scores": [
                {
                    "criteria": "leadership",
                    "score": 9
                },
                {
                    "criteria": "experience",
                    "score": 3
                },
                {
                    "criteria": "client relationship management",
                    "score": 5
                }
            ],
            "micro_scores": [
                {
                    "criteria": "ppc campaigns",
                    "score": 0
                }
            ],
            "requirements": [
                {
                    "criteria": "Proficiency in Microsoft Office and CRM systems",
                    "meets": false
                },
                {
                    "criteria": "3+ years of experience in SEO and digital marketing",
                    "meets": false
                }
            ],
            "aggregated_scores": {
                "macro_scores": 5.18,
                "micro_scores": 0.0
            }
        },
        "personal_info": {
            "name": "Muhammad Tayyab Aftab",
            "email": "tayyab.aftab5@gmail.com",
            "phone": "+923224893943",
            "current_position": "Azure Data Engineer",
            "current_company": "Murkez Technologies",
            "employment_start_date_current_company": "03-2022",
            "first_company_start_date": "04-2017",
            "urls": [
                {
                    "website_name": "LinkedIn",
                    "url": "https://www.linkedin.com/in/muhammad-tayyab-aftab-80030321b/"
                }
            ]
        },
        "valid_resume_and_jd": true
    },
    "input": {
        "job_description": "## Job Title: Sales and SEO Management Specialist  \n\n### Location: Lahore, Pakistan  \n\n### Company: Innovate Digital Solutions Inc.  \n\n### Job Summary:  \nJoin Innovate Digital Solutions Inc. as a Sales and SEO Management Specialist. You will be part of a dynamic team responsible for driving client engagement and ensuring optimal performance in digital marketing strategies. Your role will include managing client relationships, improving SEO strategies, and leading your team to achieve sales targets.  \n\n### Key Responsibilities:  \n- Proactively engage with prospective clients to understand their business needs and provide innovative solutions.  \n- Design and execute SEO strategies in alignment with client\u2019s marketing objectives.  \n- Manage and optimize PPC campaigns to maximize ROI and brand visibility.  \n- Develop and maintain strong client relationships through tailored marketing solutions.  \n- Lead a team to achieve and surpass sales targets while providing exceptional customer service.  \n- Analyze market trends and algorithms to tailor SEO strategies accordingly.  \n- Produce reports that track progress and measure success against KPIs.  \n\n### Ideal Candidate Profile:  \nYou are a skilled sales and marketing professional with strong analytical skills suited to identifying and executing SEO opportunities. You excel at client interactions, possessing the ability to transform potential leads into satisfied clients through strategic and well-executed marketing initiatives. Leadership and team management skills will be pivotal to drive sales and motivate your team.  \n\n### Benefits:  \n- Competitive salary package  \n- Health and wellness benefits  \n- Performance bonuses  \n- Opportunities for career advancement  \n\nJoin us to redefine digital engagement and lead market strategies with agility and innovation.",
        "macro_dict": {
            "leadership": 17,
            "experience": 25,
            "client relationship management": 58
        },
        "micro_dict": {
            "ppc campaigns": 100
        },
        "additional_info": "Innovate Digital Solutions Inc. prefers candidates from reputable institutions such as [University of Lahore], [Punjab University]. Remote work options are available subject to roles and responsibilities. We assess skills through a combination of technical tests, interviews, and real-world problem-solving scenarios to gauge practical competency in strategic marketing contexts.",
        "minimum_requirements": [
            "Proficiency in Microsoft Office and CRM systems",
            "3+ years of experience in SEO and digital marketing"
        ],
        "resume": " \nMuhammad Tayyab  Aftab  \n  \nPROFESSIONAL OBJECTIVE  \nDedicated IT professional with a history of meeting company goals \nutilizing consistent and organized practices. Skilled in working under \npressure and adapting to new situations and challenges to best \nenhance the organizational brand.  \n  \n  \nWORK HISTORY  \nMurkez Technologies  \u2013 Azure Data  Engineer \nLahore, Pakistan   \n03/2022 - Current  \n\u2022 Leading Report Development Team which is working on a highly \nscalable third -party tool 'Logi  Analytics', 'Microsoft Power BI' and \n'SSRS' to design dynamic, customizable, and data -driven  \nFinancial/Accounting  reports for the Client.  \n\u2022 Writing complex and optimized queries, Stored Procedures, \nTriggers, Views and Built -in functions to bind with the report or, as \nif, required by the stakeholders.  \n\u2022 Index Creations and Management.  \n\u2022 Experiencin g Data Warehousin g Processes and working on \ndatabase structures  like \u2018Star Schema \u2019 and \u2018Snowflake  schema\u2019. \n\u2022 Hands -on Experience in managing Azure Dev Ops to communicate \nwith the clients through User Stories, Generate tickets, and provide \npossible and exceptional solutions.  \n\u2022 Experiencing Scrum to comple te specific tasks, milestones, or \ndeliverables.  \n\u2022 Preparing variety of different written communications, reports and \ndocuments.  \n\u2022 Actively listened to Clients' requests, confirming full understanding \nbefore addressing concerns.  \n\u2022 Developing and implementing perf ormance improvement \nstrategies and plans to promote continuous improvement.  \n\u2022 Maintaining energy and enthusiasm in a fast -paced environment.  \n\u2022 Creating spreadsheets using Microsoft Excel for daily, weekly and \nmonthly reporting.  \n\u2022 Developing team communications a nd information for meetings.  \n\u2022 Proving successful working within tight deadlines and a fast -paced \natmosphere.  \n\u2022 Providing 24x7 operational support to the Client.  \n\u2022 Familiar with Basic Linux Commands.  \n \n \n  \nLahore, 54000 Pakistan  \n+923224893943  \ntayyab.aftab5@gmail.com  \n  \nLINKS  \n\u2022 https://www.linkedin.com/in/m\nuhammad -tayyab -aftab -\n80030321b/  \n  \n  \nTECHNICAL SKILLS  \nIDE's:  \n\u2022 Azure Dev Ops  \n\u2022 Microsoft SQL Server \nManagement Studio  \n\u2022 Microsoft SQL Server Reporting \nServices  \n\u2022 PostgreSQL  \n\u2022 MySQL Frontbench  \n\u2022 Logi Report Designer  \n\u2022 Microsoft Power BI  \n\u2022 Microsoft Visual Studio  \n\u2022 WebStorm  \nComputer Languages:  \n\u2022 SQL \n\u2022 PL/SQL  \n\u2022 C# \n\u2022 PHP \n\u2022 TypeScript  \n\u2022 HTML/CSS  \nFrameworks:  \n\u2022 .Net MVC  \n\u2022 .Net Core  \n\u2022 Angular  \n \nSOFT SKILLS  \n\u2022 Collaboration & Teamwork  \n\u2022 Excellent Communication  \n\u2022 Problem Solving and Creativity  \n\u2022 Self-Learning  \n\u2022 Time Management  \n \n  \n  \n \n Primary and Secondary HealthCare Department  - Senior \nSoftware Developer  \nLahore, Pakistan   \n01/2020 - 03/2022  \n\u2022 Developed Databases, Web/Mobile Applications including APIs for \nintegration and implementation.  \n\u2022 Developed  and Published a variety of Reports using SSRS and also \nhave ample experience with Crystal Reports.  \n\u2022 Wrote complex and optimized queries, Stored Procedures, \nTriggers, Views and Built -in functions to bind with the report or, as \nif, required by the stakeholders.  \n\u2022 Monitored ongoing operation of assigned program s and \nresponded to problems by diagnosing and correcting logic and \ncoding errors.  \n\u2022 Updated old code bases to modern development standards, \nimproving functionality.  \n\u2022 Collaborated with project managers to select realistic coding \nmilestones on pre-release software project development.  \n\u2022 Designed reusable and reliable code for use within distributed \ncloud environments.  \n\u2022 Met with stakeholders to provide detailed project reports and \nmilestone updates.  \n\u2022 Trained new developers and programmers on company standards \nfor design and review.  \n\u2022 Documented technical workflows and knowledge to educate newly \nhired employees.  \n\u2022 Consulted with engineering team members to determine system \nloads and develop improvement plans.  \n\u2022 Provided 24x7 operational support to the Client . \nPunjab Aids Control Program  - Software and Database \nDeveloper  \nLahore, Pakistan   \n04/2017 - 12/2021  \n\u2022 Developed and Managed  the whole Database of the Punjab Aids \nControl Program single -handedly covering the 36 districts.  \n\u2022 Developed the first version of Desktop Enterprise Solution to keep \na biometric identification and record of HIV patients all over \nPunjab SQL/MySQL scripting c omprising of complex queries for \nReporting.  \n\u2022 Provided remarkable patterns through optimized stored \nprocedures and Views to the company.  \n\u2022 Identification, Analysis and Resolution of all technical bugs related \nto Web/Mobile/Desktop Applications and Databases.  \n\u2022 Supervised and Assisted in the development of an Enterprise \nSolution for the department.  \n\u2022 Evaluate User Interfaces, Database structures and Applications' \nback -end functionalities using test cases.  EDUCATION  \n10/2016  \nSuperior University  \nPakistan   \nBachelor of Science : Computer \nAnd Information Sciences   \n08/2011  \nMusa'b  School System  \nPakistan   \nA Levels : Sciences   \n08/2009  \nGrand Charter School  \nPakistan   \nO-Levels : Sciences   \n  "
    },
    "details": {
        "name": "Muhammad Tayyab Aftab",
        "number": "923224893943",
        "skills": [
            "Azure Dev Ops",
            "Microsoft SQL Server Management Studio",
            "Microsoft SQL Server Reporting Services",
            "PostgreSQL",
            "MySQL Frontbench",
            "Logi Report Designer",
            "Microsoft Power BI",
            "Microsoft Visual Studio",
            "WebStorm",
            "SQL",
            "PL/SQL",
            "C#",
            "PHP",
            "TypeScript",
            "HTML/CSS",
            ".Net MVC",
            ".Net Core",
            "Angular"
        ],
        "email_id": "tayyab.aftab5@gmail.com",
        "location": "Lahore, Pakistan",
        "projects": [],
        "education": [
            {
                "end_date": "10-2016",
                "university": "Superior University",
                "degree_title": "Bachelor of Science : Computer And Information Sciences"
            },
            {
                "end_date": "08-2011",
                "university": "Musa'b School System",
                "degree_title": "A Levels : Sciences"
            },
            {
                "end_date": "08-2009",
                "university": "Grand Charter School",
                "degree_title": "O-Levels : Sciences"
            }
        ],
        "achievements": [],
        "publications": [],
        "certifications": [],
        "additional_urls": [
            {
                "url": "linkedin.com/in/muhammad-tayyab-aftab-80030321b",
                "website_name": "LinkedIn"
            }
        ],
        "executive_summary": "Muhammad Tayyab Aftab is a dedicated IT professional with extensive experience as an Azure Data Engineer and Senior Software Developer. He has a strong background in database management, report development, and software engineering, showcasing his technical skills in various programming languages and tools.",
        "employment_history": [
            {
                "details": "Leading Report Development Team which is working on a highly scalable third-party tool 'Logi Analytics', 'Microsoft Power BI' and 'SSRS' to design dynamic, customizable, and data-driven Financial/Accounting reports for the Client. Writing complex and optimized queries, Stored Procedures, Triggers, Views and Built-in functions to bind with the report or, as if, required by the stakeholders. Index Creations and Management. Experiencing Data Warehousing Processes and working on database structures like \u2018Star Schema\u2019 and \u2018Snowflake schema\u2019. Hands-on Experience in managing Azure Dev Ops to communicate with the clients through User Stories, Generate tickets, and provide possible and exceptional solutions. Experiencing Scrum to complete specific tasks, milestones, or deliverables. Preparing variety of different written communications, reports and documents. Actively listened to Clients' requests, confirming full understanding before addressing concerns. Developing and implementing performance improvement strategies and plans to promote continuous improvement. Maintaining energy and enthusiasm in a fast-paced environment. Creating spreadsheets using Microsoft Excel for daily, weekly and monthly reporting. Developing team communications and information for meetings. Proving successful working within tight deadlines and a fast-paced atmosphere. Providing 24x7 operational support to the Client. Familiar with Basic Linux Commands.",
                "end_date": "Current",
                "location": "Lahore, Pakistan",
                "job_title": "Azure Data Engineer",
                "start_date": "03-2022",
                "company_name": "Murkez Technologies"
            },
            {
                "details": "Developed Databases, Web/Mobile Applications including APIs for integration and implementation. Developed and Published a variety of Reports using SSRS and also have ample experience with Crystal Reports. Wrote complex and optimized queries, Stored Procedures, Triggers, Views and Built-in functions to bind with the report or, as if, required by the stakeholders. Monitored ongoing operation of assigned programs and responded to problems by diagnosing and correcting logic and coding errors. Updated old code bases to modern development standards, improving functionality. Collaborated with project managers to select realistic coding milestones on pre-release software project development. Designed reusable and reliable code for use within distributed cloud environments. Met with stakeholders to provide detailed project reports and milestone updates. Trained new developers and programmers on company standards for design and review. Documented technical workflows and knowledge to educate newly hired employees. Consulted with engineering team members to determine system loads and develop improvement plans. Provided 24x7 operational support to the Client.",
                "end_date": "03-2022",
                "location": "Lahore, Pakistan",
                "job_title": "Senior Software Developer",
                "start_date": "01-2020",
                "company_name": "Primary and Secondary HealthCare Department"
            },
            {
                "details": "Developed and Managed the whole Database of the Punjab Aids Control Program single-handedly covering the 36 districts. Developed the first version of Desktop Enterprise Solution to keep a biometric identification and record of HIV patients all over Punjab SQL/MySQL scripting comprising of complex queries for Reporting. Provided remarkable patterns through optimized stored procedures and Views to the company. Identification, Analysis and Resolution of all technical bugs related to Web/Mobile/Desktop Applications and Databases. Supervised and Assisted in the development of an Enterprise Solution for the department. Evaluate User Interfaces, Database structures and Applications' back-end functionalities using test cases.",
                "end_date": "12-2021",
                "location": "Lahore, Pakistan",
                "job_title": "Software and Database Developer",
                "start_date": "04-2017",
                "company_name": "Punjab Aids Control Program"
            }
        ]
    }
}