{
    "output": {
        "justification": [
            "The resume lacks experience in project management and data analytics which is crucial for the role.",
            "The candidate has no evidence of working with enterprise data warehouse projects or Agile methodologies.",
            "There is no mention of proficiency in PowerBI or Oracle DV, which are preferred skills in the job description.",
            "The work experience presented does not align with the senior-level requirements or responsibilities outlined in the job description, especially in terms of technical expertise and project leadership."
        ],
        "scores": {
            "macro_scores": [
                {
                    "criteria": "leadership",
                    "score": 3
                },
                {
                    "criteria": "project management experience",
                    "score": 2
                },
                {
                    "criteria": "technical expertise",
                    "score": 1
                },
                {
                    "criteria": "client relationship management",
                    "score": 6
                }
            ],
            "micro_scores": [
                {
                    "criteria": "pre-sales consulting",
                    "score": 2
                },
                {
                    "criteria": "solution architecture",
                    "score": 1
                },
                {
                    "criteria": "quality management systems",
                    "score": 1
                },
                {
                    "criteria": "powerbi",
                    "score": 0
                }
            ],
            "requirements": [
                {
                    "criteria": "10+ years of industry experience in project management and data analytics",
                    "meets": false
                },
                {
                    "criteria": "Master's degree in Computer Science, Business Administration, or related field",
                    "meets": false
                },
                {
                    "criteria": "Experience in managing enterprise data warehouse projects",
                    "meets": false
                },
                {
                    "criteria": "Strong understanding of Agile and SCRUM methodologies",
                    "meets": false
                },
                {
                    "criteria": "Proficiency in using analytical software and tools like PowerBI and Oracle DV",
                    "meets": false
                }
            ],
            "aggregated_scores": {
                "macro_scores": 2.3200000000000003,
                "micro_scores": 1.0
            }
        },
        "personal_info": {
            "name": "SubhanFalak",
            "email": "Subhanfalak2.0@gmail.com",
            "phone": "+92 316 458 4589",
            "current_position": "Business Development Executive",
            "current_company": "GlobizITech Enterprises Pvt. Ltd.",
            "employment_start_date_current_company": "05-2022",
            "first_company_start_date": "04-2020",
            "urls": []
        },
        "valid_resume_and_jd": true
    },
    "input": {
        "job_description": "Join **TechVentures Inc.** as a **Senior Project Manager** where you'll oversee the delivery of key data management and analytics projects. We are looking for an innovative leader who can set and uphold delivery standards, while managing cross-functional teams to achieve the highest levels of service excellence. Your expertise in pre-sales, solution architecture, and client relationship management will drive our expansion into new markets and optimize existing processes.\n\n### Key Responsibilities:\n- Lead and manage complex data analytics and management projects from inception through completion.\n- Develop and implement quality and project management systems to align with organizational goals.\n- Coordinate solutions architecture and pre-sales activities, including the preparation of RFPs and EOIs.\n- Mentor and guide junior team members in professional development and project execution.\n- Engage with clients to deliver tailored business solutions and improve customer satisfaction.\n- Collaborate with other departments to identify improvement opportunities and streamline processes.\n\n### Preferred Skills:\n- Proficiency in data tools such as PowerBI, Oracle DV, and Tableau.\n- Strong understanding of software development methodologies including Agile and SCRUM.\n- Demonstrated ability to lead large technical teams and handle stakeholder communications effectively.\n- Expertise in business intelligence implementation and enterprise data warehousing.\n\n### Why Join Us?\n- Opportunity to work on impactful projects with global reach.\n- Collaborative and inclusive work environment.\n- Continuous learning and professional development opportunities.\n\nBecome a part of a team that values integrity, excellence, and innovation, and help us redefine what's possible in the tech industry.",
        "macro_dict": {
            "leadership": 36,
            "project management experience": 5,
            "technical expertise": 48,
            "client relationship management": 11
        },
        "micro_dict": {
            "pre-sales consulting": 45,
            "solution architecture": 8,
            "quality management systems": 2,
            "powerbi": 45
        },
        "additional_info": "Preferred universities include National University of Computer and Emerging Sciences in Pakistan and equivalent institutions. We offer relocation support for candidates based outside of the hiring city, subject to management approval. Skills are assessed through a combination of technical tests, project management case studies, and panel interviews consisting of departmental heads and HR representatives.",
        "minimum_requirements": [
            "10+ years of industry experience in project management and data analytics",
            "Master's degree in Computer Science, Business Administration, or related field",
            "Experience in managing enterprise data warehouse projects",
            "Strong understanding of Agile and SCRUM methodologies",
            "Proficiency in using analytical software and tools like PowerBI and Oracle DV"
        ],
        "resume": "SubhanFalak\nBusiness Development Executive\nContact Info\nLanguagesProfessional SkillsProfile Info\nEducation History\nWork ExperienceI have worked with different international clients and customers,\nmaintaining a healthy relationship with both. I have vast experience\nin customer services and selling products & services. Moreover, I\nhave expertise in bidding on Upwork & Fiverr, professional email\nwriting, and content writing.\nEmail\nAddressPhone\n+92 316 458 4589\nSubhanfalak2.0@gmail.com\nLahore, Pakistan2019 - Present\nInstitute of Chartered\nAccountants of Pakistan, Lahore2015 - 2017\nMuhammadan Anglo\nOriental College, LahoreChartered Accountancy F.Sc (Pre Engg.)\nI have worked at Premier BPO as a Tele- Sales Representative for a\nUS-based life insurance campaign, briefing the customers about the\ncompany's plans & services and transferring the calls to closers for\ninterested customers.Hobbies\nTraveling\nBadminton\nTable Tennis\nPhotography\nLearning Languages\nUrdu\nEnglish\nSaraiki\nPashto\nPunjabi\nFrenchCreative\nVigilance\nPunctuality\nVersatility\nTeam Work\nProfessionalism\nStrong Work Ethic\nConflict Resolution\nEmail Handling\nWorked as a Customer Service Specialist for a US-based company\n(Speedtalk Mobile), providing assistance to customers by answering\ntheir questions and resolving queries via calls and emails.\nAlso worked as a Parts Ordering Officer for a US-based company\n(NuBrakes). My job was to order the right parts (Brake Shoes & Pads)\nfor any booked appointment.I am currently working as a Business Development Executive for this\nIT start-up. My duties include bidding on Upwork & Fiverr, arranging\n& leading meetings with clients, negotiating, and email handling.\nApart from my duties, I have designed several product catalogs and\nsocial media posts. From writing scripts to voiceovers, I have\ncreated several product videos to give this start-up a boost.May 2022 - Present GlobizITech Enterprises Pvt. Ltd.Business Development Executive\nApr 2020 - May 2021 Mindbridge Pvt. Ltd.Customer Service SpecialistJun 2021 - Feb 2022 Premier BPO, Inc.Tele Sales Representative"
    },
    "details": {
        "name": "Subhan Falak",
        "number": "923164584589",
        "skills": [
            "Bidding on Upwork",
            "Bidding on Fiverr",
            "Professional email writing",
            "Content writing"
        ],
        "email_id": "Subhanfalak2.0@gmail.com",
        "location": "Lahore, Pakistan",
        "projects": [],
        "education": [
            {
                "end_date": "06-2017",
                "university": "Institute of Chartered Accountants of Pakistan, Lahore",
                "degree_title": "Chartered Accountancy"
            },
            {
                "end_date": "06-2015",
                "university": "Muhammadan Anglo Oriental College, Lahore",
                "degree_title": "F.Sc (Pre Engg.)"
            }
        ],
        "achievements": [],
        "publications": [],
        "certifications": [],
        "additional_urls": [
            {
                "url": "linkedin.com/in/subhanfalak",
                "website_name": "LinkedIn"
            }
        ],
        "executive_summary": "Subhan Falak is a skilled Business Development Executive with extensive experience in customer service and sales. He has a proven track record of working with international clients and is proficient in bidding on platforms like Upwork and Fiverr. His technical skills include professional email writing and content creation, making him a valuable asset in the IT sector.",
        "employment_history": [
            {
                "details": "Currently working as a Business Development Executive, responsible for bidding on Upwork & Fiverr, arranging & leading meetings with clients, negotiating, and email handling. Designed product catalogs and social media posts, and created product videos.",
                "end_date": "Present",
                "location": "Lahore, Pakistan",
                "job_title": "Business Development Executive",
                "start_date": "05-2022",
                "company_name": "GlobizITech Enterprises Pvt. Ltd."
            },
            {
                "details": "Provided assistance to customers by answering their questions and resolving queries via calls and emails.",
                "end_date": "05-2021",
                "location": "Lahore, Pakistan",
                "job_title": "Customer Service Specialist",
                "start_date": "04-2020",
                "company_name": "Mindbridge Pvt. Ltd."
            },
            {
                "details": "Worked as a Tele-Sales Representative for a US-based life insurance campaign, briefing customers about the company's plans & services.",
                "end_date": "02-2022",
                "location": "Lahore, Pakistan",
                "job_title": "Tele Sales Representative",
                "start_date": "06-2021",
                "company_name": "Premier BPO, Inc."
            }
        ]
    }
}