{
    "output": {
        "justification": [
            "The candidate has been in continuous employment from 09-2018 to present, meeting the experience requirement of 3-5 years.",
            "Exhibits a strong understanding and application of communication and sales skills, fulfilling the communication skills requirement.",
            "Candidate's education background lacks the prominence of a top-tier university reference, but this does not directly impact the evaluation due to lack of explicit requirement for top-tier university.",
            "Candidate demonstrates strong strategic account development and lead prospecting skills which align partially with the business development role, although lacks direct experience with advanced data analysis tools."
        ],
        "scores": {
            "macro_scores": [
                {
                    "criteria": "leadership",
                    "score": 6
                },
                {
                    "criteria": "experience",
                    "score": 7
                },
                {
                    "criteria": "communication skills",
                    "score": 8
                }
            ],
            "micro_scores": [
                {
                    "criteria": "ms excel",
                    "score": 5
                },
                {
                    "criteria": "linkedin sales navigator",
                    "score": 6
                }
            ],
            "requirements": [
                {
                    "criteria": "3-5 years of experience in business development or related fields",
                    "meets": true
                },
                {
                    "criteria": "Excellent communication skills",
                    "meets": true
                }
            ],
            "aggregated_scores": {
                "macro_scores": 6.6,
                "micro_scores": 5.59
            }
        },
        "personal_info": {
            "name": "MARIAM HASSAN",
            "email": "maryamnaqvi31@gmail.com",
            "phone": "+92 335 0622804",
            "current_position": "Sales Development Representative",
            "current_company": "CONTAINER XCHANGE",
            "employment_start_date_current_company": "10-2021",
            "first_company_start_date": "09-2018",
            "urls": []
        },
        "valid_resume_and_jd": true
    },
    "input": {
        "job_description": "### Business Development Executive\n\n**Company:** Innovate Dynamics Ltd.\n\n**Location:** Hyderabad, India\n\n**Role Overview:**\nJoin Innovate Dynamics Ltd. as a Business Development Executive, where you will play a pivotal role in driving business growth by generating leads and managing key client accounts. Leverage your expertise in economic analysis and marketing strategies to enhance our market presence and build strong client relationships.\n\n**Responsibilities:**\n- Develop and execute comprehensive business development plans to achieve company objectives.\n- Identify and engage prospective clients across diverse niches, including software development and outsourcing.\n- Manage and grow relationships with key accounts to drive long-term success.\n- Utilize digital marketing strategies to boost client engagement and retention.\n- Collaborate with cross-functional teams to develop tailored client solutions.\n- Utilize LinkedIn Sales Navigator to identify and approach new business leads.\n\n**Qualifications:**\n- Bachelor\u2019s degree in Business Administration, Economics, or related field.\n- 3-5 years of experience in business development or related fields.\n- Strong proficiency with MS Office Suite and data analysis tools like Stata.\n- Excellent verbal and written communication skills.\n- Ability to multitask and manage multiple projects simultaneously.",
        "macro_dict": {
            "leadership": 48,
            "experience": 44,
            "communication skills": 8
        },
        "micro_dict": {
            "ms excel": 41,
            "linkedin sales navigator": 59
        },
        "additional_info": "Innovate Dynamics Ltd. prioritizes applicants from top-tier universities such as [University X] and [University Y]. Relocation assistance is available for candidates willing to move to Hyderabad. Technical skills are assessed through standardized tests and a series of interviews. Our company encourages diversity and inclusivity in the hiring process.",
        "minimum_requirements": [
            "3-5 years of experience in business development or related fields",
            "Excellent communication skills"
        ],
        "resume": "ABOUT ME\nResults-oriented Sales\nProfessional con\u0000nuing to reach or\nexceed quota and lead\nexpecta\u0000ons by e\ufb00ec\u0000vely\nbuilding rapport, resul\u0000ng in\nincreased market share. Detail-\noriented and me\u0000culously\norganized. Self-mo\u0000vated team\nplayer who is adaptable, energe\u0000c\nand eager to grow the business.\nLANGUAGES\nENGLISH\nURDUWORK EXPERIENCE\nHamburg, Germany\nOct 2021 - PresentResearching, iden\u0000fying and qualifying new sales opportuni\u0000es\nReaching out to poten\u0000al customers and being the \ufb01rst contact\nperson to drive the outbound sales ac\u0000vi\u0000es (phone calls, emails,\nnetworks)\nPreselec\u0000ng and iden\u0000fying decision-makers, demonstra\u0000ng the\nvalue proposi\u0000on and se\u0000ng up demo calls with the sales team\nDeveloping a deep understanding of the customer\u2019s needs and\nworking on the con\u0000nuous op\u0000miza\u0000on of the lead quali\ufb01ca\u0000on\nand customer approach together with the marke\u0000ng team\nWorking together with the Sales Managers mastering the CRM\nsystem (Pipedrive) to report on all important ac\u0000vi\u0000es and\ninsights gathered throughout the whole sales process\nLehi, UT\nJun 2020 - Aug 2021Cold dialing Canada and US states to provide text message\nmarke\u0000ng along with other related features.\nChicago, IL\nSep 2019 - May 2020Cold dialing US and Canada states to provide Social media\nmanagement tool Bringing poten\u0000al customers on the table by\ncrea\u0000ng need of the product, booking demo appointments and\ndeveloping an opportunity for the Account Execu\u0000ves\nLahore, Pakistan\nSep 2018 - Aug 2019B2C\nHandled phone calls and sold cable, phone, internet, and home\nsecurity such as premium channels, and interna\u0000onal calling,\nachieving sales goals and milestones for US home services.\nEDUCATION\nLahore, Pakistan\n2019Majors in Adver\u0000sement and Public Rela\u0000ons\nSKILLS\nSTRONG COMMUNICATION STRATEGIC ACCOUNT DEVELOPEMNET\nLEAD PROSPECTING CUSTOMER HANDLING\nPROJECT MANAGEMENTCONTAINER\nXCHANGESales Development Representa\u0000ve\nPODIUM Sales Development Representa\u0000ve\nSPROUT SOCIAL Sales Devlopment Representa\u0000ve\nIBEX GLOBAL Inbound Sales Execu\u0000ve\nFORMAN CHRISTIAN\nCOLLEGEBachelor of ArtsMARIAM\nHASSAN\nSALES SPECIALISTHouse 20, Block D Gulshan E Lahore.\nLahore, Pakistan, Lahore, 54770,\nPakistan\n+92 335 0622804\nmaryamnaqvi31@gmail.com"
    },
    "details": {
        "name": "Mariam Hassan",
        "number": "923350622804",
        "skills": [
            "Pipedrive",
            "Sales Development",
            "Social Media Management",
            "Text Message Marketing"
        ],
        "email_id": "maryamnaqvi31@gmail.com",
        "location": "Lahore, Pakistan",
        "projects": [],
        "education": [
            {
                "end_date": "06-2019",
                "university": "Forman Christian College",
                "degree_title": "Bachelor of Arts"
            }
        ],
        "achievements": [],
        "publications": [],
        "certifications": [],
        "additional_urls": [
            {
                "url": "linkedin.com/in/mariam-hassan",
                "website_name": "LinkedIn"
            }
        ],
        "executive_summary": "Mariam Hassan is a results-oriented sales specialist with a strong background in sales development and customer handling. She has demonstrated her ability to exceed quotas and effectively build rapport with clients, contributing to increased market share. With experience in various sales roles, she is adept at utilizing CRM systems and optimizing lead qualification processes.",
        "employment_history": [
            {
                "details": "Researching, identifying and qualifying new sales opportunities, reaching out to potential customers, and driving outbound sales activities.",
                "end_date": "Present",
                "location": "Hamburg, Germany",
                "job_title": "Sales Development Representative",
                "start_date": "10-2021",
                "company_name": "Unknown"
            },
            {
                "details": "Cold dialing Canada and US states to provide text message marketing along with other related features.",
                "end_date": "08-2021",
                "location": "Lehi, UT",
                "job_title": "Sales Development Representative",
                "start_date": "06-2020",
                "company_name": "Unknown"
            },
            {
                "details": "Cold dialing US and Canada states to provide social media management tools, booking demo appointments and developing opportunities for Account Executives.",
                "end_date": "05-2020",
                "location": "Chicago, IL",
                "job_title": "Sales Development Representative",
                "start_date": "09-2019",
                "company_name": "Unknown"
            },
            {
                "details": "Handled phone calls and sold cable, phone, internet, and home security services, achieving sales goals for US home services.",
                "end_date": "08-2019",
                "location": "Lahore, Pakistan",
                "job_title": "Inbound Sales Executive",
                "start_date": "09-2018",
                "company_name": "IBEX Global"
            }
        ]
    }
}