{
    "output": {
        "justification": [
            "Leadership: Candidate has been president of the Namal Society for Social Impact, showcasing leadership in organizing events and initiatives.",
            "Relevant Experience: Has experience in managing sales leads and working in sales and marketing roles, but lacks key account management experience.",
            "Sales Management: Although candidate has sales experience, lacks specific mention of managing a large portfolio or using data analysis and forecasting tools extensively."
        ],
        "scores": {
            "macro_scores": [
                {
                    "criteria": "leadership",
                    "score": 7
                },
                {
                    "criteria": "experience",
                    "score": 6
                },
                {
                    "criteria": "strategic thinking",
                    "score": 5
                }
            ],
            "micro_scores": [
                {
                    "criteria": "sales management",
                    "score": 6
                }
            ],
            "requirements": [
                {
                    "criteria": "Experience with CRM and ERP systems such as SAP and Salesforce",
                    "meets": false
                },
                {
                    "criteria": "Proficiency in data analysis and forecasting tools",
                    "meets": false
                },
                {
                    "criteria": "Bachelor's degree in Business Administration or related field",
                    "meets": true
                }
            ],
            "aggregated_scores": {
                "macro_scores": 5.93,
                "micro_scores": 6.0
            }
        },
        "personal_info": {
            "name": "Muhammad Umar Khalid",
            "email": "0303umar@gmail.com",
            "phone": "+92-303-4003301",
            "current_position": "Business Development Executive",
            "current_company": "Innovage.io",
            "employment_start_date_current_company": "07-2022",
            "first_company_start_date": "07-2019",
            "urls": [
                {
                    "website_name": "LinkedIn",
                    "url": "www.linkedin.com/in/umar-khalid125"
                }
            ]
        },
        "valid_resume_and_jd": true
    },
    "input": {
        "job_description": "### Key Account Manager at LuxoTech Solutions\n\n**Location:** Karachi, Pakistan\n\n**Department:** Sales and Marketing\n\n**Reports to:** Director of Sales\n\n**Role Overview:**\nJoin LuxoTech Solutions as a Key Account Manager where you will be responsible for managing major accounts in the Retail & Hospitality segments across Pakistan. You will drive sales growth by managing existing accounts and developing strategies for new accounts. Your role will involve coordinating with cross-functional teams, analyzing market trends, and leading initiatives to meet revenue targets.\n\n#### Responsibilities:\n- Manage a portfolio of 15+ key accounts, comprising both end-users and channel partners.\n- Drive expansion into new market segments by identifying and engaging with potential leads.\n- Develop and execute account management strategies to achieve 110% target attainment in revenue.\n- Utilize data analysis tools such as Power BI to assess market trends and generate insights.\n- Coordinate with internal teams including marketing and operations to ensure strategic alignment.\n- Lead contract negotiations and manage pricing strategies to optimize profitability.\n- Report on account performance and market opportunities to senior management regularly.\n\n#### Essential Skills:\n- Strong leadership and stakeholder management skills.\n- Proficiency in data analysis and forecasting to inform decision-making.\n- Experience with tools such as Salesforce, Vistex, and SAP ERP for managing sales functions.\n- Excellent communication skills for client interactions and internal collaborations.\n\n#### Qualifications:\n- Master's degree preferred; Bachelor's degree in Business Administration or related field is required.\n- 5+ years of experience in sales management or business development, with a focus on key account management.\n- Demonstrated success in growing accounts and achieving revenue targets.\n\n#### Benefits:\n- Competitive salary with performance bonuses.\n- Professional development opportunities and access to industry seminars.\n- Flexible working hours.",
        "macro_dict": {
            "leadership": 41,
            "experience": 11,
            "strategic thinking": 48
        },
        "micro_dict": {
            "sales management": 100
        },
        "additional_info": "LuxoTech Solutions values diversity and seeks candidates from a variety of backgrounds and experiences. Preferred institutions include the Institute of Business Administration, Karachi, and FAST NUCES. The company supports hybrid work arrangements and offers relocation assistance for exceptional candidates. Skills are assessed through a combination of technical tests, case studies, and structured interviews with panel members from various departments.",
        "minimum_requirements": [
            "Experience with CRM and ERP systems such as SAP and Salesforce",
            "Proficiency in data analysis and forecasting tools",
            "Bachelor's degree in Business Administration or related field"
        ],
        "resume": "Namal University, Mianwali  \n MUHAMMAD  UMAR  KHALID           \n \nContact:  +92-303-4003301 | E-Mail:  0303umar@gmail.com  \nAddress:  House# 324, Islam Nagar, Bahawalnagar  \nLinkedIn:  www.linkedin.com/in/umar -khalid125  \n \n AREAS OF EXPERTISE   \n \nDedicated and innovative with related education, practicum, and experience to achieve  to long -range operational objectives in a \ngrowing industry and equally challenging industry  \n\uf0f7Business Development  \uf0f7Marketing Analysis  \uf0f7Business Management \uf0f7Customer Relationship Management \uf0f7Social \nMedia Marketing\uf0f7Digital Marketing  \uf0f7Marketing Strategy \uf0f7Advertising \uf0f7Human Resource Management \uf0f7Punctuality & \nTimekeeping \uf0f7 Problem Solving \uf0f7Communication Skills \uf0f7 Leadership Skills  \n \n \n \n \n PROFESSIONAL ABRIDGEMENT   \n \nDynamic and result oriented professional with hands on experience in Marketing and Human Resource Organizations , \nhaving excellent leadership, communication  & management skills. A team player seeking to expand knowledge and \nenhance skills. Passionate about business and motivated to drive that passion in helping the concerned organizations to \nflourish and prosper.  \n ACADEMIC BRIEF   \nBachelor of Business Administration                                                                                                                                                 2018 \u2013 2022  \nMajor (Marketing)  \nMinor ( Human Resource Management , Financial Accounting)  \nNamal University , Mianwali  \nCGPA: 3. 2/4 \n \n EXPERIENCE   \nInnovage.io  July  2022-Current  \nBusiness Development  Executive  \n\uf034 Using networks and online research, identify and qualify new sales leads.  \n\uf034 Follow up on any sales leads, clearly providing pertinent facts.  \n\uf034 Cold Calls and Emails to build and maintain strong connections with new and existing partners.  \n\uf034 Attend conferences, meetings, and industry events on behalf of the company  \nGaoTek, inc.  Aug 2020 to Nov 2020  \nHR Intern  \n\uf034 Administered the hiring process of candidates for different company profiles, starting from job posting to candidate \nscreening and communication with the candidate and concerned department.  \nThe Coca Cola Company, inc.  Sep 2021 to Oct 2021  \nSales & Marketing Intern  \n\uf034 Contributes information, ideas, and research to help develop marketing strategies. Helps to detail, design, and \nimplement marketing plans for each product or se rvice being offered.  \n \n PAGE | 2 \n \nNamal University, Mianwali  \n Descon Engineering Ltd.  Jul 2019 to Aug 2019  \nHR Operations  \n          \n\uf034 Reporting on SAP  \n\uf034 Updating employee absence records, filing HR documents, accordingly, initiating background checks on shortlisted \ncandidates, and providing suitable recommendations to improve HR policies.  \nTraining and Development Center  \n\uf034  Acting as a focal person  for any T&D related queries, liaising with the rest of the HR team as required.  \n \n\uf034 Moove: A startup to provide extensive services of study tourism, aesthetic,  and recreational tourism , we successfully \nmanaged to arrange recreational trips for the students of Namal  University  to visit tourist attractions in the surroundings \nof Namal.  \n\uf034 Founder of \u201cDairy Delicious\u201d, an online dairy startup where organic dairy products are sold online with an efficient and \nquality ensured delivery system  \n TECHNICAL PROFICIENCIES   \nTools  MS Word, MS Excel, MS PowerPoint, MS Project Management, Tableau  \n \n\uf034   President, Namal Society for Social Impact               Oct  2020 to April  2022  \n1. Blood donation drive  \n2. Emergency medical trainings e.g.,  CPR, fire extensions, first aid etc.  \n3. Free education to local school children  \n4. Voice of Change Competitions (Local inter college competitions)  \n5. Cultural Fest & Qawali Night 2022  \n \n\uf034 Volunteer , \u201cSarsab az Bahawalnagar Green Environment Campaign\u201d.  \n\uf034 Runner up,  District level Basketball  Tournament.  \n \n \n \n\u2713 Social Work  \n\u2713 Travelling  \n\u2713 Hiking   \n\u2713 Trekking  \n\u2713 Mount ain Climbing  \n\u2713 Photography (Nature, Landscapes)  \n\u2713 Basketball (District level runner up)   KEY PROJECTS   \n NAMAL STUDENT SOCIETY ENDEAVORS    \n ACTIVITIES OF PERSONAL INTEREST    PAGE | 3 \n \nNamal University, Mianwali  \n \u2713 Badminton  \n\u2713 Cycling  \n\u2713 Quiz Competition (College level)  \n \n \n \n\u2192 To be Provided on Demand   REFERENCES   "
    },
    "details": {
        "name": "MUHAMMAD UMAR KHALID",
        "number": "923034003301",
        "skills": [
            "MS Word",
            "MS Excel",
            "MS PowerPoint",
            "MS Project Management",
            "Tableau"
        ],
        "email_id": "0303umar@gmail.com",
        "location": "House# 324, Islam Nagar, Bahawalnagar",
        "projects": [
            {
                "title": "Moove",
                "description": "A startup to provide extensive services of study tourism, aesthetic, and recreational tourism."
            },
            {
                "title": "Dairy Delicious",
                "description": "An online dairy startup where organic dairy products are sold online."
            }
        ],
        "education": [
            {
                "end_date": "06-2022",
                "university": "Namal University, Mianwali",
                "degree_title": "Bachelor of Business Administration"
            }
        ],
        "achievements": [
            "Runner up, District level Basketball Tournament",
            "Voice of Change Competitions (Local inter college competitions)"
        ],
        "publications": [],
        "certifications": [],
        "additional_urls": [
            {
                "url": "linkedin.com/in/umar-khalid125",
                "website_name": "LinkedIn"
            }
        ],
        "executive_summary": "Muhammad Umar Khalid is a dedicated and innovative professional with a Bachelor of Business Administration, specializing in Marketing. He has hands-on experience in business development and human resources, demonstrating strong technical skills in various software tools. Umar is passionate about driving business success and has a proven track record of achievements in competitive environments.",
        "employment_history": [
            {
                "details": "Using networks and online research, identify and qualify new sales leads. Follow up on any sales leads, clearly providing pertinent facts. Cold Calls and Emails to build and maintain strong connections with new and existing partners. Attend conferences, meetings, and industry events on behalf of the company.",
                "end_date": "Current",
                "location": "",
                "job_title": "Business Development Executive",
                "start_date": "07-2022",
                "company_name": "Innovage.io"
            },
            {
                "details": "Administered the hiring process of candidates for different company profiles, starting from job posting to candidate screening and communication with the candidate and concerned department.",
                "end_date": "11-2020",
                "location": "",
                "job_title": "HR Intern",
                "start_date": "08-2020",
                "company_name": "GaoTek, inc."
            },
            {
                "details": "Contributes information, ideas, and research to help develop marketing strategies. Helps to detail, design, and implement marketing plans for each product or service being offered.",
                "end_date": "10-2021",
                "location": "",
                "job_title": "Sales & Marketing Intern",
                "start_date": "09-2021",
                "company_name": "The Coca Cola Company, inc."
            },
            {
                "details": "Reporting on SAP. Updating employee absence records, filing HR documents, accordingly, initiating background checks on shortlisted candidates, and providing suitable recommendations to improve HR policies.",
                "end_date": "08-2019",
                "location": "",
                "job_title": "HR Operations",
                "start_date": "07-2019",
                "company_name": "Descon Engineering Ltd."
            }
        ]
    }
}