{
    "output": {
        "justification": [
            "The candidate has held several positions in relationship and client management across various organizations, contributing to decent relevant experience. However, the lack of direct SEO and PPC related roles impacts the macro relevant experience score.",
            "The candidate has led projects and managed tasks, indicating leadership capability, but there are limited explicit examples of leading large teams or strategic initiatives.",
            "The resume indicates a background in developing customer relationships and guidelines for meeting sales targets, satisfying the job requirement of client management and engagement.",
            "Specific digital marketing and market analysis skills like SEO strategies have not been clearly showcased, reducing the score for those areas."
        ],
        "scores": {
            "macro_scores": [
                {
                    "criteria": "leadership",
                    "score": 6
                },
                {
                    "criteria": "experience",
                    "score": 6
                },
                {
                    "criteria": "client relationship management",
                    "score": 8
                }
            ],
            "micro_scores": [
                {
                    "criteria": "seo strategy development",
                    "score": 3
                },
                {
                    "criteria": "team management",
                    "score": 5
                },
                {
                    "criteria": "ppc campaigns",
                    "score": 2
                },
                {
                    "criteria": "market analysis",
                    "score": 4
                }
            ],
            "requirements": [
                {
                    "criteria": "Proven track record in sales and client relationship management",
                    "meets": true
                },
                {
                    "criteria": "Strong analytical and strategic thinking skills",
                    "meets": false
                }
            ],
            "aggregated_scores": {
                "macro_scores": 7.32,
                "micro_scores": 3.8
            }
        },
        "personal_info": {
            "name": "Muhammad Shoaib Ameen",
            "email": "shoaibameen007@gmail.com",
            "phone": "0334-3237007",
            "current_position": "Project Manager",
            "current_company": "Zameen.com",
            "employment_start_date_current_company": "03-2021",
            "first_company_start_date": "01-2012",
            "urls": []
        },
        "valid_resume_and_jd": true
    },
    "input": {
        "job_description": "## Job Title: Sales and SEO Management Specialist  \n\n### Location: Lahore, Pakistan  \n\n### Company: Innovate Digital Solutions Inc.  \n\n### Job Summary:  \nJoin Innovate Digital Solutions Inc. as a Sales and SEO Management Specialist. You will be part of a dynamic team responsible for driving client engagement and ensuring optimal performance in digital marketing strategies. Your role will include managing client relationships, improving SEO strategies, and leading your team to achieve sales targets.  \n\n### Key Responsibilities:  \n- Proactively engage with prospective clients to understand their business needs and provide innovative solutions.  \n- Design and execute SEO strategies in alignment with client\u2019s marketing objectives.  \n- Manage and optimize PPC campaigns to maximize ROI and brand visibility.  \n- Develop and maintain strong client relationships through tailored marketing solutions.  \n- Lead a team to achieve and surpass sales targets while providing exceptional customer service.  \n- Analyze market trends and algorithms to tailor SEO strategies accordingly.  \n- Produce reports that track progress and measure success against KPIs.  \n\n### Ideal Candidate Profile:  \nYou are a skilled sales and marketing professional with strong analytical skills suited to identifying and executing SEO opportunities. You excel at client interactions, possessing the ability to transform potential leads into satisfied clients through strategic and well-executed marketing initiatives. Leadership and team management skills will be pivotal to drive sales and motivate your team.  \n\n### Benefits:  \n- Competitive salary package  \n- Health and wellness benefits  \n- Performance bonuses  \n- Opportunities for career advancement  \n\nJoin us to redefine digital engagement and lead market strategies with agility and innovation.",
        "macro_dict": {
            "leadership": 28,
            "experience": 6,
            "client relationship management": 66
        },
        "micro_dict": {
            "seo strategy development": 30,
            "team management": 36,
            "ppc campaigns": 13,
            "market analysis": 21
        },
        "additional_info": "Innovate Digital Solutions Inc. prefers candidates from reputable institutions such as [University of Lahore], [Punjab University]. Remote work options are available subject to roles and responsibilities. We assess skills through a combination of technical tests, interviews, and real-world problem-solving scenarios to gauge practical competency in strategic marketing contexts.",
        "minimum_requirements": [
            "Proven track record in sales and client relationship management",
            "Strong analytical and strategic thinking skills"
        ],
        "resume": "SKILLS  \n \n \n \n \n \n \n \n \n \n \n \n \n \n \n \n \n \n \n \n \n \n \nResume  created  on \nMuhammad  Shoaib  Ameen  \n \nEmail:  shoaibameen007@gmail.com  \nAddress:  House.No.175,  Street  # 4, Ahmed -Ave, Lahore  \nDate of Birth:  28-10-1991  \nCell:  0334 -3237007  \nEXPERIENCE  \nProject Manager  \nZameen.com since from March 2021  \nRelationship  Manager  \nAskari  Bank  Ltd. \u2013 February  2020  to \nDecember  31st 2020  \nBuilding  positive  relationships  with customers  \nPromote  the company\u2019s products/services addressing  or predicting  \nclients\u2019  objectives  \nKeep records of sales, revenue, invoices etc.  \nProvide  trustworthy  feedback  and after-sales  support  \nAssisting with generating new business Identifying opportunities for greater  \nprofits  \nRelationship  Manager  \nFaysal  Bank  Ltd. - September  2017  to February  2020  \nDevelop  a growth  strategy  focused  both on financial  gain and customer  \nsatisfaction  \nConduct  research  to identify  new markets  and customer  needs  \nArrange  business  meetings  with prospective clients  \nPromote  the company\u2019s  products/services  addressing  or predicting  \nclients\u2019  objectives  \nKeep  records  of sales,  revenue,  invoices  etc. \nProvide  trustworthy  feedback  and after-sales  support  \n \nBusiness  Development  Officer  \nMeezan  Bank  Ltd. - February  2015  to September  2017  \nBuilding positive relationships with customers  \nAssisting with generating new business  \nIdentifying  opportunities  for greater  profits  \n \nAccounts  Officer  \nCibro  Agencies  - March  2014  to February  2015  \nHandle  accounts  payable  and receivable  \nMaintain  records  of business  costs,  such  as labor  and material  \nCheck invoices for inaccuracies  \n \nAccounts  Officer  \nSorcim  Technologies  - January  2012  to December  2013  \nAdminister all accounts and budgets for various departments, perform  \naudits  on tax and prepare  reports  for SEC.  \nCollaborate  with accounting  and finance  team  and prepare  financial  \nstatements  on a monthly  basis.   \nEDUCATION  \nB.Com  \nBahauddin  Zakariya  University,  Multan  \nOctober  2009  to November  2011  \n \nD.Com  \nGovernment  College  of Commerce  \nSeptember  2007  to October  2009  \n \nMatriculation  \nGeneration  secondary  School  \nMarch  2006  to April 2007  \n \n \n \n \n \nLanguages  \nEnglish  \nUrdu  \nPunjabi  "
    },
    "details": {
        "name": "Muhammad Shoaib Ameen",
        "number": "03343237007",
        "skills": [],
        "email_id": "shoaibameen007@gmail.com",
        "location": "House.No.175, Street # 4, Ahmed -Ave, Lahore",
        "projects": [],
        "education": [
            {
                "end_date": "11-2011",
                "university": "Bahauddin Zakariya University, Multan",
                "degree_title": "B.Com"
            },
            {
                "end_date": "10-2009",
                "university": "Government College of Commerce",
                "degree_title": "D.Com"
            },
            {
                "end_date": "04-2007",
                "university": "Generation secondary School",
                "degree_title": "Matriculation"
            }
        ],
        "achievements": [],
        "publications": [],
        "certifications": [],
        "additional_urls": [],
        "executive_summary": "Muhammad Shoaib Ameen is a dedicated professional with extensive experience in project and relationship management across various sectors, demonstrating a strong commitment to building positive client relationships and driving business growth.",
        "employment_history": [
            {
                "details": "Building positive relationships with customers, promoting the company\u2019s products/services, keeping records of sales, revenue, invoices, and providing after-sales support.",
                "end_date": "Ongoing",
                "location": "",
                "job_title": "Project Manager",
                "start_date": "03-2021",
                "company_name": "Zameen.com"
            },
            {
                "details": "Developing a growth strategy focused on financial gain and customer satisfaction, conducting research to identify new markets, and arranging business meetings with prospective clients.",
                "end_date": "12-2020",
                "location": "",
                "job_title": "Relationship Manager",
                "start_date": "02-2020",
                "company_name": "Askari Bank Ltd."
            },
            {
                "details": "Conducting research to identify new markets and customer needs, promoting the company\u2019s products/services, and providing after-sales support.",
                "end_date": "02-2020",
                "location": "",
                "job_title": "Relationship Manager",
                "start_date": "09-2017",
                "company_name": "Faysal Bank Ltd."
            },
            {
                "details": "Building positive relationships with customers and assisting with generating new business.",
                "end_date": "09-2017",
                "location": "",
                "job_title": "Business Development Officer",
                "start_date": "02-2015",
                "company_name": "Meezan Bank Ltd."
            },
            {
                "details": "Handling accounts payable and receivable, maintaining records of business costs, and checking invoices for inaccuracies.",
                "end_date": "02-2015",
                "location": "",
                "job_title": "Accounts Officer",
                "start_date": "03-2014",
                "company_name": "Cibro Agencies"
            },
            {
                "details": "Administering all accounts and budgets for various departments, performing audits on tax, and preparing reports for SEC.",
                "end_date": "12-2013",
                "location": "",
                "job_title": "Accounts Officer",
                "start_date": "01-2012",
                "company_name": "Sorcim Technologies"
            }
        ]
    }
}