{
    "output": {
        "justification": [
            "Candidate has over 3 years of experience in business development roles, but lacks a degree from a top-tier university as per company priority.",
            "Demonstrates leadership in roles as Business Development Executive but lacks explicit leadership activities or initiatives.",
            "The candidate has experience using project management tools but does not mention proficiency in MS Office Suite or Stata.",
            "LinkedIn URL is provided, indicating some digital marketing engagement using professional networks."
        ],
        "scores": {
            "macro_scores": [
                {
                    "criteria": "experience",
                    "score": 7
                }
            ],
            "micro_scores": [
                {
                    "criteria": "ms word",
                    "score": 5
                },
                {
                    "criteria": "stata",
                    "score": 4
                },
                {
                    "criteria": "linkedin sales navigator",
                    "score": 7
                }
            ],
            "requirements": [
                {
                    "criteria": "Proficiency in MS Office Suite and data analysis tools",
                    "meets": false
                },
                {
                    "criteria": "Excellent communication skills",
                    "meets": true
                },
                {
                    "criteria": "3-5 years of experience in business development or related fields",
                    "meets": true
                }
            ],
            "aggregated_scores": {
                "macro_scores": 7.0,
                "micro_scores": 5.140000000000001
            }
        },
        "personal_info": {
            "name": "Muhammad Talha",
            "email": "ch.taiha786786@gmail.com",
            "phone": "+92348-8715969",
            "current_position": "Senior Business Development Executive",
            "current_company": "Tsoftek",
            "employment_start_date_current_company": "08-2021",
            "first_company_start_date": "12-2020",
            "urls": [
                {
                    "website_name": "LinkedIn",
                    "url": "www.linkedin.com/in/ch-talha"
                }
            ]
        },
        "valid_resume_and_jd": true
    },
    "input": {
        "job_description": "### Business Development Executive\n\n**Company:** Innovate Dynamics Ltd.\n\n**Location:** Hyderabad, India\n\n**Role Overview:**\nJoin Innovate Dynamics Ltd. as a Business Development Executive, where you will play a pivotal role in driving business growth by generating leads and managing key client accounts. Leverage your expertise in economic analysis and marketing strategies to enhance our market presence and build strong client relationships.\n\n**Responsibilities:**\n- Develop and execute comprehensive business development plans to achieve company objectives.\n- Identify and engage prospective clients across diverse niches, including software development and outsourcing.\n- Manage and grow relationships with key accounts to drive long-term success.\n- Utilize digital marketing strategies to boost client engagement and retention.\n- Collaborate with cross-functional teams to develop tailored client solutions.\n- Utilize LinkedIn Sales Navigator to identify and approach new business leads.\n\n**Qualifications:**\n- Bachelor\u2019s degree in Business Administration, Economics, or related field.\n- 3-5 years of experience in business development or related fields.\n- Strong proficiency with MS Office Suite and data analysis tools like Stata.\n- Excellent verbal and written communication skills.\n- Ability to multitask and manage multiple projects simultaneously.",
        "macro_dict": {
            "experience": 100
        },
        "micro_dict": {
            "ms word": 90,
            "stata": 2,
            "linkedin sales navigator": 8
        },
        "additional_info": "Innovate Dynamics Ltd. prioritizes applicants from top-tier universities such as [University X] and [University Y]. Relocation assistance is available for candidates willing to move to Hyderabad. Technical skills are assessed through standardized tests and a series of interviews. Our company encourages diversity and inclusivity in the hiring process.",
        "minimum_requirements": [
            "Proficiency in MS Office Suite and data analysis tools",
            "Excellent communication skills",
            "3-5 years of experience in business development or related fields"
        ],
        "resume": "Muhammad Talha\n Business Development Executive\nAbout Me\nProfessional ExperienceTo build a career in a growing organization, where I can\nget the opportunities to prove my abilities by\naccepting challenges, fulfilling the organizational goal,\nand climbing the career ladder through continuous\nlearning and commitment. I'm committed to my\nlearning and work, both in a team and independently,\nand to help improve a company's growth through the\nnew ideas.\nHard Skill\nBusiness Development\nProposal Writing \nSales & Retails\nSolid understanding of the web\nand app development life cycle\nTesting\nProject coordination\nProject management tools (Trello, Jira,\nand Click-up).\nSoft Skill\nObservation\nDecision making\nCommunication\nSelf Motivation \nFast-Learner\nMulti-tasking\nTeamwork\nEducation Background\nUniversity of Sargodha (Sargodha) \n BSIT(Bachelor of Science in Computer\nScience)\nAttended from Sept. 2016 to June 2020\nSuperior College - Dipalpur \nICS (Intermediate in Computer\nScience.)\nAttended from Sept. 2014 to 2016My Contact\n ch.taIha786786@gmaiI.com\nGulburg III-Lahore+92348-8715969\nwww.linkedin.com/in/ch-talha\nTsoftek| Senior Business Development Executive\nBitsclan IT Solutions LLC| Business Development\nOfficer 2021  AUG\u2013 Present\n2020 Dec - 2021 JulyKey responsibilities:\nResponsible for generating sales and driving short- and\nlong-term revenue and profit growth through prospecting,\nacquisition, development, and\nexpansion of customer opportunities. Developing long-\nlasting customer relationships and gather referrals with\nboth new and current accounts.\nIdentifying new sales leads \nPitching products and/or services\nMaintaining fruitful relationships with existing customers \nContacting potential clients via email or phone to\nestablish rapport and set up meetings \nPlanning and overseeing new marketing initiatives \nAttending conferences, meetings, and industry\nevents.\nManaging Company Profiles (Upwork, Freelancer\nand Fiver).\nKey responsibilities:\nDeveloped and implemented different business strategies &\nsolutions based on client requirements\nEstablish good relationships with existing clients.\nStrong analytical skills with a passion for quality work\nGenerate Business to the company Via different Platforms\n(Online/Referrals).\nWork with different platforms like (Upwork, Fiverr, People Per Hour,\nLinkedin, and Freelancer)\nDevelop business proposals for new and existing clients. \nBidding, Content Writing, Email Marketing. "
    },
    "details": {
        "name": "Muhammad Talha",
        "number": "923488715969",
        "skills": [
            "Business Development",
            "Proposal Writing",
            "Sales & Retails",
            "Web Development Life Cycle",
            "Testing",
            "Project Coordination",
            "Trello",
            "Jira",
            "Click-up"
        ],
        "email_id": "ch.talha786786@gmail.com",
        "location": "Gulburg III-Lahore",
        "projects": [],
        "education": [
            {
                "end_date": "06-2020",
                "university": "University of Sargodha",
                "degree_title": "BSIT (Bachelor of Science in Computer Science)"
            },
            {
                "end_date": "06-2016",
                "university": "Superior College - Dipalpur",
                "degree_title": "ICS (Intermediate in Computer Science)"
            }
        ],
        "achievements": [],
        "publications": [],
        "certifications": [],
        "additional_urls": [
            {
                "url": "linkedin.com/in/ch-talha",
                "website_name": "LinkedIn"
            }
        ],
        "executive_summary": "Muhammad Talha is a dedicated Business Development Executive with a strong background in generating sales and driving revenue growth. He possesses a solid understanding of the web and app development life cycle, along with proficiency in project management tools. Talha is committed to building long-lasting customer relationships and developing effective business strategies.",
        "employment_history": [
            {
                "details": "Responsible for generating sales and driving short- and long-term revenue and profit growth through prospecting, acquisition, development, and expansion of customer opportunities. Developing long-lasting customer relationships and gather referrals with both new and current accounts. Identifying new sales leads, pitching products and/or services, maintaining fruitful relationships with existing customers, contacting potential clients via email or phone to establish rapport and set up meetings, planning and overseeing new marketing initiatives, attending conferences, meetings, and industry events, managing Company Profiles (Upwork, Freelancer and Fiverr).",
                "end_date": "08-2023",
                "location": "",
                "job_title": "Senior Business Development Executive",
                "start_date": "12-2021",
                "company_name": "Tsoftek"
            },
            {
                "details": "Developed and implemented different business strategies & solutions based on client requirements. Established good relationships with existing clients. Generated business to the company via different platforms (Online/Referrals). Worked with different platforms like Upwork, Fiverr, People Per Hour, LinkedIn, and Freelancer. Developed business proposals for new and existing clients. Bidding, Content Writing, Email Marketing.",
                "end_date": "07-2021",
                "location": "",
                "job_title": "Business Development Officer",
                "start_date": "12-2020",
                "company_name": "Bitsclan IT Solutions LLC"
            }
        ]
    }
}