{
    "output": {
        "justification": [
            "Candidate has 8 years of experience in sales and business management, which closely aligns with the role's requirement of 5+ years in business development or sales management.",
            "Proficiency in various CRM tools is mentioned, including Monday.com and Propforce, but specific mention of Salesforce or HubSpot is missing.",
            "The candidate holds a Bachelor's degree in Business Administration, meeting the educational requirement.",
            "Demonstrated strategic planning skills through experience in developing sales and customer relationship management strategies."
        ],
        "scores": {
            "macro_scores": [
                {
                    "criteria": "experience",
                    "score": 9
                },
                {
                    "criteria": "strategic planning",
                    "score": 8
                }
            ],
            "micro_scores": [
                {
                    "criteria": "digital marketing",
                    "score": 6
                }
            ],
            "requirements": [
                {
                    "criteria": "5+ years of experience in business development or sales management",
                    "meets": true
                },
                {
                    "criteria": "Proficiency in CRM tools like Salesforce or HubSpot",
                    "meets": false
                },
                {
                    "criteria": "Bachelor's degree in Business Administration or related field",
                    "meets": true
                },
                {
                    "criteria": "Strong analytical and strategic planning skills",
                    "meets": true
                }
            ],
            "aggregated_scores": {
                "macro_scores": 8.45,
                "micro_scores": 6.0
            }
        },
        "personal_info": {
            "name": "Sultan Mouzam Chughtai",
            "email": "sultanmouzam@yahoo.com",
            "phone": "+923074234065",
            "current_position": "Sales Manager",
            "current_company": "Star Sterling",
            "employment_start_date_current_company": "01-2022",
            "first_company_start_date": "01-2013",
            "urls": [
                {
                    "website_name": "LinkedIn",
                    "url": "https://www.linkedin.com/in/sultanchughtaiali/"
                }
            ]
        },
        "valid_resume_and_jd": true
    },
    "input": {
        "job_description": "**Title: Business Development Manager**  \n\n**Company: MarketPros Enterprises**  \n\n**Location: Remote with potential travel to client locations**  \n\n**About Us:**  \nMarketPros Enterprises is a leading global provider of innovative business solutions with the aim of maximizing brand growth. We work with diverse industries to enhance their sales infrastructure and provide unparalleled customer engagement strategies.  \n\n**Role Overview:**  \nAs a Business Development Manager at MarketPros Enterprises, you will be responsible for leading strategic initiatives that drive business growth, increase market share, and strengthen client relationships. You will manage cross-functional teams to implement sales strategies, harness market insights, and drive brand expansion.  \n\n**Key Responsibilities:**  \n- Develop and implement comprehensive business strategies to enhance revenue growth.  \n- Lead a team in executing marketing campaigns and optimizing sales pipelines.  \n- Utilize data analytics tools to produce actionable insights improving overall performance.  \n- Conduct market research to identify industry trends and new business opportunities.  \n- Engage with potential clients via presentations and foster long-term relationships.  \n- Manage CRM systems (Salesforce, HubSpot) to streamline operations and enhance productivity.  \n\n**Preferred Skills:**  \n- Proficiency in strategic planning and market analysis.  \n- Strong leadership skills with proven experience in team development.  \n- Advanced knowledge of CRM software and digital marketing tools.  \n- Excellent communication and negotiation skills.  \n\nJoin us to push the boundaries of business innovation and help us achieve our expansion goals.  \n",
        "macro_dict": {
            "experience": 45,
            "strategic planning": 55
        },
        "micro_dict": {
            "digital marketing": 100
        },
        "additional_info": "MarketPros Enterprises values diversity in hiring and encourages applications from seasoned business professionals with varied backgrounds. Preferred universities include Ivy League institutions and top business schools. We offer relocation benefits for exceptional candidates and facilitate remote working arrangements. Technical and strategic competencies are assessed through a mix of psychometric evaluations and case study interviews.",
        "minimum_requirements": [
            "5+ years of experience in business development or sales management",
            "Proficiency in CRM tools like Salesforce or HubSpot",
            "Bachelor's degree in Business Administration or related field",
            "Strong analytical and strategic planning skills"
        ],
        "resume": "SULTAN MOUZAM\nCHUGHTAI \nB2B|B2C SALES & MARKETING\n|BUSINESS DEVELOPER\nOBJECTIVE\nResult oriented professional with 8 years of experience in Sales, Customer Services and\nBusiness Development with organizations & Corporates. Develop strategies in creating\nSales plan & resolving problems. Enthusiastic in Developing and administering the\nCustomer relationships and Team performance.\nWORK EXPERIENCE\nSKILLSCONTACT\nSales Manager / Star Sterling \n\u25cfDeveloped and maintained good   relationships with Estate agents for continuous Business.\n\u25cfMonitored  & recommended Improvement in Sales plans to achieve all key business\nobjectives.\n\u25cf Maintaining an efficient relationship with Directors & Customers.\n\u25cf I have excellent grip in onboarding   resources for the required projects and objectives.\n\u25cf I have gained optimum results in Market handling.\n\u25cf Built the high performing team to sustainably deliver the business plans.\n\u25cf Provided proactive support to customers, to drive high levels of customer satisfaction,\ndeep engagement, and mutual success.\n\u25cf Analyzing sales KPIs and taking productive actions.\n\u25cf Administer sales pipeline and improve opportunities for sales.\n\u25cfDeveloped processes on CRM   and have mastered Monday.com.\n\u25cfEfficient command on MS Office specificall y MS Word, Excel, Powerpoint, Google docs,\nGoogle drive.\n \ndjJanuary 2022 - Present\nAssistant Manager Business Sales / Zameen.com\nAchieved 96%   monthly targets at an average.\nClosed Sales of 110 million PKR and generated the revenue of 13 million for\nzameen.com\nMy biggest sale was about 23 million in the month of July.\nI have trained a team of 6 BDO's & managed 30 projects in Lahore.\nGot promoted within 6 months from BDA to AMBD\nManaged Propforce CRM on a daily basisMarch 2020 - November 2021+923074234065\nsultanmouzam@yahoo.com\nhttps://www.linkedin.com/i\nn/sultanchughtaiali/\nLahore, Pakistan\n\u25cf      Leadership and Management\n\u25cf      Emotional Intelligence\n\u25cf      Business Intelligence\n\u25cf      Communication & Negotiations\n\u25cf      Entrepreneurial spirit\n\u25cf      Training and mentoring\n\u25cf      Team Player Attitude\n\u25cf       Work Ethic\n\u25cf       Strategy Development\n\u25cf       Active Listening\nCustomer Service Representative / Mindbridge\nJanuary 2019 - November 2019\nWorked on International Campaign (Uber Eats - EMEA Region).\nResponded to 60 calls and tickets per day on average.\nWorked on Zendesk for help desk management system.\nConsistently Improved customer satisfaction through expert resolution of conflicts, Issues\nand concerns..EDUCATION\nMBA / Master of Business Administration CGPA 3.03Owner & Fitness Instructor / Platinum Gym\nJuly 2014 - November 2018\nStarted from core and within 6 month's tool the business to the Summit.\nAfter 1 year business grew up to 20 % in-terms of net profit.\nIntroduced multiple training sessions & maintained average customers of 200 per month.\nAt the time of business liquidation earning was 50 % in terms of net profit.\nCustomer Service Representative / Mindbridge Pvt LTD\nJanuary 2013 - Feburary 2014\nWorked on 5 Projects at the same time i.e. Simple Mobile, T-Mobile, Faveriotel & Shah\nTel.\nUsed to manage their CRM to answer client queries.\nGive Accurate and appro priate information to answer questions, troubleshoot issues, and\nresolve complaints.\nAchieved 96% of customer satisfaction rating.\nAchieved and maintained 97 % of customer satisfaction rating.\nDeveloped highly empathetic client relationships and earned reputation for delivering\nexceptional customer service.\nUniversity of Central Punjab 2017 - 2019\nUniversity of South Asia 2012 - 2016\nBBA / Bachelors in Business Administration CGPA 3.44\nACTIVITIES\n\u25cf  Volunteered at Sunshine Rising school as Admin Executive  \n\u25cf  IELTS with 7 Band over all\n\u25cf  Duolingo English testEnglish\nUrdu\nArabic\nPunjabiBUSINESS TOOLS\nSales Force \nPipe Drive \nMonday.com \nBitrix 24\nPipelinepro \nPropforce\nConnecteams\nRingCentral \nZendesk\nGoogle Docs\nLANGUAGE'SLANGUAGE'S\nINTO Common Purpose Leadership course 2010 - 2011\nManchester United kingdom "
    },
    "details": {
        "name": "Sultan Mouzam Chughtai",
        "number": "923074234065",
        "skills": [
            "CRM",
            "Monday.com",
            "MS Office",
            "Google Docs",
            "Sales Force",
            "Pipe Drive",
            "Bitrix 24",
            "Pipelinepro",
            "Propforce",
            "Connecteams",
            "RingCentral",
            "Zendesk"
        ],
        "email_id": "sultanmouzam@yahoo.com",
        "location": "Lahore, Pakistan",
        "projects": [],
        "education": [
            {
                "end_date": "11-2018",
                "university": "University of Central Punjab",
                "degree_title": "MBA / Master of Business Administration"
            },
            {
                "end_date": "06-2016",
                "university": "University of South Asia",
                "degree_title": "BBA / Bachelors in Business Administration"
            }
        ],
        "achievements": [
            "Achieved 96% monthly targets at Zameen.com",
            "Closed Sales of 110 million PKR and generated revenue of 13 million for Zameen.com",
            "Promoted within 6 months from BDA to AMBD at Zameen.com",
            "Achieved 96% customer satisfaction rating at Mindbridge"
        ],
        "publications": [],
        "certifications": [],
        "additional_urls": [
            {
                "url": "linkedin.com/in/sultanchughtaiali/",
                "website_name": "LinkedIn"
            }
        ],
        "executive_summary": "Sultan Mouzam Chughtai is a results-oriented professional with 8 years of experience in sales, customer services, and business development. He has a proven track record of achieving sales targets and developing strong customer relationships, demonstrating expertise in various CRM tools and sales strategies.",
        "employment_history": [
            {
                "details": "Developed and maintained good relationships with estate agents for continuous business. Monitored and recommended improvements in sales plans to achieve key business objectives. Provided proactive support to customers, driving high levels of customer satisfaction.",
                "end_date": "Present",
                "location": "Star Sterling",
                "job_title": "Sales Manager",
                "start_date": "01-2022",
                "company_name": "Star Sterling"
            },
            {
                "details": "Achieved 96% monthly targets at an average. Closed sales of 110 million PKR and generated revenue of 13 million. Managed Propforce CRM on a daily basis.",
                "end_date": "11-2021",
                "location": "Zameen.com",
                "job_title": "Assistant Manager Business Sales",
                "start_date": "03-2020",
                "company_name": "Zameen.com"
            },
            {
                "details": "Worked on international campaigns (Uber Eats - EMEA Region). Responded to 60 calls and tickets per day on average. Worked on Zendesk for help desk management system.",
                "end_date": "11-2019",
                "location": "Mindbridge",
                "job_title": "Customer Service Representative",
                "start_date": "01-2019",
                "company_name": "Mindbridge"
            },
            {
                "details": "Worked on 5 projects simultaneously, managing CRM to answer client queries and resolve complaints. Achieved and maintained a 97% customer satisfaction rating.",
                "end_date": "02-2014",
                "location": "Mindbridge Pvt LTD",
                "job_title": "Customer Service Representative",
                "start_date": "01-2013",
                "company_name": "Mindbridge Pvt LTD"
            }
        ]
    }
}