{
    "output": {
        "justification": [
            "The resume shows substantial leadership in business development and sales roles, managing teams and directing strategic initiatives.",
            "The candidate does not have specific technical expertise in enterprise data management or analytics, but has broad experience in business development across tech-related platforms.",
            "The candidate does not list any proficiency in Agile Methodologies, which is crucial for the job.",
            "The candidate displays proficiency in tools similar to PowerBI but lacks specific experience with PowerBI itself, which is a preferred skill in the job description.",
            "The candidate's 8 years of experience in business development does not meet the 10+ years requirement for industry experience in project management and data analytics.",
            "Proficiency in enterprise data warehouse projects is not demonstrated, failing to meet the minimum criteria."
        ],
        "scores": {
            "macro_scores": [
                {
                    "criteria": "leadership",
                    "score": 8
                },
                {
                    "criteria": "technical expertise",
                    "score": 4
                }
            ],
            "micro_scores": [
                {
                    "criteria": "agile methodologies",
                    "score": 1
                },
                {
                    "criteria": "powerbi",
                    "score": 2
                }
            ],
            "requirements": [
                {
                    "criteria": "Experience in managing enterprise data warehouse projects",
                    "meets": false
                },
                {
                    "criteria": "10+ years of industry experience in project management and data analytics",
                    "meets": false
                }
            ],
            "aggregated_scores": {
                "macro_scores": 6.52,
                "micro_scores": 1.1400000000000001
            }
        },
        "personal_info": {
            "name": "Muhammad Ahmad",
            "email": "ahmadimtiaz04@gmail.com",
            "phone": "+923444920455",
            "current_position": "Associate Manager Business Development",
            "current_company": "Stackup Solutions",
            "employment_start_date_current_company": "12-2022",
            "first_company_start_date": "06-2018",
            "urls": []
        },
        "valid_resume_and_jd": true
    },
    "input": {
        "job_description": "Join **TechVentures Inc.** as a **Senior Project Manager** where you'll oversee the delivery of key data management and analytics projects. We are looking for an innovative leader who can set and uphold delivery standards, while managing cross-functional teams to achieve the highest levels of service excellence. Your expertise in pre-sales, solution architecture, and client relationship management will drive our expansion into new markets and optimize existing processes.\n\n### Key Responsibilities:\n- Lead and manage complex data analytics and management projects from inception through completion.\n- Develop and implement quality and project management systems to align with organizational goals.\n- Coordinate solutions architecture and pre-sales activities, including the preparation of RFPs and EOIs.\n- Mentor and guide junior team members in professional development and project execution.\n- Engage with clients to deliver tailored business solutions and improve customer satisfaction.\n- Collaborate with other departments to identify improvement opportunities and streamline processes.\n\n### Preferred Skills:\n- Proficiency in data tools such as PowerBI, Oracle DV, and Tableau.\n- Strong understanding of software development methodologies including Agile and SCRUM.\n- Demonstrated ability to lead large technical teams and handle stakeholder communications effectively.\n- Expertise in business intelligence implementation and enterprise data warehousing.\n\n### Why Join Us?\n- Opportunity to work on impactful projects with global reach.\n- Collaborative and inclusive work environment.\n- Continuous learning and professional development opportunities.\n\nBecome a part of a team that values integrity, excellence, and innovation, and help us redefine what's possible in the tech industry.",
        "macro_dict": {
            "leadership": 63,
            "technical expertise": 37
        },
        "micro_dict": {
            "agile methodologies": 86,
            "powerbi": 14
        },
        "additional_info": "Preferred universities include National University of Computer and Emerging Sciences in Pakistan and equivalent institutions. We offer relocation support for candidates based outside of the hiring city, subject to management approval. Skills are assessed through a combination of technical tests, project management case studies, and panel interviews consisting of departmental heads and HR representatives.",
        "minimum_requirements": [
            "Experience in managing enterprise data warehouse projects",
            "10+ years of industry experience in project management and data analytics"
        ],
        "resume": "Muhammad  Ahmad  \n609-F, Johar Town , Lahore, Pakistan  \n+923444920455  \nahmadimtiaz04@gmail.com   \nEducation  \n \n2018  BS (Hons) Biotechnology  \n Forman Christian College (A Chartered University), Lahore  \n2014  A Levels  \n Mus\u2019ab School System, Johar Town, Lahore  \n2012  O Levels  \n Mus\u2019ab School System, Johar Town, Lahore  \n \nProfessional Experience  \n \nDec 2022 \u2013 Jul 2023  Associate Manager Business Development  \n   Stackup Solutions  \n\uf0b7 Lead  and managed  the business development department to \ngenerate leads converting to clients, sought out different \navenues for business growth, and increased the digital presence \nof the company  \n\uf0b7 Created and optimized  strategies for different job platforms and \nportals to  generate prospects, leading to conversi on into clients  \n\uf0b7 Created and optimized email campaigns and kept 60% and \nabove open rates across all campaigns  \n\uf0b7 Collaborated with the operational developers to onboard new \nclients and provide them quality service  \n\uf0b7 Conducted training sessions for the team on sa les, business \ndevelopment and revenue generation and provided them with \nrelevant courses  \n\uf0b7 Delivered $15000+ revenue in Q2 with the team  \n \nAug 2022  \u2013 Nov 2022   Assistant Manager Sales & Business Development  \n   Yellow Beam Technologies  \n\uf0b7 Creation and optimizatio n of IT, social media, mobile and web \ndevelopment & customer support profiles  \n\uf0b7 Training the team on the operating platforms  \n\uf0b7 Generating leads through LinkedIn  \n\uf0b7 Generating the leads through Upwork  \n\uf0b7 Setting up and managing email campaigns for direct client \nacqui sition  in the relevant niche  \n\uf0b7 Client communication  \n \nDec 2021  \u2013 Aug 2022    Assistant Manager Business Development  \n   Trans Global Services (TGS)  \n\uf0b7 Created the company profiles and portfolios from scratch for \nplatforms like Upwork, Fiverr & Linkedin.  \n\uf0b7 Set the directions and strategies for profiling and built the BD \ndepartment for customer support projects  with the head of \nBusiness development.  \n\uf0b7 Training new team members  \n\uf0b7 Quality checks for the team  \n\uf0b7 Set up Email campaigns with the team  \n\uf0b7 Managed client communication and sales closing  \uf0b7 Worked with the operations and man agement to onboard new \nprojects  \n\uf0b7 Performed client success role to make sure the client is satisfied \nin the first month of onboarding  \n\uf0b7 Delivered $5000 worth of recurring project revenue in Q1 &  Q2 \nfor a newly created profile  \n \nSep 2021 - Dec 2021  Business Development Team Lead  \n   Digitech Outsourcing Solution  \n\uf0b7 Team training on platforms like Upwork and LinkedIn  \n\uf0b7 Defined the direction and set the quarterly target with the \nmanager  \n\uf0b7 Managed and worked with the team to deliver the targets for the \nlast quarter  \n\uf0b7 Delivered $11,000 worth of recurring revenue and upsold the \nclient whereby taking the project revenue up to $30,000/month.  \n \nSep 2020 - Sep 2021  Business Development Executive  \n   Digitech  Outsourcing Solution  \n\uf0b7 Managed the entire  profiling and  bidding process on platforms \nlike Upwork, Fiverr, Freelancer, Guru  \n\uf0b7 Generated leads through LinkedIn in the relevant industry  \n\uf0b7 Client communication and sale closing on the platforms  \n\uf0b7 Working with the oper ations and key accounts to successfully \nonboard the project  \n\uf0b7 Delivered $15,000 worth of recurring project revenue with the \nteam in the 4th quarter  \n\uf0b7 Delivered $10,000 worth of recurring project revenue with the \nteam in the 2021 Q1, Q2 & Q3  \n \nMar 2019 - Sep 202 0 Customer Service Executive  \n   Digitech Outsourcing Solution  \n\uf0b7 Provided customer support for a variety of US projects including:  \no E-commerce stores (Email, Live chat, order management \nthrough Shopify)  \no Airbnb Hosts (Guest communication, booking \nmanagement, cleaner and handymen schedule \nmanagement)  \n \nJun 2018 \u2013 Mar 2019  Customer Support Representative  \n  Abacus Consulting  \n\uf0b7 Provided support via emails for Careem customers  \n\uf0b7 Handled the email tickets through Zendesk  \n   \nProjects and Research Papers  \n \n\uf0b7 Market Aptness i n FCCU students  \n \nCo-Curricular Activities  \n \nOct 2015   IEO Ambassador in 3rd Annual Education Fair 2015  \nApril 2016   Volunteered at Cultural Fest \u201816  \n \nSkills  & Interests  \n \uf09f Languages: English, Urdu  \n\uf09f Microsoft : Word, Excel, PowerPoint , Outlook  \n\uf09f G\u2019suite ; Gmail, Google Calendar, Google Meet, G\u2019sheets/Docs  \n\uf09f CRM s: Zendesk, Freshdesk, Salesforce, Hubspot, IGMS, Odoo  \n\uf09f Platform s: Upwork, Fiverr, Freelancer & LinkedIn  \n\uf09f Client communication and management  \n\uf09f Team Management and cross teams\u2019 collaboration  \n\uf09f Strategy deve lopment and optimization  \n "
    },
    "details": {
        "name": "Muhammad Ahmad",
        "number": "923444920455",
        "skills": [
            "Microsoft Word",
            "Microsoft Excel",
            "Microsoft PowerPoint",
            "Microsoft Outlook",
            "G Suite",
            "Zendesk",
            "Freshdesk",
            "Salesforce",
            "Hubspot",
            "IGMS",
            "Odoo",
            "Upwork",
            "Fiverr",
            "Freelancer",
            "LinkedIn"
        ],
        "email_id": "ahmadimtiaz04@gmail.com",
        "location": "Lahore, Pakistan",
        "projects": [
            {
                "title": "Market Aptness in FCCU students",
                "description": "Research project on market aptness."
            }
        ],
        "education": [
            {
                "end_date": "06-2018",
                "university": "Forman Christian College (A Chartered University)",
                "degree_title": "BS (Hons) Biotechnology"
            },
            {
                "end_date": "06-2014",
                "university": "Mus\u2019ab School System",
                "degree_title": "A Levels"
            },
            {
                "end_date": "06-2012",
                "university": "Mus\u2019ab School System",
                "degree_title": "O Levels"
            }
        ],
        "achievements": [],
        "publications": [],
        "certifications": [],
        "additional_urls": [
            {
                "url": "linkedin.com/in/muhammadahmad",
                "website_name": "LinkedIn"
            }
        ],
        "executive_summary": "Muhammad Ahmad is a skilled business development professional with a strong background in managing teams and generating leads across various platforms. He has demonstrated expertise in optimizing strategies for client acquisition and enhancing digital presence for companies.",
        "employment_history": [
            {
                "details": "Lead and managed the business development department to generate leads converting to clients, sought out different avenues for business growth, and increased the digital presence of the company.",
                "end_date": "07-2023",
                "location": "Lahore, Pakistan",
                "job_title": "Associate Manager Business Development",
                "start_date": "12-2022",
                "company_name": "Stackup Solutions"
            },
            {
                "details": "Creation and optimization of IT, social media, mobile and web development & customer support profiles. Training the team on the operating platforms and generating leads through LinkedIn and Upwork.",
                "end_date": "11-2022",
                "location": "Lahore, Pakistan",
                "job_title": "Assistant Manager Sales & Business Development",
                "start_date": "08-2022",
                "company_name": "Yellow Beam Technologies"
            },
            {
                "details": "Created the company profiles and portfolios from scratch for platforms like Upwork, Fiverr & LinkedIn. Managed client communication and sales closing, delivering $5000 worth of recurring project revenue.",
                "end_date": "08-2022",
                "location": "Lahore, Pakistan",
                "job_title": "Assistant Manager Business Development",
                "start_date": "12-2021",
                "company_name": "Trans Global Services (TGS)"
            },
            {
                "details": "Team training on platforms like Upwork and LinkedIn. Delivered $11,000 worth of recurring revenue and upsold the client, increasing project revenue to $30,000/month.",
                "end_date": "12-2021",
                "location": "Lahore, Pakistan",
                "job_title": "Business Development Team Lead",
                "start_date": "09-2021",
                "company_name": "Digitech Outsourcing Solution"
            },
            {
                "details": "Managed the entire profiling and bidding process on platforms like Upwork, Fiverr, Freelancer, Guru. Delivered $15,000 worth of recurring project revenue in the 4th quarter.",
                "end_date": "09-2021",
                "location": "Lahore, Pakistan",
                "job_title": "Business Development Executive",
                "start_date": "09-2020",
                "company_name": "Digitech Outsourcing Solution"
            },
            {
                "details": "Provided customer support for a variety of US projects including e-commerce stores and Airbnb hosts.",
                "end_date": "09-2020",
                "location": "Lahore, Pakistan",
                "job_title": "Customer Service Executive",
                "start_date": "03-2019",
                "company_name": "Digitech Outsourcing Solution"
            },
            {
                "details": "Provided support via emails for Careem customers and handled email tickets through Zendesk.",
                "end_date": "03-2019",
                "location": "Lahore, Pakistan",
                "job_title": "Customer Support Representative",
                "start_date": "06-2018",
                "company_name": "Abacus Consulting"
            }
        ]
    }
}