{
    "output": {
        "justification": [
            "The resume indicates leadership experience in various managerial roles including Head of Sales & Marketing at IT Devices Online and Sales & Marketing Manager at Riaz Metals. This aligns with the leadership criteria in the job description, thus scoring a 7.",
            "The candidate has extensive experience in sales and account management in different industries but does not specifically mention the Retail & Hospitality segments as required. This slightly diminishes the alignment with the job requirements, resulting in a score of 6 for relevant experience.",
            "The resume does not list proficiency in Stakeholder Management, however, mentions skills like project handling and team leadership, which may align loosely, scoring a 5.",
            "The resume mentioned experience with ERP systems without specifying SAP, which is preferred. Thus, SAP ERP proficiency scores a 4.",
            "There was no mention of Salesforce experience; hence, a score of 3 due to potential transferable skills from other CRM experience.",
            "The resume lacks any mention of Vistex or related experience, resulting in a score of 0."
        ],
        "scores": {
            "macro_scores": [
                {
                    "criteria": "leadership",
                    "score": 7
                },
                {
                    "criteria": "strategic thinking",
                    "score": 6
                }
            ],
            "micro_scores": [
                {
                    "criteria": "stakeholder management",
                    "score": 5
                },
                {
                    "criteria": "sap erp",
                    "score": 4
                },
                {
                    "criteria": "salesforce",
                    "score": 3
                },
                {
                    "criteria": "vistex",
                    "score": 0
                }
            ],
            "requirements": [
                {
                    "criteria": "5+ years of experience in sales or key account management",
                    "meets": true
                },
                {
                    "criteria": "Experience with CRM and ERP systems such as SAP and Salesforce",
                    "meets": false
                }
            ],
            "aggregated_scores": {
                "macro_scores": 6.66,
                "micro_scores": 3.3
            }
        },
        "personal_info": {
            "name": "Fahad Ahmed",
            "email": "fahahmed_49@yahoo.com",
            "phone": "+92-323-8880780",
            "current_position": "Head of Sales & Marketing",
            "current_company": "IT Devices Online",
            "employment_start_date_current_company": "01-2021",
            "first_company_start_date": "09-2016",
            "urls": []
        },
        "valid_resume_and_jd": true
    },
    "input": {
        "job_description": "### Key Account Manager at LuxoTech Solutions\n\n**Location:** Karachi, Pakistan\n\n**Department:** Sales and Marketing\n\n**Reports to:** Director of Sales\n\n**Role Overview:**\nJoin LuxoTech Solutions as a Key Account Manager where you will be responsible for managing major accounts in the Retail & Hospitality segments across Pakistan. You will drive sales growth by managing existing accounts and developing strategies for new accounts. Your role will involve coordinating with cross-functional teams, analyzing market trends, and leading initiatives to meet revenue targets.\n\n#### Responsibilities:\n- Manage a portfolio of 15+ key accounts, comprising both end-users and channel partners.\n- Drive expansion into new market segments by identifying and engaging with potential leads.\n- Develop and execute account management strategies to achieve 110% target attainment in revenue.\n- Utilize data analysis tools such as Power BI to assess market trends and generate insights.\n- Coordinate with internal teams including marketing and operations to ensure strategic alignment.\n- Lead contract negotiations and manage pricing strategies to optimize profitability.\n- Report on account performance and market opportunities to senior management regularly.\n\n#### Essential Skills:\n- Strong leadership and stakeholder management skills.\n- Proficiency in data analysis and forecasting to inform decision-making.\n- Experience with tools such as Salesforce, Vistex, and SAP ERP for managing sales functions.\n- Excellent communication skills for client interactions and internal collaborations.\n\n#### Qualifications:\n- Master's degree preferred; Bachelor's degree in Business Administration or related field is required.\n- 5+ years of experience in sales management or business development, with a focus on key account management.\n- Demonstrated success in growing accounts and achieving revenue targets.\n\n#### Benefits:\n- Competitive salary with performance bonuses.\n- Professional development opportunities and access to industry seminars.\n- Flexible working hours.",
        "macro_dict": {
            "leadership": 66,
            "strategic thinking": 34
        },
        "micro_dict": {
            "stakeholder management": 17,
            "sap erp": 32,
            "salesforce": 39,
            "vistex": 12
        },
        "additional_info": "LuxoTech Solutions values diversity and seeks candidates from a variety of backgrounds and experiences. Preferred institutions include the Institute of Business Administration, Karachi, and FAST NUCES. The company supports hybrid work arrangements and offers relocation assistance for exceptional candidates. Skills are assessed through a combination of technical tests, case studies, and structured interviews with panel members from various departments.",
        "minimum_requirements": [
            "5+ years of experience in sales or key account management",
            "Experience with CRM and ERP systems such as SAP and Salesforce"
        ],
        "resume": "Fahad Ahmed  \nAddress 84 -C Chaudhary Colony Samanabad  \nLahore Pakistan \u00b7  \nPhone +92 -323-8880780  \nEmail \u00b7 fahadahmed_49@yahoo.com  \n  \nSKILLS  \nAn innovative ilk of mind that can take initiatives to make world acclimatize with \nthe new place and new ideas...a fresh mind with a crenulated artisanship looking \nforward to hoax its skills.  \n  \nEXPERIENCE  \n \nIT Devices Online, Lahore \u2013  Head of Sales & Mark eting   \n \nJANUARY 2021 \u2013  Present  \nIT Devices Online is an Authorized Reseller of IT products In USA with a name of HNS technology and Tech 4 \nDrive.  \n\u2022 generate leads and cold call prospective customers  \n\u2022 meet with customers/clients face to face or over the phone  \n\u2022 foster and develop relationships with customers/clients  \n\u2022 understand the needs of your customers and be able to respond effectively with a plan of how to meet \nthese \n\u2022 think strategically -  seeing the bigger picture and setting aims and objectives in order to develop and \nimprove the business  \n\u2022 work strategically -  carrying out necessary planning in order to implement operational changes  \n\u2022 draw up client contracts -  depending on the size of company, this task may be completed by someone \nelse or agreements may not be as formal  \n\u2022 have a good understanding of the businesses' products or services and be able to advise others about \nthem  \n\u2022 Making Vendor Strategies  \n\u2022 Making online Brand Strategy for our E -Commerce websites  \n\u2022 Make Marketing Strategy.  \n \n \n \n \nRiaz Metals (Cherry POT) \u2013  Sales and Marketing Manager  \n \nJANUARY 2018 \u2013  Present  \nRiaz Metals is a Manufacturer of Silver and nonstick cookware in Gujranwala  \n\u2022 My responsibilities are to develop, establish and maintain marketing and sales  strategies to meet \norganizational objectives. Effective management of the marketing, advertising and promotional \nactivities of the organization is also part of my job. Works directly with managing director of the \ncompany to handled different project of the company with a total client base of 1000 outl ets. \n\u2022 Works with marketing, advertising, merchandising and account executives to develop strategies that \ngenerated sales of new or selected products.  \n\u2022 Co-produced and managed annual budgets. Provided budget management to accounts, ensuring that \nkey items wer e advertised; wrote and presented marketing briefs on ROI for senior executives.  \n\u2022 Designed and coordinated special onsite events and incentive programs to promote brand awareness \nand increase sales. Consistently developed successful programs within strict deadlines and budgets.  \n\u2022 Negotiated with visual and merchant teams for appropriate space and shop enhancements to improve \nflow and increase sales.  \n\u2022 Synthesized sales information; collaborated with store planning and account executives to provide ROI \nanalysis to key internal partners to determine viability of marketing, advertising and visual programs.  \n\u2022 Achieved increased quarterly revenues within first year of launching android app for Customers . \nEstablished Online Solutions as the leading provider of android app.  \n\u2022 Team Leadership  \n\u2022 Trained merchandise coordinators and sales associates to implement merchandising and visual \nstrategies to support company -wide, on -floor programs.  \n\u2022 Coached and directly managed Retail Marketing Specialist to ensure accurate budget management, \ndaily operations and prompt resolution of issues. Provide motivation and evaluation to foster staff \ndevelopment  \n \n \n \nBlack Stone IT, Lahore -  Sales & Procurement Manager   \n \nDECEMBER 2019 -  2021 \n Black Stone IT is IT reseller Company In UK with name of A pex IT devices and we sell and purchase all kind of IT    \nProducts  \n\u25cf To do online IT parts sales & purchase in USA, UK, UAE, CHINA  \n\u25cf Provide Solutions related IT products.  \n\u25cf Sales report  \n\u25cf Purchase IT parts from leading distributers and from China as well  \n\u25cf To provide the services to customers  \n\u25cf Account Handling  \n\u25cf Make relationships with companies  \u25cf  Posting in ERP System.  \n\u25cf Make SO and POs  \n\u25cf Sales & Purchase on Online platforms Like EBAY AMAZON and other online portals related to IT \nproducts.  \n\u25cf Make Strategies related sales  \n\u25cf Make strategies how to do online marketing \n \n \nSabir\u2019s Poultry, Lahore -  Accounts Executive   \nSEPTEMBER 2016 - DECEMBER 2018  \n  \nWorked as Accounts Officer at Sabirs\u2019 Poultry, 10- Shershah Block New Garden  \nTown, Lahore, Pakistan. Sabirs\u2019 Poultry in one of the group organizations of the \nSabirs\u2019 Group of companies. It is an Association of Persons (AOP) Which is \ncomprised of Poultry Breeding Farms, Broiler Farms, Hatcheries, Feed Mill and  \nMeat Processing Plant Sabroso .  \n  \n\u25cf Timely preparatio n of financial statement along with analytical  \n\u25cf Review of significant financial ratio.  \n\u25cf Supervise the feed mill purchase  \n\u25cf Party dealings making of payment  \n\u25cf Handling of feed mill cash  \n\u25cf Intercompany reconcile  \n\u25cf To conduct the internal audit and coordinate with external auditor ensuring \nsmooth  \n\u25cf Completion  of Annual Audit.  \n\u25cf Maintaining record of long -term payables receivable and preparation of \nSchedule of  \n\u25cf Payments  and Aging of Receivables.  \n\u25cf POSTINGS IN ERP SYSTEM  \n\u25cf SEEKING FEED MILL PRODUCTION  \n\u25cf SALES OF FEED MILL  \n\u25cf HANDLING FEED MILL PURCHASES  \n   \nBank Alfalah , Lahore -  Internee  \n  \nNishat Linen, Lahore - Internee    \n  \nEDUCATION  \nUniversity of Engineering and Technology, Lahore -  MBA (1.5) Major in \nMarketing & Sales  \nSEPTEMBER 2019 - February 2021  \n  \nGovt College University, Lahore -  B.com (Hons) Major in Accounting & \nFinance  \n2013 - 2017  \n  \nSuperior Group of Colleges, Lahore -  I.com  \n2011 - 2012  \n  \nCity Cadet School, Lahore -  Matriculation  \n2009-  2010  \n  \nKey Skills  \n\u25cf MS Office (Excel, Word, Power Point)  \n\u25cf Operate accounting software  \n\u25cf Oracle, peach tree, Sage -50  \n\u25cf To make Online sales  \n\u25cf Train the new agents  \n\u25cf Making presentations  \nAwards  \n\u25cf LUMS brand ambassador in 2016.  \n\u25cf Getting scholarship in superior group of colleges.  \nLanguages  \n\u25cf ENGLISH \u25cf URDU  \n\u25cf PUNJABI  \n    "
    },
    "details": {
        "name": "Fahad Ahmed",
        "number": "923238880780",
        "skills": [
            "MS Office (Excel, Word, Power Point)",
            "Oracle",
            "Peach Tree",
            "Sage -50"
        ],
        "email_id": "fahadahmed_49@yahoo.com",
        "location": "Lahore, Pakistan",
        "projects": [],
        "education": [
            {
                "end_date": "02-2021",
                "university": "University of Engineering and Technology, Lahore",
                "degree_title": "MBA (1.5) Major in Marketing & Sales"
            },
            {
                "end_date": "05-2017",
                "university": "Govt College University, Lahore",
                "degree_title": "B.com (Hons) Major in Accounting & Finance"
            },
            {
                "end_date": "06-2012",
                "university": "Superior Group of Colleges, Lahore",
                "degree_title": "I.com"
            },
            {
                "end_date": "06-2010",
                "university": "City Cadet School, Lahore",
                "degree_title": "Matriculation"
            }
        ],
        "achievements": [
            "LUMS brand ambassador in 2016",
            "Getting scholarship in superior group of colleges"
        ],
        "publications": [],
        "certifications": [],
        "additional_urls": [],
        "executive_summary": "Fahad Ahmed is a skilled professional with extensive experience in sales and marketing within the IT and manufacturing sectors. He has demonstrated proficiency in various technical skills, including MS Office and accounting software, and has a strong educational background in marketing and finance.",
        "employment_history": [
            {
                "details": "Head of Sales & Marketing at IT Devices Online, responsible for generating leads, developing marketing strategies, and managing client relationships.",
                "end_date": "Present",
                "location": "Lahore",
                "job_title": "Head of Sales & Marketing",
                "start_date": "01-2021",
                "company_name": "IT Devices Online"
            },
            {
                "details": "Sales and Marketing Manager at Riaz Metals, focusing on developing marketing strategies and managing promotional activities.",
                "end_date": "Present",
                "location": "Gujranwala",
                "job_title": "Sales and Marketing Manager",
                "start_date": "01-2018",
                "company_name": "Riaz Metals (Cherry POT)"
            },
            {
                "details": "Sales & Procurement Manager at Black Stone IT, handling online sales and procurement of IT products.",
                "end_date": "12-2021",
                "location": "Lahore",
                "job_title": "Sales & Procurement Manager",
                "start_date": "12-2019",
                "company_name": "Black Stone IT"
            },
            {
                "details": "Accounts Executive at Sabir\u2019s Poultry, responsible for financial statement preparation and internal audits.",
                "end_date": "12-2018",
                "location": "Lahore",
                "job_title": "Accounts Executive",
                "start_date": "09-2016",
                "company_name": "Sabir\u2019s Poultry"
            },
            {
                "details": "Internee at Bank Alfalah, gaining experience in banking operations.",
                "end_date": "",
                "location": "Lahore",
                "job_title": "Internee",
                "start_date": "",
                "company_name": "Bank Alfalah"
            },
            {
                "details": "Internee at Nishat Linen, gaining experience in retail operations.",
                "end_date": "",
                "location": "Lahore",
                "job_title": "Internee",
                "start_date": "",
                "company_name": "Nishat Linen"
            }
        ]
    }
}