{
    "output": {
        "justification": [
            "The candidate has a Master's degree in Business Administration, meeting the educational requirement.",
            "The candidate has extensive experience in Marketing and Business Development, but lacks specific mention of key account management or sales management in the Retail & Hospitality sectors, relevant to the job description.",
            "There is no mention of experience with SAP ERP, Salesforce, or Vistex, which are critical to the role.",
            "Leadership experience is indicated through managerial roles, but specific strategic thinking examples are not evident."
        ],
        "scores": {
            "macro_scores": [
                {
                    "criteria": "experience",
                    "score": 6
                },
                {
                    "criteria": "strategic thinking",
                    "score": 5
                }
            ],
            "micro_scores": [
                {
                    "criteria": "sales management",
                    "score": 4
                },
                {
                    "criteria": "data analysis",
                    "score": 6
                },
                {
                    "criteria": "stakeholder management",
                    "score": 6
                },
                {
                    "criteria": "sap erp",
                    "score": 2
                },
                {
                    "criteria": "salesforce",
                    "score": 2
                },
                {
                    "criteria": "vistex",
                    "score": 2
                }
            ],
            "requirements": [
                {
                    "criteria": "Bachelor's degree in Business Administration or related field",
                    "meets": true
                },
                {
                    "criteria": "Experience with CRM and ERP systems such as SAP and Salesforce",
                    "meets": false
                },
                {
                    "criteria": "5+ years of experience in sales or key account management",
                    "meets": false
                },
                {
                    "criteria": "Proficiency in data analysis and forecasting tools",
                    "meets": false
                }
            ],
            "aggregated_scores": {
                "macro_scores": 5.64,
                "micro_scores": 4.18
            }
        },
        "personal_info": {
            "name": "Zaid Hameed",
            "email": "zaid.hameed723@gmail.com",
            "phone": "0321 \u2013 9455272",
            "current_position": "Marketing and BD Manager",
            "current_company": "Amigo Software",
            "employment_start_date_current_company": "02-2015",
            "first_company_start_date": "04-2011",
            "urls": []
        },
        "valid_resume_and_jd": true
    },
    "input": {
        "job_description": "### Key Account Manager at LuxoTech Solutions\n\n**Location:** Karachi, Pakistan\n\n**Department:** Sales and Marketing\n\n**Reports to:** Director of Sales\n\n**Role Overview:**\nJoin LuxoTech Solutions as a Key Account Manager where you will be responsible for managing major accounts in the Retail & Hospitality segments across Pakistan. You will drive sales growth by managing existing accounts and developing strategies for new accounts. Your role will involve coordinating with cross-functional teams, analyzing market trends, and leading initiatives to meet revenue targets.\n\n#### Responsibilities:\n- Manage a portfolio of 15+ key accounts, comprising both end-users and channel partners.\n- Drive expansion into new market segments by identifying and engaging with potential leads.\n- Develop and execute account management strategies to achieve 110% target attainment in revenue.\n- Utilize data analysis tools such as Power BI to assess market trends and generate insights.\n- Coordinate with internal teams including marketing and operations to ensure strategic alignment.\n- Lead contract negotiations and manage pricing strategies to optimize profitability.\n- Report on account performance and market opportunities to senior management regularly.\n\n#### Essential Skills:\n- Strong leadership and stakeholder management skills.\n- Proficiency in data analysis and forecasting to inform decision-making.\n- Experience with tools such as Salesforce, Vistex, and SAP ERP for managing sales functions.\n- Excellent communication skills for client interactions and internal collaborations.\n\n#### Qualifications:\n- Master's degree preferred; Bachelor's degree in Business Administration or related field is required.\n- 5+ years of experience in sales management or business development, with a focus on key account management.\n- Demonstrated success in growing accounts and achieving revenue targets.\n\n#### Benefits:\n- Competitive salary with performance bonuses.\n- Professional development opportunities and access to industry seminars.\n- Flexible working hours.",
        "macro_dict": {
            "experience": 64,
            "strategic thinking": 36
        },
        "micro_dict": {
            "sales management": 11,
            "data analysis": 22,
            "stakeholder management": 27,
            "sap erp": 9,
            "salesforce": 24,
            "vistex": 7
        },
        "additional_info": "LuxoTech Solutions values diversity and seeks candidates from a variety of backgrounds and experiences. Preferred institutions include the Institute of Business Administration, Karachi, and FAST NUCES. The company supports hybrid work arrangements and offers relocation assistance for exceptional candidates. Skills are assessed through a combination of technical tests, case studies, and structured interviews with panel members from various departments.",
        "minimum_requirements": [
            "Bachelor's degree in Business Administration or related field",
            "Experience with CRM and ERP systems such as SAP and Salesforce",
            "5+ years of experience in sales or key account management",
            "Proficiency in data analysis and forecasting tools"
        ],
        "resume": "Zaid Hameed  \nMarketing, Business Development & Copywriting  \nCell # 0321  \u2013 9455272/ 0321 \u2013 9459553  | Email:  zaid.hameed723@gmail.com  \nSkillset  \nWith a strong inclination towards  customer acquisition, activation a nd retention , I come along with the \nfollowing skill set:  \nContent Development , Business De velopment, Copywriting , Social Media Marketing,  Email M arketing,  \nSEO, Communication, and Business Analysis  \nExperience:  \nAmigo  Software                  (Feb 2015 \u2013 Present) \nMarketing and BD Manager  \n\u2022 Content  development  and implementation  through  channels  that includ e social  platforms , \nemail  campaigns  and the company  website  \n\u2022 Prospect ing and lead generation  through  selected  channels  mainly,  LinkedIn  \n\u2022 Analy zing traffic  and lead generation  avenues  through  Google  analy tics and Search  Console  \n\u2022 Research, strategize  & implement  Marketing  strategy  to optimize  the lead generation  cycle  \n\u2022 Ensuring  a smooth  and timely  onboarding  process  while  forming  SOPs  to ensure  best \npractices  \n\u2022 Discovery  meeting  with Customers  to analy ze their business  case and suggest  the most \neffective  solution  \n\u2022 Demo nstration  of our solutions  in order to train our Business  Partner s and customers  \n\u2022 Managing  the CRM  for pricing  and other  commercial  aspects  including  Statement  of Work  \n(SOW)  \n\u2022 Updating  the official website  through  the Content  Manag ement  System  that includes  basic  \nHTML  and CSS \n\u2022 Coordinate  with the suppo rt and technical  team  to ensu re the business  need  is \ncommunicated  properly  as well as to ensure  a smooth  installation  process  \n\u2022 Use customer  feedb ack to improve solutions  and keep  up with the market  trends  \n\u2022 Ideat e and deliver  on video  marketing  collateral  \n \niLead Inte grated Solutions                      (Jan 2013 \u2013 Jan 2015 ) \nAssociate  Manager Marketing  \n\u2022 Prospecting and lead generation narrowed down to the market  with  respect to the  company \nportfolio , managing CRM, follow ing-up and reporting to the higher Management   \n\u2022 Coordinate with the Development Department to come up with the Te chnical and Financial \nproposals  \n\u2022 Identify and segment  markets to devise Marketing Strategi es, Content and offerings   \u2022 Coordinating with the Research and Development team enhance products further  \n \nPunjab Board of Investment & Trade                     (April  2011 - Dec 2012)  \nMarketing / Research  Associate  \n\u2022 Created the Social Media Strategy for the  promotion of Punj ab as a p referred investment \ndestination   \n\u2022 Ran Ad Campaigns on Facebook , LinkedIn  and Goo gle with a n above av erage  CTR and a n \nextremely  low CPC \n\u2022 Preparing presentations for the inco ming delegations  from across the g lobe  tailored specifically \nto their investment needs  \n\u2022 Conducted r esearch on different economic sectors to identify and highlight the various \ninvestment opportunities  \n\u2022 Condu cted Business Development  activities  for the  Pak \u2013 Iran Fair  at the Expo Center   \n \nEducat ion and Qualifications  \nLahore School of Economics                                     \nMBA - Master of Business Administration in Marketing and Finance                       (2009 - 2011)  \nBBA - Bachelor of Business Administration in Marketing and Finance                         (2005 - 2008)  \n \nSalamat - Inter national College of Advanced Studies                                                    \n \n\u2022 A-Levels                                                                                                                                   (2003 - 2005 ) \n \n\u2022 O-Level                                                                                                                          (2000 - 2003 ) \n \nInternships  \nAbbasi & Company, Lahore                                                                                            (July \u2013 Aug 2008)  \nBrokerage  \n \n\u2022 Carried out inv estment ideas thro ugh fundamental research combining understanding of macro \nsector and company specific trends and present to Portfolio Manager  \n \n \nDeloitte & Touch e, Lahore                                                                                              (July - Aug 2007)  \nAuditing  \n \n\u2022 Maintained and developed financial data bases and ensured accurate and appropriate \nrecording and analysis of revenues and exp enses.  \n \nInterests  \n \n\u2022 Cricket, Religion, Copywriting  \n "
    },
    "details": {
        "name": "Zaid Hameed",
        "number": "03219455272",
        "skills": [
            "Content Development",
            "Business Development",
            "Copywriting",
            "Social Media Marketing",
            "Email Marketing",
            "SEO",
            "HTML",
            "CSS",
            "Google Analytics",
            "Google Search Console",
            "CRM Management"
        ],
        "email_id": "zaid.hameed723@gmail.com",
        "location": "",
        "projects": [],
        "education": [
            {
                "end_date": "05-2011",
                "university": "Lahore School of Economics",
                "degree_title": "MBA - Master of Business Administration in Marketing and Finance"
            },
            {
                "end_date": "08-2008",
                "university": "Lahore School of Economics",
                "degree_title": "BBA - Bachelor of Business Administration in Marketing and Finance"
            }
        ],
        "achievements": [],
        "publications": [],
        "certifications": [],
        "additional_urls": [
            {
                "url": "linkedin.com/in/zaidhameed",
                "website_name": "LinkedIn"
            }
        ],
        "executive_summary": "Zaid Hameed is a marketing and business development professional with extensive experience in content development, copywriting, and digital marketing strategies. He has a proven track record in customer acquisition and retention, utilizing various channels including social media and email marketing to drive business growth.",
        "employment_history": [
            {
                "details": "Content development and implementation through channels that include social platforms, email campaigns, and the company website. Prospecting and lead generation through selected channels mainly, LinkedIn. Analyzing traffic and lead generation avenues through Google Analytics and Search Console. Research, strategize & implement marketing strategy to optimize the lead generation cycle. Ensuring a smooth and timely onboarding process while forming SOPs to ensure best practices. Discovery meeting with customers to analyze their business case and suggest the most effective solution. Demonstration of our solutions in order to train our business partners and customers. Managing the CRM for pricing and other commercial aspects including Statement of Work (SOW). Updating the official website through the Content Management System that includes basic HTML and CSS. Coordinate with the support and technical team to ensure the business need is communicated properly as well as to ensure a smooth installation process. Use customer feedback to improve solutions and keep up with the market trends. Ideate and deliver on video marketing collateral.",
                "end_date": "Present",
                "location": "",
                "job_title": "Marketing and BD Manager",
                "start_date": "02-2015",
                "company_name": "Amigo Software"
            },
            {
                "details": "Prospecting and lead generation narrowed down to the market with respect to the company portfolio, managing CRM, following-up and reporting to the higher management. Coordinate with the Development Department to come up with the technical and financial proposals. Identify and segment markets to devise marketing strategies, content and offerings. Coordinating with the Research and Development team to enhance products further.",
                "end_date": "01-2015",
                "location": "",
                "job_title": "Associate Manager Marketing",
                "start_date": "01-2013",
                "company_name": "iLead Integrated Solutions"
            },
            {
                "details": "Created the social media strategy for the promotion of Punjab as a preferred investment destination. Ran ad campaigns on Facebook, LinkedIn and Google with an above average CTR and an extremely low CPC. Preparing presentations for the incoming delegations from across the globe tailored specifically to their investment needs. Conducted research on different economic sectors to identify and highlight the various investment opportunities. Conducted business development activities for the Pak \u2013 Iran Fair at the Expo Center.",
                "end_date": "12-2012",
                "location": "",
                "job_title": "Marketing / Research Associate",
                "start_date": "04-2011",
                "company_name": "Punjab Board of Investment & Trade"
            }
        ]
    }
}