{
    "output": {
        "justification": [
            "Leadership: Demonstrated in overseeing business portfolios, managing client relations, and leading project implementations.",
            "Relevant Experience: Extensive experience in relationship and project management, with significant roles in financial institutions.",
            "Excel: Stated proficiency with Microsoft systems and software, implying Excel competency.",
            "Strategic Thinking: Experience in developing strategies for cash management and client relations signifies strategic thinking abilities."
        ],
        "scores": {
            "macro_scores": [
                {
                    "criteria": "experience",
                    "score": 9
                },
                {
                    "criteria": "strategic thinking",
                    "score": 8
                }
            ],
            "micro_scores": [
                {
                    "criteria": "microsoft office (excel, word, powerpoint)",
                    "score": 8
                },
                {
                    "criteria": "sales process management",
                    "score": 7
                },
                {
                    "criteria": "negotiation skills",
                    "score": 8
                },
                {
                    "criteria": "account management",
                    "score": 9
                }
            ],
            "requirements": [
                {
                    "criteria": "Strong negotiation and strategic thinking skills",
                    "meets": true
                },
                {
                    "criteria": "Proficiency in Microsoft Office Suite",
                    "meets": true
                },
                {
                    "criteria": "Proven track record in managing complex sales cycles",
                    "meets": true
                },
                {
                    "criteria": "Bachelor's degree in Business Administration, Economics, or related field",
                    "meets": true
                }
            ],
            "aggregated_scores": {
                "macro_scores": 8.43,
                "micro_scores": 7.970000000000001
            }
        },
        "personal_info": {
            "name": "Shahan Ahmad",
            "email": "shahanahmad.sa@gmail.com",
            "phone": "+923335216195",
            "current_position": "Sr. Relationship Manager (AVP)",
            "current_company": "United Bank Limited (UBL)",
            "employment_start_date_current_company": "02-2017",
            "first_company_start_date": "07-2005",
            "urls": [
                {
                    "website_name": "LinkedIn",
                    "url": "http://linkedin.com/in/shahan-ahmad-221b3b78"
                }
            ]
        },
        "valid_resume_and_jd": true
    },
    "input": {
        "job_description": "### Business Development Manager\n\n**Fictional Company** is seeking a dynamic and strategic Business Development Manager to join our growing team. In this role, you will develop and execute sales strategies, manage key accounts, and lead business development initiatives to drive organizational growth.\n\n#### Responsibilities:\n- Develop and implement strategies for business development to achieve corporate goals.\n- Oversee the entire sales cycle from lead generation to closing deals.\n- Manage and mentor a team of business development executives, enhancing their potential to optimize company success.\n- Enhance company presence through active engagement in online platforms like LinkedIn and professional network sites.\n- Engage in high-stake negotiations and coordinate with key account stakeholders to ensure client satisfaction and long-term partnerships.\n\n#### Requirements:\n- Utilize analytical skills to identify new opportunities and market trends.\n- Use Microsoft Office Suite effectively for planning, reporting, and presenting sales strategies.\n\nJoin us to play a pivotal role in expanding our business locally and internationally, working alongside a dynamic team in an innovative environment. If you enjoy taking initiative and leading impactful business initiatives, we want to hear from you!",
        "macro_dict": {
            "experience": 43,
            "strategic thinking": 57
        },
        "micro_dict": {
            "microsoft office (excel, word, powerpoint)": 27,
            "sales process management": 26,
            "negotiation skills": 24,
            "account management": 23
        },
        "additional_info": "Preferred candidates will have graduated from leading business schools such as FAST NUCES or LUMS. The company supports employee relocation within Pakistan with necessary logistical assistance. Skills are assessed through a combination of technical interviews and practical case studies aligned with industry challenges.",
        "minimum_requirements": [
            "Strong negotiation and strategic thinking skills",
            "Proficiency in Microsoft Office Suite",
            "Proven track record in managing complex sales cycles",
            "Bachelor's degree in Business Administration, Economics, or related field"
        ],
        "resume": "Shahan Ahmad  \nshahanahmad.sa@gmail.com  | +923335216195  \n                               LinkedIn Profile:  http://linkedin.com/in/shahan -ahmad -221b3b78  \n \n \n \n \nProfessional Summary  \nGoal oriented professional with experience spanning  across  international and local trade finance  to relationship and project \nmanagement seeking to further enhance my career within technology, digital inclusion and  financial sector . \n \nWork Experience  \n \nRelationship Management | Digital Financial Inclusion | Project Management | Cash Management | Product Development - Planning  \n \nUnited Bank Limited (UBL)  February  2017 \u2013 Present  \nSr. Relationship Manager  (AVP)  \u2013 Financial Institutions Department  \n\uf0b7 Managing cash management and Product implementation of North region business po rtfolio of approximately PKR 300  Billion for \nNon -Banking Financial Institutions majorly Waseela bank, U bank, Tameer  bank, khushhali bank and ZTBL.   \n\uf0b7 Monitoring Bank to Bank business related to all trade transactions responsible for bank guarantee portfolio of approximately PKR \n9 Billion . \n\uf0b7 Leading client management across project s related guarantees for CPEC and Non -CPEC customers . \n\uf0b7 Managing proactive relationship management for clients across industries including likes of ZTE, Huawei, SinoHydro, Powerchin a, \nSinoTec, CRCC, Harbin Ele ctric, Xinjiang Road and Bridge, CRBC, China Ghzouba, CCECC, COPHC, China Petroleum Pipeline Bureau, \nChina Three Gorges and agents of foreign companies Like Marubeni, Maxus Power, MCC, Kestral Trading, Raviana, Atecs, Sino \nTrans Logistics, Asean Internatio nal, ALIT, CMEC, Poly technologies, CETC based in Pakistan . \n\uf0b7 Major Highlights:  Conducted overall structuring, financial analysis and management of projects including Safe City Project, Suki -\nKinari  Project, Port Qasim Power Plant Project, New Islamabad Airport construction project, Pak -Qatar LNG project, Kohala Hydro \nPower Project, Tarbela -4 project . \n\uf0b7 Led and Implemented the following Key Digital S olutions  and P rojects  for various clients:  \n1.  R5 proje ct of Jazz involving product, IT digital and Finance team providing un -interrupted VPN services of API for jazz cash   \nretailers and franchisees .  \n2.  Successfully closed project mandate for Khushhali Bank`s borrowers direct deposit on UBL counters.  \n3.  Success fully implemented project of VPN API services for Telenor Bank for collection and disbursement of funds.  \n4.  Currently working for onboarding PMN`s Munsalik Portal for providing digital solutions through UBL for cash management \nof MFPs. Digital inclusion of one link project for Munsalik where in UBL will be settling bank.  \n5.  Currently working on high scope project, app -to-Wallet  integration between Jazz and UBL which is a pioneering digital \nproduct initiated by UBL.  \n6.  Currently working on integration of SECP on line portal with UBL system for updating of documents related to company \nregistration, a requirement by the bank during the process of account opening. ( API Based ) \n \n \nMCB Bank Limited      September 2015 \u2013 January 2017  \nAssistant Manager \u2013 Trade Finance Department  \n\uf0b7 Managing Corporate and Government sector clients responsible for trade portfolio of approximately PKR 4 Billion.  \n\uf0b7 Ensuring timely and accurate Issuance and Payments of Import Letter of Credit (L/C) for key clients  \n\uf0b7 Handling Export Transactions ser vices for the department across various projects  \n\uf0b7 Developing and handling encashment of foreign Letter of Guarantees (L/G)  \n \nUnited Bank Limited (UBL)  September 2013 \u2013 August 2015  \nImports Incharge  \u2013 Trade Finance Department  \n\uf0b7 Managing payment portfolio of PKR 2.5 Billion ensuring corporate transactio ns for clients across industries including Telecom, Oil \n& Gas and Construction  \n\uf0b7 Ensuring timely and accurate reporting of clients import  activities to SBP on a monthly basis  \n\uf0b7 Leading treasury rate negotiations to ensu re highest revenue for the bank  \n \nHabib Bank Limited (HBL)  December 2007 \u2013 August 2013  \nImports Trade Officer \u2013 Trade Department  \n\uf0b7 Liaising across key departments to ensure timely transaction approvals for clients  \n\uf0b7 Responsible for FE allocation/financial approv als from SBP for establishment of Import Letter of Credits for Public Sector clients  \n\uf0b7 Developing and retiring import contracts and L/Cs following thorough review of import documents including foreign and local \ndocuments and Lodgment/Retirement so all requir ements are met  \n\uf0b7 Monitoring market and financial indicators (like FOREX) on a regular basis to ensure spot and forward cover from treasury to \nensure effective payments from corporate clients  \n \n \n \n \n \n \nMAX Telecom      July 2005 \u2013 July 2007  \nCustomer Relations Manager  \n \n\uf0b7 Managing and handling client queries, requests, orders and complaints including  Legal Complaints (TIO -Tele -communication \nIndustry of Ombudsman) to ensure highest level of customer satisfaction is met  \n\uf0b7 Quarterly reviews of the processes to plan and implement any process improvement through recurrent trainings and change \nin strategy.  \n\uf0b7 Liaising and managing business with an Australian services provider Telstra . \n\uf0b7 Leading sales team by ensuring performance gaps are met through regular statistics and analys is. \n \n \nEducation  \n \nSZABIST, Islamabad     May 2004  \u2013 June 2005  \nMasters in Business Administration (E -MBA)  \n \nPunjab University, Lahore  May  2002  \u2013 June 2004 \nBachelors of Arts \u2013 Sociology, Statistics and English  \n \nTrainings  & Workshops  \n\uf0b7 Global Trade Finance Workshop    Karachi, May 2018  \n3 days workshop on Trade Finance product sales and marketing conducted by International Finance Cooperation (World Bank)  \n\uf0b7 Basic Banking Training & Banking Operations   Islamabad, 2008  \n\uf0b7 Four months extensive, classroom followed by on the job rotational training HBL Management Development Institute (MDI)  \n\uf0b7 Project Management:  \nOngoing  project management certification in order to add the same against the skill set.  \n \nSkills , Interest s & Personal Strengths  \n\uf0b7 Proficient with MS computer systems and software\u2019s.  \n\uf0b7 Risk Management, Budgeting.  \n\uf0b7 Expertise with key Banking software including SWIFT, MISYS, Symbols and TI  \n\uf0b7 Project management.  \n\uf0b7 Stakeholder Engagement & Management.  \n\uf0b7 Planning and forecasting . \n\uf0b7 Strong interpersonal / communication / Conflict resolution / Problem solving / Crisis Manage ment skills.  \n\uf0b7 Strong convincing power, innovative and ability to work in multi -cultural teams.  \n \n \n \n \n \n "
    },
    "details": {
        "name": "Shahan Ahmad",
        "number": "923335216195",
        "skills": [
            "MS computer systems",
            "SWIFT",
            "MISYS",
            "Symbols",
            "TI",
            "Project management"
        ],
        "email_id": "shahanahmad.sa@gmail.com",
        "location": "",
        "projects": [
            {
                "title": "R5 project of Jazz",
                "description": "Involving product, IT digital and Finance team providing uninterrupted VPN services of API for jazz cash retailers and franchisees."
            },
            {
                "title": "Khushhali Bank's borrowers direct deposit",
                "description": "Successfully closed project mandate on UBL counters."
            },
            {
                "title": "VPN API services for Telenor Bank",
                "description": "Successfully implemented project for collection and disbursement of funds."
            },
            {
                "title": "Munsalik Portal",
                "description": "Currently working for onboarding PMN's Munsalik Portal for providing digital solutions through UBL."
            },
            {
                "title": "App-to-Wallet integration between Jazz and UBL",
                "description": "Currently working on high scope project, a pioneering digital product initiated by UBL."
            },
            {
                "title": "Integration of SECP online portal with UBL system",
                "description": "Currently working on updating documents related to company registration."
            }
        ],
        "education": [
            {
                "end_date": "06-2005",
                "university": "SZABIST, Islamabad",
                "degree_title": "Masters in Business Administration (E-MBA)"
            },
            {
                "end_date": "06-2004",
                "university": "Punjab University, Lahore",
                "degree_title": "Bachelors of Arts \u2013 Sociology, Statistics and English"
            }
        ],
        "achievements": [],
        "publications": [],
        "certifications": [
            {
                "certification_name": "Project Management Certification",
                "issuing_organization": "Ongoing",
                "date_of_issuance": ""
            }
        ],
        "additional_urls": [
            {
                "url": "linkedin.com/in/shahan-ahmad-221b3b78",
                "website_name": "LinkedIn"
            }
        ],
        "executive_summary": "Shahan Ahmad is a goal-oriented professional with extensive experience in relationship management, digital financial inclusion, and project management within the financial sector. He has a proven track record of managing significant portfolios and implementing key digital solutions for various clients, showcasing his technical expertise and commitment to enhancing digital inclusion in finance.",
        "employment_history": [
            {
                "details": "Managing cash management and product implementation of North region business portfolio of approximately PKR 300 Billion for Non-Banking Financial Institutions.",
                "end_date": "Present",
                "location": "",
                "job_title": "Sr. Relationship Manager (AVP) \u2013 Financial Institutions Department",
                "start_date": "02-2017",
                "company_name": "United Bank Limited (UBL)"
            },
            {
                "details": "Managing Corporate and Government sector clients responsible for trade portfolio of approximately PKR 4 Billion.",
                "end_date": "01-2017",
                "location": "",
                "job_title": "Assistant Manager \u2013 Trade Finance Department",
                "start_date": "09-2015",
                "company_name": "MCB Bank Limited"
            },
            {
                "details": "Managing payment portfolio of PKR 2.5 Billion ensuring corporate transactions for clients across industries.",
                "end_date": "08-2015",
                "location": "",
                "job_title": "Imports Incharge \u2013 Trade Finance Department",
                "start_date": "09-2013",
                "company_name": "United Bank Limited (UBL)"
            },
            {
                "details": "Liaising across key departments to ensure timely transaction approvals for clients.",
                "end_date": "08-2013",
                "location": "",
                "job_title": "Imports Trade Officer \u2013 Trade Department",
                "start_date": "12-2007",
                "company_name": "Habib Bank Limited (HBL)"
            },
            {
                "details": "Managing and handling client queries, requests, orders and complaints including Legal Complaints to ensure highest level of customer satisfaction.",
                "end_date": "07-2007",
                "location": "",
                "job_title": "Customer Relations Manager",
                "start_date": "07-2005",
                "company_name": "MAX Telecom"
            }
        ]
    }
}