{
    "output": {
        "justification": [
            "Significant discrepancies between job description requirements and resume skills.",
            "Candidate lacks required education background in business administration or related field.",
            "No experience with CRM and ERP systems such as SAP and Salesforce mentioned in resume.",
            "Education and work experience are not aligned with the job role in the job description."
        ],
        "scores": {
            "macro_scores": [
                {
                    "criteria": "leadership",
                    "score": 4
                },
                {
                    "criteria": "experience",
                    "score": 3
                },
                {
                    "criteria": "strategic thinking",
                    "score": 2
                }
            ],
            "micro_scores": [
                {
                    "criteria": "sales management",
                    "score": 1
                },
                {
                    "criteria": "data analysis",
                    "score": 3
                },
                {
                    "criteria": "sap erp",
                    "score": 1
                },
                {
                    "criteria": "vistex",
                    "score": 1
                }
            ],
            "requirements": [
                {
                    "criteria": "Bachelor's degree in Business Administration or related field",
                    "meets": false
                },
                {
                    "criteria": "Experience with CRM and ERP systems such as SAP and Salesforce",
                    "meets": false
                }
            ],
            "aggregated_scores": {
                "macro_scores": 3.18,
                "micro_scores": 1.1400000000000001
            }
        },
        "personal_info": {
            "name": "Shahbaz Joiya",
            "email": "Shahbazjoiya07@gmail.com",
            "phone": "+923070504083",
            "current_position": "Team Lead",
            "current_company": "ADH Sahiwal",
            "employment_start_date_current_company": "01-2022",
            "first_company_start_date": "01-2022",
            "urls": []
        },
        "valid_resume_and_jd": false
    },
    "input": {
        "job_description": "### Key Account Manager at LuxoTech Solutions\n\n**Location:** Karachi, Pakistan\n\n**Department:** Sales and Marketing\n\n**Reports to:** Director of Sales\n\n**Role Overview:**\nJoin LuxoTech Solutions as a Key Account Manager where you will be responsible for managing major accounts in the Retail & Hospitality segments across Pakistan. You will drive sales growth by managing existing accounts and developing strategies for new accounts. Your role will involve coordinating with cross-functional teams, analyzing market trends, and leading initiatives to meet revenue targets.\n\n#### Responsibilities:\n- Manage a portfolio of 15+ key accounts, comprising both end-users and channel partners.\n- Drive expansion into new market segments by identifying and engaging with potential leads.\n- Develop and execute account management strategies to achieve 110% target attainment in revenue.\n- Utilize data analysis tools such as Power BI to assess market trends and generate insights.\n- Coordinate with internal teams including marketing and operations to ensure strategic alignment.\n- Lead contract negotiations and manage pricing strategies to optimize profitability.\n- Report on account performance and market opportunities to senior management regularly.\n\n#### Essential Skills:\n- Strong leadership and stakeholder management skills.\n- Proficiency in data analysis and forecasting to inform decision-making.\n- Experience with tools such as Salesforce, Vistex, and SAP ERP for managing sales functions.\n- Excellent communication skills for client interactions and internal collaborations.\n\n#### Qualifications:\n- Master's degree preferred; Bachelor's degree in Business Administration or related field is required.\n- 5+ years of experience in sales management or business development, with a focus on key account management.\n- Demonstrated success in growing accounts and achieving revenue targets.\n\n#### Benefits:\n- Competitive salary with performance bonuses.\n- Professional development opportunities and access to industry seminars.\n- Flexible working hours.",
        "macro_dict": {
            "leadership": 22,
            "experience": 74,
            "strategic thinking": 4
        },
        "micro_dict": {
            "sales management": 29,
            "data analysis": 7,
            "sap erp": 26,
            "vistex": 38
        },
        "additional_info": "LuxoTech Solutions values diversity and seeks candidates from a variety of backgrounds and experiences. Preferred institutions include the Institute of Business Administration, Karachi, and FAST NUCES. The company supports hybrid work arrangements and offers relocation assistance for exceptional candidates. Skills are assessed through a combination of technical tests, case studies, and structured interviews with panel members from various departments.",
        "minimum_requirements": [
            "Bachelor's degree in Business Administration or related field",
            "Experience with CRM and ERP systems such as SAP and Salesforce"
        ],
        "resume": "Shahbaz Joiya \nBusiness Development Executive \nTo get a challenging position in growth and career oriented Organization, where challenges are a\nroutine work and where I show the best of my abilities and quali\ufb01cation for the progress of that\norganization and upgrade my career. \nShahbazjoiya07@gmail.com \n+923070504083 \nJohar Town R1 Phase 2,\nLahore, Pakistan \nSKILLS \nBusiness Developement \nProject Management \nCommunication \nHTML \nCSS \nJavaScript \nBootstrap \nQuick Learner \nProblem Solving \nLANGUAGES \nUrdu \nNative or Bilingual Pro\ufb01ciency \nEnglish \nProfessional Working Pro\ufb01ciency \nINTERESTS \nTravelling \nMovies Collection \nEDUCATION \nBachelor's of Science in Computer Science \nGovt. College University Faisalabad, Sahiwal Campus \n09/2017 - 07/2021\n, \n \nIntro to Management \nBusiness Developement \nSoftware Engineering \nObject Oriented Programming \nData Structure and Algorithm \nOperating System \nIntermediate in Computer Science \nPunjab College Haronabad \n04/2015 - 07/2017\n, \n \nWORK EXPERIENCE \nTeam Lead (Amazon Drop Shipping and Product Hunting) \nADH Sahiwal \n01/2022 - Present\n, \n \nPERSONAL PROJECTS \nHome Automation by using Sensors (FYP)\n (09/2020 - 06/2021)\n \nFeatures:- \nIt's a centralized control of lighting, heating, ventilation and air conditioning appliances, and\nother systems, to provide improved convenience, comfort, energy e\ufb03ciency and security. \nSensors:-\n It's includes \nTemperature Sensors & Smart Thermostats, \nLight Sensors, \nMotion Sensors, \nWindow\nand Door Sensors, and \nSmart Smoke and CO Sensors. \nE-Commerce Website \nTools:- \nVisual Studio Code, HTML, CSS, JavaScript, SQL management system and asp.net MVC. \nWeb based Ecommerce site developed in asp.net MVC. \nFeatures:-\n Check the list of Item with category, View the details of item, and List of latest Item \nACHIEVEMENTS \nThe Punjab Education Endowment Fund - PEEF\n (2017 - 2021)\n \nCourses "
    },
    "details": {
        "name": "Shahbaz Joiya",
        "number": "923070504083",
        "skills": [
            "HTML",
            "CSS",
            "JavaScript",
            "Bootstrap"
        ],
        "email_id": "Shahbazjoiya07@gmail.com",
        "location": "Johar Town R1 Phase 2, Lahore, Pakistan",
        "projects": [
            {
                "title": "Home Automation by using Sensors (FYP)",
                "description": "It's a centralized control of lighting, heating, ventilation and air conditioning appliances, and other systems, to provide improved convenience, comfort, energy efficiency and security."
            },
            {
                "title": "E-Commerce Website",
                "description": "Web based Ecommerce site developed in asp.net MVC."
            }
        ],
        "education": [
            {
                "end_date": "07-2021",
                "university": "Govt. College University Faisalabad, Sahiwal Campus",
                "degree_title": "Bachelor's of Science in Computer Science"
            },
            {
                "end_date": "07-2017",
                "university": "Punjab College Haronabad",
                "degree_title": "Intermediate in Computer Science"
            }
        ],
        "achievements": [
            "The Punjab Education Endowment Fund - PEEF (2017 - 2021)"
        ],
        "publications": [],
        "certifications": [],
        "additional_urls": [],
        "executive_summary": "Shahbaz Joiya is a dedicated Business Development Executive with a strong background in computer science and technical skills in web development technologies such as HTML, CSS, JavaScript, and Bootstrap. He has demonstrated his capabilities through various projects, including a home automation system and an e-commerce website.",
        "employment_history": [
            {
                "details": "Team Lead (Amazon Drop Shipping and Product Hunting)",
                "end_date": "Present",
                "location": "ADH Sahiwal",
                "job_title": "Team Lead",
                "start_date": "01-2022",
                "company_name": "ADH Sahiwal"
            }
        ]
    }
}