{
    "output": {
        "justification": [
            "Job description requires management of complex data analytics and management projects, but the resume primarily shows experience in e-commerce business development and consulting.",
            "Leadership experience is evident from multiple co-founder roles and project lead positions, but lacks specific examples relevant to technical or engineering teams.",
            "No clear project management experience in data analytics; mostly business development and marketing.",
            "Proficiency in PowerBI and high level SQL skills meet some job description requirements."
        ],
        "scores": {
            "macro_scores": [
                {
                    "criteria": "leadership",
                    "score": 7
                },
                {
                    "criteria": "project management experience",
                    "score": 5
                },
                {
                    "criteria": "technical expertise",
                    "score": 6
                }
            ],
            "micro_scores": [
                {
                    "criteria": "pre-sales consulting",
                    "score": 5
                },
                {
                    "criteria": "solution architecture",
                    "score": 4
                },
                {
                    "criteria": "quality management systems",
                    "score": 3
                }
            ],
            "requirements": [
                {
                    "criteria": "Strong understanding of Agile and SCRUM methodologies",
                    "meets": false
                },
                {
                    "criteria": "10+ years of industry experience in project management and data analytics",
                    "meets": false
                },
                {
                    "criteria": "Proficiency in using analytical software and tools like PowerBI and Oracle DV",
                    "meets": true
                }
            ],
            "aggregated_scores": {
                "macro_scores": 6.48,
                "micro_scores": 3.71
            }
        },
        "personal_info": {
            "name": "Ali Rehman Bhutta",
            "email": "23110213@lums.edu.pk",
            "phone": "+923451030599",
            "current_position": "Independent Marketing & Sales Consultant",
            "current_company": "Self-employed",
            "employment_start_date_current_company": "09-2020",
            "first_company_start_date": "05-2022",
            "urls": [
                {
                    "website_name": "LinkedIn",
                    "url": "https://www.linkedin.com/in/alirehmanbhutta/"
                }
            ]
        },
        "valid_resume_and_jd": true
    },
    "input": {
        "job_description": "Join **TechVentures Inc.** as a **Senior Project Manager** where you'll oversee the delivery of key data management and analytics projects. We are looking for an innovative leader who can set and uphold delivery standards, while managing cross-functional teams to achieve the highest levels of service excellence. Your expertise in pre-sales, solution architecture, and client relationship management will drive our expansion into new markets and optimize existing processes.\n\n### Key Responsibilities:\n- Lead and manage complex data analytics and management projects from inception through completion.\n- Develop and implement quality and project management systems to align with organizational goals.\n- Coordinate solutions architecture and pre-sales activities, including the preparation of RFPs and EOIs.\n- Mentor and guide junior team members in professional development and project execution.\n- Engage with clients to deliver tailored business solutions and improve customer satisfaction.\n- Collaborate with other departments to identify improvement opportunities and streamline processes.\n\n### Preferred Skills:\n- Proficiency in data tools such as PowerBI, Oracle DV, and Tableau.\n- Strong understanding of software development methodologies including Agile and SCRUM.\n- Demonstrated ability to lead large technical teams and handle stakeholder communications effectively.\n- Expertise in business intelligence implementation and enterprise data warehousing.\n\n### Why Join Us?\n- Opportunity to work on impactful projects with global reach.\n- Collaborative and inclusive work environment.\n- Continuous learning and professional development opportunities.\n\nBecome a part of a team that values integrity, excellence, and innovation, and help us redefine what's possible in the tech industry.",
        "macro_dict": {
            "leadership": 70,
            "project management experience": 22,
            "technical expertise": 8
        },
        "micro_dict": {
            "pre-sales consulting": 4,
            "solution architecture": 63,
            "quality management systems": 33
        },
        "additional_info": "Preferred universities include National University of Computer and Emerging Sciences in Pakistan and equivalent institutions. We offer relocation support for candidates based outside of the hiring city, subject to management approval. Skills are assessed through a combination of technical tests, project management case studies, and panel interviews consisting of departmental heads and HR representatives.",
        "minimum_requirements": [
            "Strong understanding of Agile and SCRUM methodologies",
            "10+ years of industry experience in project management and data analytics",
            "Proficiency in using analytical software and tools like PowerBI and Oracle DV"
        ],
        "resume": "Ali Rehman Bhutta  \n+923451030599  | 23110213@lums.edu.pk  | https://www.linkedin.com/in/alirehmanbhutta/  \nEDUCATION  \nLahore University of Management Sciences                                                     \nBSc (Honors) in Management Science            \n- Key Courses: Integrated Marketing Communication , Supply Chain Management , Operation Management , Strategic \nBusiness Management , Sales Force Management , Business Ana lytics , Consumer Behavior . \nUniversity of Baltistan  (UOBS)                                                                                                                            \nSummer Exchange Semester  \n\u2022 Course: Introduction to E -commerce  \nIntermediate (FSc.)  \u2013 Pre-Engineering                                                                                  \n\u2022 Engineering Mathematics, Physics, Chemistry  \nPROFESSIONAL EXPERIENCE  \nDRIPSTERZ  \u2013 Co-Founder                                                                                                                                                                       Oct 20 22 \u2013 Feb 2023  \n\u2022 Co-founded a preloved premium -quality sneakers brand  named DRIPSTERZ , taking a proactive approach to make fashion \nand quality accessible to everyone.  \n\u2022 Streamlined the supply chain and established partnerships with 10 suppliers, procuring 400 unique pairs of premium \nsneakers within the first two months of operations.  \n\u2022 Boosted sales by 30% through effective utilization of social media channels, leveraging targeted strategies to engage with \nthe target audience.  \nRetail E -Commerce Venture (REV)  \u2013 Business  Development Intern                                                                           May  2022 \u2013 June  2022  \n\u2022 Managed end to end client relationships and increased pre -acquisition client satisfaction by 20% through effective \nstakeholder management and engagement practices.  \n\u2022 Developed the optimal customer journey map for the marketing function to increase flexibility of the marketing \nengagement strategy leading to a 25% increase in lead generation and 5% increase in client acquisition.  \nIndependent Marketing & Sales Consultant  \u2013 E-Commerce Centric                                  Sep 20 20 \u2013 Mar 2023  \n\u2022 Increased average sales  by 20%  for a retail focused e -commerce client by providing end to end  solutions on demand & \nsupply planning, operations management, and driving product sales.   \n\u2022 Helped my clients find new products, managed social media advertisements, and created stores which later scaled to more \nthan $20,000 individually.  \n\u2022  Automated company operations for 4 clients impr oving task completion rates by 60% by partnering up with Trello, Slack, \nand click funnel software .  \n\u2022 Improved the store conversion  rate to 4% (1-2 % aver age) by taking a customer centric approach \u2013 using google analytics \nand A/B testing on optimized product portfolio of the store.   \nLEADERSHIP EXPERIENCE  \nSahara Foundation  - Co-Founder                                                                                                                                      Jun 2020 \u2013 Present  \n\u2022 Sahara is an NGO aiming to bridge the gap between the poor and the rich.  \n\u2022 Launched the foundation during the pandemic and distributed ration to more than 100 de serving families.  \n\u2022 Raised 1.5 million PKR through developing marketing and sponsorships proposals increasing historical fund raising by 30%.  \nLUMS Environmental Action Forum  (LEAF)  - Project Lead                                                                                     Oct 2022 \u2013 Mar 2023  \n\u2022 Led two engagement teams for local SMEs by conducting product portfolio analysis and developing growth strategy \nbringing in 0.1 million in PKR for LEAF.  \nProjects & Research Experience  \n\u2022 EcoSprings - Marketing Campaign for Eco -friendly Water Bottles : Wrote a case study for product entry of an eco -friendly \nbottled water brand  named EcoSprings. Forecasted entry level demand using bass diffusion model and projected \nprofitability for the next two m onths .  \n\u2022 Stock Valuation - Honda Cars Pakistan : Projected the sales of Honda Cars Pakistan for the next five years based on its past \nvariation with inflation, GDP growth, Exchange rate, and automobile industry growth. The insights were used for \ninvestment perspectives .  \nSKILLS & PERSONAL  \nLanguages : Urdu  (native), English (fluent), Punjabi (native)  \nIT: MS Office (Complete), Facebook Advertising, Digital Marketing, Power BI  \u2013 Intermediate , JIRA , SQL \u2013 Advanced . \nInterests : Hiking & Mountaineering, Folk Music,  Singing ( Hip-hop/Rap), Travelling  "
    },
    "details": {
        "name": "Ali Rehman Bhutta",
        "number": "923451030599",
        "skills": [
            "MS Office (Complete)",
            "Facebook Advertising",
            "Digital Marketing",
            "Power BI \u2013 Intermediate",
            "JIRA",
            "SQL \u2013 Advanced"
        ],
        "email_id": "23110213@lums.edu.pk",
        "location": "",
        "projects": [],
        "education": [
            {
                "end_date": "06-2023",
                "university": "Lahore University of Management Sciences",
                "degree_title": "BSc (Honors) in Management Science"
            },
            {
                "end_date": "06-2022",
                "university": "University of Baltistan (UOBS)",
                "degree_title": "Summer Exchange Semester"
            }
        ],
        "achievements": [],
        "publications": [],
        "certifications": [],
        "additional_urls": [
            {
                "url": "linkedin.com/in/alirehmanbhutta",
                "website_name": "LinkedIn"
            }
        ],
        "executive_summary": "Ali Rehman Bhutta is a dynamic entrepreneur and business development professional with a strong background in management science and e-commerce. He has co-founded a successful sneaker brand and has experience in enhancing client relationships and driving sales through innovative marketing strategies. His technical skills include proficiency in various software and tools essential for digital marketing and data analysis.",
        "employment_history": [
            {
                "details": "Co-founded a preloved premium-quality sneakers brand named DRIPSTERZ, streamlining the supply chain and establishing partnerships with suppliers.",
                "end_date": "02-2023",
                "location": "",
                "job_title": "Co-Founder",
                "start_date": "10-2022",
                "company_name": "DRIPSTERZ"
            },
            {
                "details": "Managed end to end client relationships and increased pre-acquisition client satisfaction through effective stakeholder management.",
                "end_date": "06-2022",
                "location": "",
                "job_title": "Business Development Intern",
                "start_date": "05-2022",
                "company_name": "Retail E-Commerce Venture (REV)"
            },
            {
                "details": "Increased average sales for a retail-focused e-commerce client by providing end to end solutions on demand & supply planning, operations management, and driving product sales.",
                "end_date": "03-2023",
                "location": "",
                "job_title": "Independent Marketing & Sales Consultant",
                "start_date": "09-2020",
                "company_name": "E-Commerce Centric"
            }
        ]
    }
}