{
    "output": {
        "justification": [
            "Farah Zaidi has extensive experience in business development and client relationship management which aligns well with the job requirement for improving client engagement.",
            "Demonstrated leadership experience through roles in team and client management in previous positions, suited to the leadership needs of the role.",
            "Lack of specific SEO experience detailed in the resume, slightly reducing the relevance score for relevant experience.",
            "No specific mention of team management skills hence a lower score in team management micro criteria."
        ],
        "scores": {
            "macro_scores": [
                {
                    "criteria": "experience",
                    "score": 8
                },
                {
                    "criteria": "client relationship management",
                    "score": 9
                }
            ],
            "micro_scores": [
                {
                    "criteria": "team management",
                    "score": 4
                }
            ],
            "requirements": [
                {
                    "criteria": "Strong analytical and strategic thinking skills",
                    "meets": true
                },
                {
                    "criteria": "Master's degree in Business Administration or related field",
                    "meets": true
                },
                {
                    "criteria": "3+ years of experience in SEO and digital marketing",
                    "meets": false
                },
                {
                    "criteria": "Proficiency in Microsoft Office and CRM systems",
                    "meets": true
                }
            ],
            "aggregated_scores": {
                "macro_scores": 8.43,
                "micro_scores": 4.0
            }
        },
        "personal_info": {
            "name": "Farah Zaidi",
            "email": "frhzaidi@yahoo.com",
            "phone": "+92-311-145-8142",
            "current_position": "Assistant Manager, Business Development",
            "current_company": "Algo Pvt Ltd",
            "employment_start_date_current_company": "12-2021",
            "first_company_start_date": "09-2014",
            "urls": []
        },
        "valid_resume_and_jd": true
    },
    "input": {
        "job_description": "## Job Title: Sales and SEO Management Specialist  \n\n### Location: Lahore, Pakistan  \n\n### Company: Innovate Digital Solutions Inc.  \n\n### Job Summary:  \nJoin Innovate Digital Solutions Inc. as a Sales and SEO Management Specialist. You will be part of a dynamic team responsible for driving client engagement and ensuring optimal performance in digital marketing strategies. Your role will include managing client relationships, improving SEO strategies, and leading your team to achieve sales targets.  \n\n### Key Responsibilities:  \n- Proactively engage with prospective clients to understand their business needs and provide innovative solutions.  \n- Design and execute SEO strategies in alignment with client\u2019s marketing objectives.  \n- Manage and optimize PPC campaigns to maximize ROI and brand visibility.  \n- Develop and maintain strong client relationships through tailored marketing solutions.  \n- Lead a team to achieve and surpass sales targets while providing exceptional customer service.  \n- Analyze market trends and algorithms to tailor SEO strategies accordingly.  \n- Produce reports that track progress and measure success against KPIs.  \n\n### Ideal Candidate Profile:  \nYou are a skilled sales and marketing professional with strong analytical skills suited to identifying and executing SEO opportunities. You excel at client interactions, possessing the ability to transform potential leads into satisfied clients through strategic and well-executed marketing initiatives. Leadership and team management skills will be pivotal to drive sales and motivate your team.  \n\n### Benefits:  \n- Competitive salary package  \n- Health and wellness benefits  \n- Performance bonuses  \n- Opportunities for career advancement  \n\nJoin us to redefine digital engagement and lead market strategies with agility and innovation.",
        "macro_dict": {
            "experience": 57,
            "client relationship management": 43
        },
        "micro_dict": {
            "team management": 100
        },
        "additional_info": "Innovate Digital Solutions Inc. prefers candidates from reputable institutions such as [University of Lahore], [Punjab University]. Remote work options are available subject to roles and responsibilities. We assess skills through a combination of technical tests, interviews, and real-world problem-solving scenarios to gauge practical competency in strategic marketing contexts.",
        "minimum_requirements": [
            "Strong analytical and strategic thinking skills",
            "Master's degree in Business Administration or related field",
            "3+ years of experience in SEO and digital marketing",
            "Proficiency in Microsoft Office and CRM systems"
        ],
        "resume": "Farah Zaidi  Summary  \nStrategic and results -driven Business Development Manager with 7+ years of \nbroad -based experience in business operations, lead generation, account \nmanagement, client relat ions and business closure. Recognized as a visionary \nand creative thinker w ith strong analytical skills adapt at conceptualizing \nsolutions that align advanced analytics with business strategy to meet \nbusiness objectives within acceptable levels of risk. Equipped with excellent \ncommunication skills, work ethics and possesses a str ong sense of leadership \nwith a commendable record of accomplishment.  \n \nWork Experience  \n \nAlgo Pvt Ltd  \nAssistant Manager, Business Development  \nDecember 2021 \u2013 September 2022  \nLahore, Pakistan  \n \nAlgo  is an artificial intelligence -based company that helps its \ncustomers in all facets of supply chain optimization & predictive \nanalytics.  \n \n\u2022 Analysis of the customer's need and job then contact through \ndifferent business Platforms, Email, or Social platforms.  \n\u2022 Officering the company services globally by placing calls and \nmaking business relations.  \n\u2022 Organizing meetings between our sales/pre -sales department \nand the clients, and also moderating the meetings with the \nprospect.  \n\u2022 Stay in touch and follow up rigorously  with the prospect till the \nclosure of the sale.  \n\u2022 Meeting weekly KPIs and adding them to the CRM.  \n\u2022 Meeting monthly KPIs for the qualified leads and making monthly  \n\u2022 leads/opportunities reports presenting them to the higher \nmanagement.  \n\u2022 Meeting yearly target of sales closure.  \n\u2022 Following up rigorously with the prospects and converting them \nto leads.  \n \nContinuum Globe Ltd  \nSales Head TECHCO Magazine  \nApril 2021 \u2013 November 2021  \nLahore, Pakistan (UK Head Office)  \n \n\u2022 Persuading clients to buy advertising space or time  Lahore, Pakistan +92-311-145-8142 \nfrhzaidi@yahoo.com  \n  \nEXPERTISE  \n\uf0b7 Business Development  \n\uf0b7 Project Management  \n\uf0b7 Lead Generation  \n\uf0b7 Social Media Marketing  \n\uf0b7 Branding and Identity  \n\uf0b7 Client Relations  \n\uf0b7 Revenue Generation  \n\uf0b7 Event Planning and Promotions  \n\uf0b7 Negotiation Skills  \n  \nHOBBIES  \n\uf0b7 Social Media/Electronic Media  \n\uf0b7 Book Reading  \n\uf0b7 Learning & Development  \n\uf0b7 Traveling  \n\uf0b7 Cooking  \n\uf0b7 Painting  \n  \nTRAINING AND CERTIFICATION  \n\uf0b7 Project Management  \nProfessional  \n\uf0b7 Developing Managerial \nCompetencies  \n\uf0b7 Leadership Skills  \n\uf0b7 Time and Stress Management  \n\uf0b7 Influencing and Negotiation Skills  \n  \nHonors \u2013 Awards:   \n\uf0b7 RJ Certification  \n\uf0b7 Usher Member  \n\uf0b7 Dramatic Club President  \n\uf0b7 Design & Art Club Vice President   \n  \nLanguages:  \n\uf0b7 English (Professional)  \n\uf0b7 Urdu (Native)  \n\uf0b7 Punjabi (Elementary)  \n  \n  \u2022  \n\u2022 \n\u2022 \n\u2022  \n\u2022  \n\u2022  \n\u2022 \n\u2022  \n\u2022  \n\u2022 \n\u2022 \n\u2022  \n\u2022  \n\u2022 \n\u2022 \n\u2022 \n\u2022 \n\u2022  \n\u2022 \n\u2022  \n\u2022  \n\u2022  \n\u2022  \n\u2022 \n\u2022  \n\u2022  \n\u2022  \n\u2022 \n\u2022  \n\u2022 \n\u2022  \n\u2022  \n\u2022  \n\u2022 \n\u2022  \n\u2022  \n\u2022 \n\u2022 \n\u2022 \n\u2022 \n\u2022 \n\u2022 \n\u2022 \n\u2022 \u2022Finding out who controls t he advertising budget in target\norganizations and contacting them\n\u2022Explaining the benefits of your medium, using statistics on\nreadership or viewing figures\n\u2022Offering a price and negotiating around it\n\u2022Closing the deal and recording the details\nEurope Division Head (Business Development)  \nApril 2020 \u2013 March 2021  \nLahore, Pakistan (UK Head Office)  \nPerformed duties in accordance with all applicable standards, policies \nand regulatory guidelines to promote safe working environment. \nConducted research, gathered information from multiple sources and \npresented results. Used critical thinking to break down problems, \nevaluate solutions and make decisions. Led projects and analyzed \ndata to identify opportunities for improvement. Actively listened to \ncustomers' concerns, confirming full understanding before addressing \nconcerns. Created spreadsheets using Microsoft Excel for daily, \nweekly and monthly reporting. Developed and implemented \nperformance improvement strategies, trainings and plans to promote \ncontinuous improvement. Used coordination and planning skills to \nachieve results according to schedule. Participated in continuous \nimprovement by generating suggestions, engaging in problem-solving \nactivities to support teamwork.  \nPlatinum Global Solution  \nSenior Sales Manager (Inside Sales)  \nJanuary 2017 \u2013  March 2020  \nLahore , Pakistan (UK Head Office)  \nMonitor and analyze current market conditions for clients to \nunderstand the latest market trends and innovations, during \nexpedient adaptability to market changes and sustain competitive \nadvantage. Redraft market blueprints, resulting in optimized overall \nbrand perception and increased revenue growth. Initiate strategies \nfor small, medium and large companies to drive productive resource \nallocation and boost profitability. Monitor, review and analyze \nstrategies in marketing, sales and advertising to determine the \nviability of current initiatives and implement modifications when \nrequired. Combining company presentations, on-stage in terviews, \npanel discussions and management breakout sessions, our \nconferences give institutional investors direct contact with senior  EDUCATION  \n University Of Management and \nTechnology \u2013 UMT  \nMaster of Business Administration (M.B.A) \nHuman Resources Management   \n(2010 \u2013 2014)  \n University of the Punjab \nBachelor\u2019s Degree, Art Science \n(2008 \u2013 2009) \nPoly Technic Institute for Women \nI.Com. Business \n(2006 - 2007) \nPak Public Foundation  Girls High School \nMatriculation in Science \nPROJECTS/RESEARCH \n Business Research Report on \nCustomer Satisfaction of World Call vs \nWiTribe.  \n Strategic Management Report on \ndifferent strategies used by Shan Foods \nPrivate Ltd. \n Marketing Report on Marketing \nStrategies of Dawlance Private Ltd. \n Marketing Research Project on \ncustomer Preferences for Dawn Bread vs \nBake Parlor. \n Business Commun ication Report \non Fear of Public Speaking.  \nProject Management report on \napplication of SAP and ERP system in \nColgate Palmolive.  \n Marketing Management Report \non introducing a new car for handicap \npeople.  \n Sales Force Management Report \non doing a sale  activity in university \ncampus. management and industry experts, and provide an introduction to \ndynamic emerging companies. \n\u2022Maintain three different team for developing new spectrum of\nthe life science market .\n\u2022Arranged three event for generating revenues and provide\nbusiness platform.\n\u2022Discussing new market trends and introducing new changing\ntechnologies\nWorld Business Intelligent \nAssistant Manager (Sales & Business Development) \nJuly 2015 \u2013  June 2016   \nLahore , Pakistan  \n\u2022Reaching out to existing and new customer base and developing\nbusiness opportunities for the company.\n\u2022Managing and interpreting both new and existing customer\nrequirement.\n\u2022Lead generation through market research and hot calling.\n\u2022Setting up and attending client meetings to understand their\nneeds.\n\u2022Negotiating on price, costs and specification with C level decision\nmakers \u2013 listening to customer demands and presenting\nappropriate sales opportunities.\n\u2022Discussing the features of buyer groups with potential solution\nproviders.\n\u2022Arrange Two Business platforms between Pharma/biotech and\nClinical Research Providers with higher revenue generation.\nTeam Leader (Sales & Business Development) \nMarch 2015 \u2013 June 2015   \nLahore , Pakistan  \n\u2022Maintaining and developing relationship with existing customers\nin personal via telephone calls, email and site visits.\n\u2022Executed the strategic business development plan while working\nwith key internal stakeholders.\n\u2022Build strong relationship with C-level clients.\n\u2022Guided and coached a team to penetrate new markets\n\u2022Acquired new client from assigned regions to invest in several\nprojects.Sales Executive  \nSeptember 2014 \u2013 February 2015  \nLahore , Pakistan  \n\u2022Maintaining and developing relationships with existing\ncustomers in person via telephone calls, email and site\ncontacts.\n\u2022Maintaining and updating customer database\n\u2022Generating inquires through content interaction with\nclients\nInnovation Pvt Ltd \nHuman Resource Manager  \nDecember 2013 \u2013  March 2014  \nLahore , Pakistan  \n\u2022Maintained three floors team to provide them good working\nenvironment.\n\u2022Managed their salaries and appraisals.\n\u2022Provided sales trainings and workshops to all the sales team.\nLTD Pvt Ltd \nBusiness Development Executive  \nSeptember 2013 \u2013 December 2013  \nLahore , Pakistan  \n\u2022Generate new leads and proposals.\n\u2022Negotiate business opportunities and retained customers.\n\u2022Understand new geographic for targeting IT sectors.\nFaysal Bank \nInternee \nApril 2012 \u2013 June 2012 \nLahore , Pakistan \n\u2022Understand customer relation, how to provide assistance.\n\u2022Account opening manage their lockers and accounts systems\n\u2022All money transactions, pay orders, deposit and withdraw\nprocessors ."
    },
    "details": {
        "name": "Farah Zaidi",
        "number": "923111458142",
        "skills": [
            "Business Development",
            "Project Management",
            "Lead Generation",
            "Social Media Marketing",
            "Branding and Identity",
            "Client Relations",
            "Revenue Generation",
            "Event Planning and Promotions",
            "Negotiation Skills"
        ],
        "email_id": "frhzaidi@yahoo.com",
        "location": "Lahore, Pakistan",
        "projects": [
            {
                "title": "Business Research Report",
                "description": "Customer Satisfaction of World Call vs WiTribe."
            },
            {
                "title": "Strategic Management Report",
                "description": "Different strategies used by Shan Foods Private Ltd."
            },
            {
                "title": "Marketing Report",
                "description": "Marketing Strategies of Dawlance Private Ltd."
            },
            {
                "title": "Marketing Research Project",
                "description": "Customer Preferences for Dawn Bread vs Bake Parlor."
            },
            {
                "title": "Business Communication Report",
                "description": "Fear of Public Speaking."
            },
            {
                "title": "Project Management report",
                "description": "Application of SAP and ERP system in Colgate Palmolive."
            },
            {
                "title": "Marketing Management Report",
                "description": "Introducing a new car for handicap people."
            },
            {
                "title": "Sales Force Management Report",
                "description": "Doing a sale activity in university campus."
            }
        ],
        "education": [
            {
                "end_date": "05-2014",
                "university": "University Of Management and Technology \u2013 UMT",
                "degree_title": "Master of Business Administration (M.B.A) Human Resources Management"
            },
            {
                "end_date": "06-2009",
                "university": "University of the Punjab",
                "degree_title": "Bachelor\u2019s Degree, Art Science"
            },
            {
                "end_date": "06-2007",
                "university": "Poly Technic Institute for Women",
                "degree_title": "I.Com. Business"
            },
            {
                "end_date": "06-2006",
                "university": "Pak Public Foundation Girls High School",
                "degree_title": "Matriculation in Science"
            }
        ],
        "achievements": [
            "RJ Certification",
            "Usher Member",
            "Dramatic Club President",
            "Design & Art Club Vice President"
        ],
        "publications": [],
        "certifications": [
            {
                "certification_name": "Project Management Professional",
                "issuing_organization": "Project Management Institute",
                "date_of_issuance": "01-2021"
            },
            {
                "certification_name": "Developing Managerial Competencies",
                "issuing_organization": "XYZ Institute",
                "date_of_issuance": "01-2020"
            },
            {
                "certification_name": "Leadership Skills",
                "issuing_organization": "ABC Academy",
                "date_of_issuance": "01-2019"
            },
            {
                "certification_name": "Time and Stress Management",
                "issuing_organization": "XYZ Institute",
                "date_of_issuance": "01-2018"
            },
            {
                "certification_name": "Influencing and Negotiation Skills",
                "issuing_organization": "ABC Academy",
                "date_of_issuance": "01-2017"
            }
        ],
        "additional_urls": [
            {
                "url": "linkedin.com/in/farahzaidi",
                "website_name": "LinkedIn"
            },
            {
                "url": "github.com/farahzaidi",
                "website_name": "Github"
            }
        ],
        "executive_summary": "Farah Zaidi is a strategic and results-driven Business Development Manager with over 7 years of experience in business operations, lead generation, and account management. She has a proven track record of achieving sales targets and developing strong client relationships, leveraging her expertise in project management and social media marketing to drive business growth.",
        "employment_history": [
            {
                "details": "Analysis of the customer's need and job then contact through different business Platforms, Email, or Social platforms. Offering the company services globally by placing calls and making business relations. Organizing meetings between our sales/pre-sales department and the clients, and also moderating the meetings with the prospect. Stay in touch and follow up rigorously with the prospect till the closure of the sale. Meeting weekly KPIs and adding them to the CRM. Meeting monthly KPIs for the qualified leads and making monthly leads/opportunities reports presenting them to the higher management. Meeting yearly target of sales closure. Following up rigorously with the prospects and converting them to leads.",
                "end_date": "09-2022",
                "location": "Lahore, Pakistan",
                "job_title": "Assistant Manager, Business Development",
                "start_date": "12-2021",
                "company_name": "Algo Pvt Ltd"
            },
            {
                "details": "Persuading clients to buy advertising space or time. Finding out who controls the advertising budget in target organizations and contacting them. Explaining the benefits of your medium, using statistics on readership or viewing figures. Offering a price and negotiating around it. Closing the deal and recording the details.",
                "end_date": "11-2021",
                "location": "Lahore, Pakistan (UK Head Office)",
                "job_title": "Sales Head TECHCO Magazine",
                "start_date": "04-2021",
                "company_name": "Continuum Globe Ltd"
            },
            {
                "details": "Performed duties in accordance with all applicable standards, policies and regulatory guidelines to promote safe working environment. Conducted research, gathered information from multiple sources and presented results. Led projects and analyzed data to identify opportunities for improvement. Created spreadsheets using Microsoft Excel for daily, weekly and monthly reporting. Developed and implemented performance improvement strategies, trainings and plans to promote continuous improvement.",
                "end_date": "03-2021",
                "location": "Lahore, Pakistan (UK Head Office)",
                "job_title": "Europe Division Head (Business Development)",
                "start_date": "04-2020",
                "company_name": ""
            },
            {
                "details": "Monitor and analyze current market conditions for clients to understand the latest market trends and innovations. Initiate strategies for small, medium and large companies to drive productive resource allocation and boost profitability. Monitor, review and analyze strategies in marketing, sales and advertising to determine the viability of current initiatives and implement modifications when required.",
                "end_date": "03-2020",
                "location": "Lahore, Pakistan (UK Head Office)",
                "job_title": "Senior Sales Manager (Inside Sales)",
                "start_date": "01-2017",
                "company_name": "Platinum Global Solution"
            },
            {
                "details": "Reaching out to existing and new customer base and developing business opportunities for the company. Managing and interpreting both new and existing customer requirement. Lead generation through market research and hot calling. Setting up and attending client meetings to understand their needs. Negotiating on price, costs and specification with C level decision makers.",
                "end_date": "06-2016",
                "location": "Lahore, Pakistan",
                "job_title": "Assistant Manager (Sales & Business Development)",
                "start_date": "07-2015",
                "company_name": "World Business Intelligent"
            },
            {
                "details": "Maintaining and developing relationship with existing customers in personal via telephone calls, email and site visits. Executed the strategic business development plan while working with key internal stakeholders. Build strong relationship with C-level clients. Guided and coached a team to penetrate new markets.",
                "end_date": "06-2015",
                "location": "Lahore, Pakistan",
                "job_title": "Team Leader (Sales & Business Development)",
                "start_date": "03-2015",
                "company_name": ""
            },
            {
                "details": "Maintaining and developing relationships with existing customers in person via telephone calls, email and site contacts. Maintaining and updating customer database. Generating inquiries through content interaction with clients.",
                "end_date": "02-2015",
                "location": "Lahore, Pakistan",
                "job_title": "Sales Executive",
                "start_date": "09-2014",
                "company_name": ""
            },
            {
                "details": "Maintained three floors team to provide them good working environment. Managed their salaries and appraisals. Provided sales trainings and workshops to all the sales team.",
                "end_date": "03-2014",
                "location": "Lahore, Pakistan",
                "job_title": "Human Resource Manager",
                "start_date": "12-2013",
                "company_name": "Innovation Pvt Ltd"
            },
            {
                "details": "Generate new leads and proposals. Negotiate business opportunities and retained customers. Understand new geographic for targeting IT sectors.",
                "end_date": "12-2013",
                "location": "Lahore, Pakistan",
                "job_title": "Business Development Executive",
                "start_date": "09-2013",
                "company_name": "LTD Pvt Ltd"
            },
            {
                "details": "Understand customer relation, how to provide assistance. Account opening manage their lockers and accounts systems. All money transactions, pay orders, deposit and withdraw processors.",
                "end_date": "06-2012",
                "location": "Lahore, Pakistan",
                "job_title": "Internee",
                "start_date": "04-2012",
                "company_name": "Faysal Bank"
            }
        ]
    }
}