{
    "output": {
        "justification": [
            "Leadership experience is demonstrated through team management and client relationship roles in current position.",
            "Relevant experience aligns more with sales management than business development, impacting scoring slightly.",
            "Excel proficiency not mentioned, impacting micro-scoring for data analysis tools.",
            "Communication skills evident, crucial for business development."
        ],
        "scores": {
            "macro_scores": [
                {
                    "criteria": "leadership",
                    "score": 8
                },
                {
                    "criteria": "experience",
                    "score": 6
                },
                {
                    "criteria": "communication skills",
                    "score": 9
                }
            ],
            "micro_scores": [
                {
                    "criteria": "ms excel",
                    "score": 5
                }
            ],
            "requirements": [
                {
                    "criteria": "Excellent communication skills",
                    "meets": true
                },
                {
                    "criteria": "Bachelor's degree in Business Administration, Economics, or related field",
                    "meets": true
                },
                {
                    "criteria": "Proficiency in MS Office Suite and data analysis tools",
                    "meets": false
                },
                {
                    "criteria": "Ability to manage multiple projects simultaneously",
                    "meets": true
                }
            ],
            "aggregated_scores": {
                "macro_scores": 8.14,
                "micro_scores": 5.0
            }
        },
        "personal_info": {
            "name": "Muhammad Saad Khan",
            "email": "saadkhan771994@gmail.com",
            "phone": "+923217503247",
            "current_position": "Assistant Sales Manager",
            "current_company": "Kasmy Pack Ltd.",
            "employment_start_date_current_company": "07-2019",
            "first_company_start_date": "02-2018",
            "urls": []
        },
        "valid_resume_and_jd": true
    },
    "input": {
        "job_description": "### Business Development Executive\n\n**Company:** Innovate Dynamics Ltd.\n\n**Location:** Hyderabad, India\n\n**Role Overview:**\nJoin Innovate Dynamics Ltd. as a Business Development Executive, where you will play a pivotal role in driving business growth by generating leads and managing key client accounts. Leverage your expertise in economic analysis and marketing strategies to enhance our market presence and build strong client relationships.\n\n**Responsibilities:**\n- Develop and execute comprehensive business development plans to achieve company objectives.\n- Identify and engage prospective clients across diverse niches, including software development and outsourcing.\n- Manage and grow relationships with key accounts to drive long-term success.\n- Utilize digital marketing strategies to boost client engagement and retention.\n- Collaborate with cross-functional teams to develop tailored client solutions.\n- Utilize LinkedIn Sales Navigator to identify and approach new business leads.\n\n**Qualifications:**\n- Bachelor\u2019s degree in Business Administration, Economics, or related field.\n- 3-5 years of experience in business development or related fields.\n- Strong proficiency with MS Office Suite and data analysis tools like Stata.\n- Excellent verbal and written communication skills.\n- Ability to multitask and manage multiple projects simultaneously.",
        "macro_dict": {
            "leadership": 65,
            "experience": 7,
            "communication skills": 28
        },
        "micro_dict": {
            "ms excel": 100
        },
        "additional_info": "Innovate Dynamics Ltd. prioritizes applicants from top-tier universities such as [University X] and [University Y]. Relocation assistance is available for candidates willing to move to Hyderabad. Technical skills are assessed through standardized tests and a series of interviews. Our company encourages diversity and inclusivity in the hiring process.",
        "minimum_requirements": [
            "Excellent communication skills",
            "Bachelor's degree in Business Administration, Economics, or related field",
            "Proficiency in MS Office Suite and data analysis tools",
            "Ability to manage multiple projects simultaneously"
        ],
        "resume": "saadkhan771994@gmail.com \n House No #131, Eastern\nBlock Bahria Orchard- Lahore  +923217503247 M u h a m m a d\nS a a d  K h a n\nASSISTANT SALES MANAGER\nI am a driven individual, that loves a\nchallenge. I have a few years of\nexperience in both sales and marketing\nacquired while working in the FMCG,\nprinting and courier industry.P E R S O N A L  S U M M A R YW O R K  E X P E R I E N C E\nE D U C A T I O N\nC O N T A C T\nE X P E R T I S EEnsuring smooth production and delivery of orders\nEnsuring monthly sales targets\nAcquisition of prospective clients\nOversight and management of assigned team\nClient relationship management\nExecution and oversight of assigned ordersKasmy Pack Ltd.\nAssistant Sales ManagerJuly 2019 - Present\nSales team management\nData analysis and sales forecasting\nMeeting and exceeding sales targets\nVendor relationship management \nAcquisition of new vendors to expand targeted\nterritoryBunny's Limited\nSales ExecutiveFeb 2018 - May 2018\nDouble Majors in Marketing & Finance (CGPA 3.28) Lahore School of Economics\nBBA (Honors)August 2013 - May 2017Major in Marketing (CGPA 3.2)Lahore School of Economics\nMBA August 2018-May 2019\nTeam Management\nClient Relationship Management\nConflict Management & ResolutionStrong Communication Skills\nSales Execution\nContract NegotiationP R O J E T C S\nS M E\nPrepared a detailed plan for the launch of an\nintermediary service named \"Auto App\".\nB r a n d i n g\nPrepared a marketing plan for the brand extension \nof Coca Cola.\nI n v e s t m e n t s\nConducted a detailed fundamental analysis of\nTandiaWala to make an investment decision"
    },
    "details": {
        "name": "Muhammad Saad Khan",
        "number": "923217503247",
        "skills": [
            "Sales Execution",
            "Data Analysis",
            "Sales Forecasting",
            "Vendor Relationship Management",
            "Client Relationship Management"
        ],
        "email_id": "saadkhan771994@gmail.com",
        "location": "House No #131, Eastern Block Bahria Orchard- Lahore",
        "projects": [
            {
                "title": "Auto App",
                "description": "Prepared a detailed plan for the launch of an intermediary service named 'Auto App'."
            },
            {
                "title": "Coca Cola Brand Extension",
                "description": "Prepared a marketing plan for the brand extension of Coca Cola."
            },
            {
                "title": "TandiaWala Investment Analysis",
                "description": "Conducted a detailed fundamental analysis of TandiaWala to make an investment decision."
            }
        ],
        "education": [
            {
                "end_date": "05-2017",
                "university": "Lahore School of Economics",
                "degree_title": "BBA (Honors) Major in Marketing (CGPA 3.2)"
            },
            {
                "end_date": "05-2019",
                "university": "Lahore School of Economics",
                "degree_title": "MBA"
            },
            {
                "end_date": "05-2020",
                "university": "Lahore School of Economics",
                "degree_title": "Double Majors in Marketing & Finance (CGPA 3.28)"
            }
        ],
        "achievements": [],
        "publications": [],
        "certifications": [],
        "additional_urls": [],
        "executive_summary": "Muhammad Saad Khan is an accomplished Assistant Sales Manager with a strong background in sales and marketing within the FMCG, printing, and courier industries. He has demonstrated expertise in data analysis, sales forecasting, and client relationship management, consistently meeting and exceeding sales targets.",
        "employment_history": [
            {
                "details": "Ensuring smooth production and delivery of orders, ensuring monthly sales targets, acquisition of prospective clients, oversight and management of assigned team, client relationship management, execution and oversight of assigned orders.",
                "end_date": "Present",
                "location": "Lahore",
                "job_title": "Assistant Sales Manager",
                "start_date": "07-2019",
                "company_name": "Kasmy Pack Ltd."
            },
            {
                "details": "Sales team management, data analysis and sales forecasting, meeting and exceeding sales targets, vendor relationship management, acquisition of new vendors to expand targeted territory.",
                "end_date": "05-2018",
                "location": "Lahore",
                "job_title": "Sales Executive",
                "start_date": "02-2018",
                "company_name": "Bunny's Limited"
            }
        ]
    }
}