{
    "output": {
        "justification": [
            "Candidate has leadership experience as a 'Sr. Business Development Executive' and 'Business Development Officer'.",
            "Lacks direct experience with business intelligence tools such as Power BI, SQL, and Tableau.",
            "University of Management & Technology is recognized by the company, which could favor the candidate.",
            "No direct mention of strong programming skills in C++, HTML, or CSS."
        ],
        "scores": {
            "macro_scores": [
                {
                    "criteria": "leadership",
                    "score": 7
                },
                {
                    "criteria": "innovation and adaptability",
                    "score": 6
                }
            ],
            "micro_scores": [
                {
                    "criteria": "business intelligence tools (power bi, sql, tableau)",
                    "score": 3
                }
            ],
            "requirements": [
                {
                    "criteria": "Experience with business intelligence tools such as Power BI, SQL, and Tableau",
                    "meets": false
                },
                {
                    "criteria": "Proficiency in at least one programming language",
                    "meets": true
                }
            ],
            "aggregated_scores": {
                "macro_scores": 6.74,
                "micro_scores": 3.0
            }
        },
        "personal_info": {
            "name": "Anum Akram",
            "email": "thisisanum28@gmail.com",
            "phone": "+923244048497",
            "current_position": "Sr. Business Development Executive / BDE",
            "current_company": "Invozone",
            "employment_start_date_current_company": "05-2020",
            "first_company_start_date": "03-2015",
            "urls": []
        },
        "valid_resume_and_jd": true
    },
    "input": {
        "job_description": "## Lead Generation and Business Intelligence Specialist\n\nJoin **Innovate Connections Inc.** as a Lead Generation and Business Intelligence Specialist. You will play a pivotal role in driving business growth by spearheading lead generation initiatives and providing strategic insights through data analytics. We are looking for a highly skilled professional with a strong background in lead generation, data management, and business intelligence.\n\n### Key Responsibilities:\n- Develop and execute lead generation strategies using digital marketing techniques, cold calling, and data scraping tools.\n- Collaborate with cross-functional teams to optimize customer acquisition strategies.\n- Utilize CRM systems to manage and analyze client data for lead qualification.\n- Create and manage detailed project schedules and work plans, utilizing best practices and standards for project execution.\n- Develop financial models and business growth strategies based on data insights.\n- Utilize tools such as Power BI, SQL, and Tableau for developing comprehensive data reports and dashboards.\n\n### Desired Skills and Experience:\n- Strong programming skills in C++, HTML, and CSS.\n- Proficiency in digital marketing, email marketing, and social media platforms.\n- Experience in managing large data sets and using BI tools (Power BI, Excel, Tableau).\n- Excellent communication skills and ability to develop strong client relationships.\n- Ability to work independently and manage multiple projects simultaneously.\n\n### Why Innovate Connections Inc.?\n- We innovate at the forefront of technology and enable our team members to grow alongside the company.\n- We value data-driven decision-making and empower our teams with the right tools to succeed.\n- Offering a supportive work environment and opportunities for career advancement.\n\n### How to Apply:\nSubmit your resume and cover letter detailing your relevant experience and why you are interested in joining Innovate Connections Inc.",
        "macro_dict": {
            "leadership": 74,
            "innovation and adaptability": 26
        },
        "micro_dict": {
            "business intelligence tools (power bi, sql, tableau)": 100
        },
        "additional_info": "Innovate Connections Inc. prefers candidates from recognized universities such as the University of Management & Technology and Lahore School of Economics. We encourage a remote working environment but require physical presence for team-building and strategic sessions twice a quarter. Relocation assistance is available for exceptional candidates. Our comprehensive assessment includes a technical test followed by structured interviews to evaluate both technical and soft skills comprehensively.",
        "minimum_requirements": [
            "Experience with business intelligence tools such as Power BI, SQL, and Tableau",
            "Proficiency in at least one programming language"
        ],
        "resume": "Anum Akram\nSr. Business Development Executive / BDE at\nInvozone\nDesire to be a part of vibrant and leading organization and create footprints, to assist the\norganizations in all aspects by utilizing all my skills, knowledge, abilities and experience with a\nbalance of hands-on, management and leadership responsibilities.\n Contact Info\n+923244048497\ue145\nthisisanum28@gmail.com\u2709\n344 Gulshan Block Allama Iqbal Town  \nLahore\nLahore, Pakistan\ue021\n Strengths & Skills\ue185\n\u2714Business Development \u2714Communication Skills \u2714Meetings Management\n\u2714Influencing and negotiation skills \u2714Microsoft Office \u2714Lead Generation\n\u2714Online Bidder \u2714Perposal Writing\n Academics\ue233\nTitle Institute Score Date\nMCS University of Management & Technology\n(UMT) , Lahore3.0 CGPA 2016\nB.com punjab group of colleges , Lahore 80% 2012\nI.com punjab group of colleges , Lahore 80% 2010\nMatriculation govt girls high school , Lahore 70% 2010\n Certifications\ue124\nTitle Authority Date\nPGD Starting October 2014\n Experience   4 years \ue067\n1.4 years\n2.1 years\n2.9 years\n1 yearCompany Designation Duration\nInvozone Sr. Business Development Executive / BDE May 2020 - Oct 2021\nNextage Technologies Business Development Officer / BDO Mar 2018 - Apr 2020\nSaif Autos Client Relationship officer Jan 2016 - Dec 2018\nAbacus Consulting Web Research Analyst Mar 2015 - Mar 2016\n Work History\ue032\nInvozone May 2020 - Oct 2021  (1.4 years)\nSr. Business Development Executive / BDE Lahore, Pakistan\nMy core responsibilities are to grab the projects from Upwork, freelancer and guru, Arc linkedin etc Communication with clients.\nFollow-ups with the clients. Understand the project scope.\nTaking calls of clients and schedule them with technical manager for technical purpose Managing the business of InvoZone\nHandling their Upwork and freelancing Profiles. Managing business and Leads using Hubspot. Generate Leads through Linkedin.\nExplore business from different mediums.\nNextage Technologies Mar 2018 - Apr 2020  (2.1 years)\nBusiness Development Officer / BDO Lahore, Pakistan\nWriting beneficial Proposals and research potential clients.\nExtracting emails and data and save them in a google sheet sending cold emails to companies to offer services by using template lead\ngeneration.\nResolving customer complaints, managing database records, drafting status reports on customer service issues \nWork on yellow and white pages to extract leads Saving contact details in hubspot CRM.\nExpert in tools and extension for extracting emails and phone number Sales Navigator expertise.\nSaif Autos Jan 2016 - Dec 2018  (2.9 years)\nClient Relationship officer London Essex, U.K\nBuilding and maintaining relationships with clients and key personnel within customer companies.\nConducting business reviews to ensure clients are satisfied with their products and services.\nLetting customers know about other products the company offers.\nUpdating the POS/EPOS/CRM and ensuring account managers are aware of changes within clients.\nCarrying out client satisfaction surveys and reviews.\nAbacus Consulting Mar 2015 - Mar 2016  (1 year)\nWeb Research Analyst Lahore, Pakistan\nResearch, collecting, analysing data to implementing new programs into organisation.\nMeasure the effectiveness of marketing strategies to overseeing the development of new product.\nProvide analysis of trends and forecasts and recommend actions for optimization.\nDevelop recommendations to improve business operations going forward\n Projects\ue056\nWeb based deals System\nTools : MVC, Visual Studio etc\nFinal year Project\nOnline Web based deals System using C# Asp.net and MVC framework .MY ROLE is to create UML diagrams such as Use-cases, Class\ndiagram. Moreover, complete database design including ER Diagram and Back-end Programming on Visual Studio.\nSemester Projects\nOnline University Management System in java, which includes Hibernate queries. It was a layered project having (view, model, service,\ncontroller)\nAndroid Application with the name FIND help to locate nearby food points, banks, petrol pump and shopping stores gyms and markets.\n Industries\ue019\nInformation Technology\nSoftware & Web Development Functional Areas*\nSoftware & Web Development\nAccounts, Finance & Financial Services\n Languages\ue038\nEnglish - Native\nUrdu - Native Hobbies\ue007\ngardening\nbook reading\ntravelling\n"
    },
    "details": {
        "name": "Anum Akram",
        "number": "923244048497",
        "skills": [
            "Microsoft Office",
            "Lead Generation",
            "Online Bidder",
            "Proposal Writing"
        ],
        "email_id": "thisisanum28@gmail.com",
        "location": "Lahore, Pakistan",
        "projects": [
            {
                "title": "Web based deals System",
                "description": "Online Web based deals System using C# Asp.net and MVC framework."
            },
            {
                "title": "Online University Management System",
                "description": "A layered project in Java, including Hibernate queries."
            },
            {
                "title": "Android Application FIND",
                "description": "Helps to locate nearby food points, banks, petrol pumps, and shopping stores."
            }
        ],
        "education": [
            {
                "end_date": "06-2016",
                "university": "University of Management & Technology (UMT), Lahore",
                "degree_title": "MCS"
            },
            {
                "end_date": "06-2012",
                "university": "Punjab Group of Colleges, Lahore",
                "degree_title": "B.com"
            },
            {
                "end_date": "06-2010",
                "university": "Punjab Group of Colleges, Lahore",
                "degree_title": "I.com"
            },
            {
                "end_date": "06-2010",
                "university": "Govt Girls High School, Lahore",
                "degree_title": "Matriculation"
            }
        ],
        "achievements": [],
        "publications": [],
        "certifications": [
            {
                "certification_name": "PGD",
                "issuing_organization": "Unknown",
                "date_of_issuance": "10-2014"
            }
        ],
        "additional_urls": [
            {
                "url": "linkedin.com/in/thisisanum",
                "website_name": "LinkedIn"
            }
        ],
        "executive_summary": "Anum Akram is a skilled Sr. Business Development Executive with a strong background in lead generation and proposal writing, demonstrating expertise in utilizing Microsoft Office and online bidding platforms to drive business success.",
        "employment_history": [
            {
                "details": "My core responsibilities are to grab the projects from Upwork, freelancer and guru, Arc linkedin etc Communication with clients. Follow-ups with the clients. Understand the project scope. Taking calls of clients and schedule them with technical manager for technical purpose Managing the business of InvoZone Handling their Upwork and freelancing Profiles. Managing business and Leads using Hubspot. Generate Leads through Linkedin. Explore business from different mediums.",
                "end_date": "10-2021",
                "location": "Lahore, Pakistan",
                "job_title": "Sr. Business Development Executive / BDE",
                "start_date": "05-2020",
                "company_name": "Invozone"
            },
            {
                "details": "Writing beneficial Proposals and research potential clients. Extracting emails and data and save them in a google sheet sending cold emails to companies to offer services by using template lead generation. Resolving customer complaints, managing database records, drafting status reports on customer service issues Work on yellow and white pages to extract leads Saving contact details in hubspot CRM. Expert in tools and extension for extracting emails and phone number Sales Navigator expertise.",
                "end_date": "04-2020",
                "location": "Lahore, Pakistan",
                "job_title": "Business Development Officer / BDO",
                "start_date": "03-2018",
                "company_name": "Nextage Technologies"
            },
            {
                "details": "Building and maintaining relationships with clients and key personnel within customer companies. Conducting business reviews to ensure clients are satisfied with their products and services. Letting customers know about other products the company offers. Updating the POS/EPOS/CRM and ensuring account managers are aware of changes within clients. Carrying out client satisfaction surveys and reviews.",
                "end_date": "12-2018",
                "location": "London Essex, U.K",
                "job_title": "Client Relationship officer",
                "start_date": "01-2016",
                "company_name": "Saif Autos"
            },
            {
                "details": "Research, collecting, analysing data to implementing new programs into organisation. Measure the effectiveness of marketing strategies to overseeing the development of new product. Provide analysis of trends and forecasts and recommend actions for optimization. Develop recommendations to improve business operations going forward.",
                "end_date": "03-2016",
                "location": "Lahore, Pakistan",
                "job_title": "Web Research Analyst",
                "start_date": "03-2015",
                "company_name": "Abacus Consulting"
            }
        ]
    }
}