{
    "output": {
        "justification": [
            "Candidate does not meet the preferred educational background as per additional information.",
            "Lacks the required 5+ years of experience in a relevant role as described in the job description.",
            "Resume does not clearly articulate strategic thinking skills.",
            "Experience primarily in assistant roles with limited strategic responsibility."
        ],
        "scores": {
            "macro_scores": [
                {
                    "criteria": "experience",
                    "score": 4
                }
            ],
            "micro_scores": [
                {
                    "criteria": "microsoft office (excel, word, powerpoint)",
                    "score": 6
                },
                {
                    "criteria": "sales process management",
                    "score": 4
                },
                {
                    "criteria": "negotiation skills",
                    "score": 5
                },
                {
                    "criteria": "account management",
                    "score": 5
                }
            ],
            "requirements": [
                {
                    "criteria": "Strong negotiation and strategic thinking skills",
                    "meets": false
                },
                {
                    "criteria": "5+ years of experience in business development or a related role",
                    "meets": false
                }
            ],
            "aggregated_scores": {
                "macro_scores": 4.0,
                "micro_scores": 4.93
            }
        },
        "personal_info": {
            "name": "Shahbaz Akmal",
            "email": "Sb144368@gmail.com",
            "phone": "+923425245234",
            "current_position": "Senior Business Development Executive",
            "current_company": "Aspire Analytica Software Company Private Limited",
            "employment_start_date_current_company": "01-2022",
            "first_company_start_date": "01-2019",
            "urls": []
        },
        "valid_resume_and_jd": true
    },
    "input": {
        "job_description": "### Business Development Manager\n\n**Fictional Company** is seeking a dynamic and strategic Business Development Manager to join our growing team. In this role, you will develop and execute sales strategies, manage key accounts, and lead business development initiatives to drive organizational growth.\n\n#### Responsibilities:\n- Develop and implement strategies for business development to achieve corporate goals.\n- Oversee the entire sales cycle from lead generation to closing deals.\n- Manage and mentor a team of business development executives, enhancing their potential to optimize company success.\n- Enhance company presence through active engagement in online platforms like LinkedIn and professional network sites.\n- Engage in high-stake negotiations and coordinate with key account stakeholders to ensure client satisfaction and long-term partnerships.\n\n#### Requirements:\n- Utilize analytical skills to identify new opportunities and market trends.\n- Use Microsoft Office Suite effectively for planning, reporting, and presenting sales strategies.\n\nJoin us to play a pivotal role in expanding our business locally and internationally, working alongside a dynamic team in an innovative environment. If you enjoy taking initiative and leading impactful business initiatives, we want to hear from you!",
        "macro_dict": {
            "experience": 100
        },
        "micro_dict": {
            "microsoft office (excel, word, powerpoint)": 25,
            "sales process management": 32,
            "negotiation skills": 31,
            "account management": 12
        },
        "additional_info": "Preferred candidates will have graduated from leading business schools such as FAST NUCES or LUMS. The company supports employee relocation within Pakistan with necessary logistical assistance. Skills are assessed through a combination of technical interviews and practical case studies aligned with industry challenges.",
        "minimum_requirements": [
            "Strong negotiation and strategic thinking skills",
            "5+ years of experience in business development or a related role"
        ],
        "resume": "OBJECTIVE\nToenhancemyskillsthroughpassionate,Challenges,Careerorientedand\nmotivationaltasksbyworkinginadynamicenvironmentinpursuitofmywork\nexperience.Toworkasaspirited,competitiveandgrowasaproficient,innovative,\ncommittedpersonandtocontributemyprofessionalskillsasateamplayertoan\nesteemedorganizationwithaneverlearninganddynamicpropensityservingforself-\nactualization\u2019sprestige.\nPROFILE\nFatherName:MushtaqHussain\nDateofBirth.:15-12-1993\nCNICNo. :34301-4668599-1\nNationality :Pakistani\nMaritalStatus:Single\nReligion. :Islam\nEDUCATION\nQUALIFICATION YEARS. BOARD/UNIVERSITY\nLLB. 2021 UniversityofthePunjab\nI.R. 2021 UniversityoftheSargodha\nB.Com. 2017 UniversityofthePunjab\nI.Com 2014 BISEGujranwala\nMatric 2012 BISEGujranwala\nSKILLS\n\uf0b2BusinessDevelopment\n\uf0b2Communication\n\uf0b2Interpersonal\n\uf0b2MSOffice,BasicsComputer,windowsInstallation,internetBrowser&etc\u2026\u2026\n\uf0b2TeamPlayer\n\uf0b2AdaptabilityandFlexibility\n\uf0b2TimeManagement\n\uf0b2CustomerServiceandActiveListeningCURICULUMVITAE\nSHAHBAZAKMAL\nWORKINGEXPERIENCE\n\uf0762YearsworkingExperienceasa\u2018\u2019MarketingAssistantManager\u2019\u2019inOrbit\nMarketingConsultingCompany,Lahore&Islamabad.\n\uf0762YearsworkingExperienceasa\u201cAssistantManager\u201dinDominos,Hafizabad.\n\uf0761YearworkingExperienceasa\u201cAdmin\u201dinAspireGroupofCollege,Lahore.\n\uf0761YearworkingExperienceasa\u201cBusinessDevelopmentExecutive\u201datsyber\nadvancesolutionsandtechnologies.\n\uf0761YearWorkingExperienceasa\u201cSeniorBusinessDevelopmentExecutive\u201dat\nAspireAnalyticaSoftwareCompanyPrivateLimited\nLANGUAGE\n\uf076English,Urdu,Punjabi\nCONTACT\nSb144368@gmail.com\n+923425245234\n+923024299315\nNewGardenTownLahore\nHOBBIES\nPhotography Reading\nMusic Writing\nREFERENCE\nWillbefurnishedondemand\n"
    },
    "details": {
        "name": "Shahbaz Akmal",
        "number": "923425245234",
        "skills": [
            "MS Office",
            "Basics Computer",
            "Windows Installation",
            "Internet Browser"
        ],
        "email_id": "Sb144368@gmail.com",
        "location": "New Garden Town, Lahore",
        "projects": [],
        "education": [
            {
                "end_date": "06-2021",
                "university": "University of the Punjab",
                "degree_title": "LLB"
            },
            {
                "end_date": "06-2021",
                "university": "University of Sargodha",
                "degree_title": "I.R."
            },
            {
                "end_date": "06-2017",
                "university": "University of the Punjab",
                "degree_title": "B.Com."
            },
            {
                "end_date": "06-2014",
                "university": "BISE Gujranwala",
                "degree_title": "I.Com"
            },
            {
                "end_date": "06-2012",
                "university": "BISE Gujranwala",
                "degree_title": "Matric"
            }
        ],
        "achievements": [],
        "publications": [],
        "certifications": [],
        "additional_urls": [],
        "executive_summary": "Shahbaz Akmal is a dedicated professional with diverse experience in marketing and business development, having worked in various roles across multiple companies. He possesses strong technical skills in MS Office and computer operations, contributing effectively to team environments and organizational goals.",
        "employment_history": [
            {
                "details": "Worked as a Marketing Assistant Manager, overseeing marketing strategies and team management.",
                "end_date": "11-2024",
                "location": "Lahore & Islamabad",
                "job_title": "Marketing Assistant Manager",
                "start_date": "11-2022",
                "company_name": "Orbit Marketing Consulting Company"
            },
            {
                "details": "Assisted in managing operations and customer service at a fast-paced environment.",
                "end_date": "11-2022",
                "location": "Hafizabad",
                "job_title": "Assistant Manager",
                "start_date": "11-2020",
                "company_name": "Dominos"
            },
            {
                "details": "Managed administrative tasks and supported college operations.",
                "end_date": "11-2020",
                "location": "Lahore",
                "job_title": "Admin",
                "start_date": "11-2019",
                "company_name": "Aspire Group of College"
            },
            {
                "details": "Engaged in business development activities and client relations.",
                "end_date": "11-2019",
                "location": "",
                "job_title": "Business Development Executive",
                "start_date": "11-2018",
                "company_name": "Cyber Advance Solutions and Technologies"
            },
            {
                "details": "Led business development initiatives and client engagement strategies.",
                "end_date": "11-2018",
                "location": "",
                "job_title": "Senior Business Development Executive",
                "start_date": "11-2017",
                "company_name": "Aspire Analytica Software Company Private Limited"
            }
        ]
    }
}