{
    "output": {
        "justification": [
            "Strong leadership demonstrated through managing and training sales force.",
            "Extensive experience in lead generation and sales management aligns with job requirements.",
            "Proficiency in project management but not as specific to BI tools like Power BI.",
            "Has some experience with relevant digital marketing skills but lacks specific expertise in tools such as Tableau or SQL."
        ],
        "scores": {
            "macro_scores": [
                {
                    "criteria": "leadership",
                    "score": 7
                },
                {
                    "criteria": "experience",
                    "score": 8
                },
                {
                    "criteria": "innovation and adaptability",
                    "score": 6
                }
            ],
            "micro_scores": [
                {
                    "criteria": "c++, html, css",
                    "score": 2
                },
                {
                    "criteria": "business intelligence tools (power bi, sql, tableau)",
                    "score": 4
                },
                {
                    "criteria": "digital marketing skills",
                    "score": 6
                },
                {
                    "criteria": "project management",
                    "score": 8
                }
            ],
            "requirements": [
                {
                    "criteria": "Bachelor's degree in Computer Science, Business, or a related field",
                    "meets": true
                }
            ],
            "aggregated_scores": {
                "macro_scores": 6.640000000000001,
                "micro_scores": 5.5
            }
        },
        "personal_info": {
            "name": "Imran Zahoor",
            "email": "Imranzahoor93@gmail.com",
            "phone": "+92-322-8728772",
            "current_position": "Sr. Manager Business Development",
            "current_company": "Rockville Technologies Pvt. Ltd",
            "employment_start_date_current_company": "08-2019",
            "first_company_start_date": "02-2013",
            "urls": [
                {
                    "website_name": "Skype",
                    "url": "imranzahoor5"
                }
            ]
        },
        "valid_resume_and_jd": true
    },
    "input": {
        "job_description": "## Lead Generation and Business Intelligence Specialist\n\nJoin **Innovate Connections Inc.** as a Lead Generation and Business Intelligence Specialist. You will play a pivotal role in driving business growth by spearheading lead generation initiatives and providing strategic insights through data analytics. We are looking for a highly skilled professional with a strong background in lead generation, data management, and business intelligence.\n\n### Key Responsibilities:\n- Develop and execute lead generation strategies using digital marketing techniques, cold calling, and data scraping tools.\n- Collaborate with cross-functional teams to optimize customer acquisition strategies.\n- Utilize CRM systems to manage and analyze client data for lead qualification.\n- Create and manage detailed project schedules and work plans, utilizing best practices and standards for project execution.\n- Develop financial models and business growth strategies based on data insights.\n- Utilize tools such as Power BI, SQL, and Tableau for developing comprehensive data reports and dashboards.\n\n### Desired Skills and Experience:\n- Strong programming skills in C++, HTML, and CSS.\n- Proficiency in digital marketing, email marketing, and social media platforms.\n- Experience in managing large data sets and using BI tools (Power BI, Excel, Tableau).\n- Excellent communication skills and ability to develop strong client relationships.\n- Ability to work independently and manage multiple projects simultaneously.\n\n### Why Innovate Connections Inc.?\n- We innovate at the forefront of technology and enable our team members to grow alongside the company.\n- We value data-driven decision-making and empower our teams with the right tools to succeed.\n- Offering a supportive work environment and opportunities for career advancement.\n\n### How to Apply:\nSubmit your resume and cover letter detailing your relevant experience and why you are interested in joining Innovate Connections Inc.",
        "macro_dict": {
            "leadership": 32,
            "experience": 16,
            "innovation and adaptability": 52
        },
        "micro_dict": {
            "c++, html, css": 14,
            "business intelligence tools (power bi, sql, tableau)": 27,
            "digital marketing skills": 29,
            "project management": 30
        },
        "additional_info": "Innovate Connections Inc. prefers candidates from recognized universities such as the University of Management & Technology and Lahore School of Economics. We encourage a remote working environment but require physical presence for team-building and strategic sessions twice a quarter. Relocation assistance is available for exceptional candidates. Our comprehensive assessment includes a technical test followed by structured interviews to evaluate both technical and soft skills comprehensively.",
        "minimum_requirements": [
            "Bachelor's degree in Computer Science, Business, or a related field"
        ],
        "resume": " \n \n                                   \n                                                                                                                                                                               \n                                                                                                                                             \n                                                                                                                                           \n \n  \n \n \n \n \n \n \n \n \n \n \n \n \n \n \n \n \n \n \n \n \n \n \n \n \n \n \n \n \n \n \n \n \n \n \n \n \n \n \n                                  \n                                                                                                                                                                               \n                                                                                                                                             \n                                                                                                                                           \n \n  IMRAN ZAHOOR  \n                     Sales  Professional  \n                  Skype :                  imranzahoor5  \nMarital Status:  Married  \nCNIC:   31303 -0426361 -1 \n \n \n14 September 1991  \n \nRoyal Apartments, E -11/2, Hill \nRoad Islamabad, Pakistan  \n \nImranzahoor93@gmail .com  \n \n+92-322-8728772  \n \n \n  \n \n \nA Business professional having 10 + years of divers ified experience in  Software  Sales | Cloud Sales| B2B | S aaS| Lead \nGeneration | Project Management | AIOps and Digital Transformation in various facets of industries to drive Business \ngrowth. Having expertise to initiate new ventures in company product line with aggressive Marketing strategies and \nteam building to upsell Technology -Driven solutions. Currently working i n Canada and  US Market to sell different \nsoftware  solutions . \n \n \nRockville Technologies Pvt. Ltd               \nSr. Manager Business Development                                                                           August 2019 \u2013 Till no w \nRockville Techno logies (Pvt.) Ltd  is a leading IT and Software  solution provider company. Rockville  currently \noperating in Pakistan, USA,  Canada,  UAE, KSA, Qatar, Kuwait, Bahrain, Srilanka, Afghanistan and Oman with  \nfocus on expanding our horizons; delivering nothing but the best.  \n\u25fc Achieved a remarkable YoY revenue growth of 30% in Digital Outsourcing, Digital Transformation ,  \n SaaS P latform , ERP solutions,  IBM Cloud Products, ioT -based solutions , and Satellite services . \n\u25fc Increased lead generation by 35% within the first quarter through targeted marketing campaign s  \n and improved lead nurturing strategies . \n\u25fc Achieved a conversion rate of 15% by implementing personalized outreach initiatives based o n  \n lead behavior analysis for different segments . \n\u25fc Expanded market reach by identifying and entering two new lucrative mar kets, resulting in a 40 %  \n revenue growth within six months . \n\u25fc Generated $1.1 million in additional revenue by introducing a new product line  for healthcare  industry  based \non marke t research and customer demand analysis .  \n\u25fc Maintained an outstanding 25% customer satisfaction ra te through Value -Added analyses . \n\u25fc Work closely with our software development team to understand the capabilities and offerings of our company \nand will be responsible for presenting these to potential clients  for revenue growth .   \n\u25fc Successfully managed multiple projects related to Web/App Development, Resource Augmentatio n  \n and Digital Transformation solutions boosting local and international business prospects . \n\u25fc Captured 70% market share in the satellite services sector through partner channel sales wit h  \n Thuraya Telecom, Iridium, SUNMI and Inmarsat in Pakistan . \n\u25fc Developed effective business plans  and sales strategies for consistent growth and profitability . \n\u25fc Leveraging advanced analytics tools  i.e. Zoom info and LinkedIn Sales Navigator  for prospecting  to track lead \nbehavior and optimize lead nurturing activitie s for maximum engagement and sales . \n\u25fc Provided quarterly cost -benefit analyses report to CEO for optimizing project positioning throug h  \n Sales Strategy & Leadership . \n\u25fc Using  ZOHO  CRM for lead management  and day to day performance analytics.  \n\u25fc Led the team of Digital Marketing to give them guideline as per target market to design the emai l  \n Campaign s for lead generation . \n SUMMARY  \nWORK EXPERIENCE  \n \n \n \n  \n \n \n \n \n \n \n \n \n \n \n \n \n \n \n \n \n \n \n \n \n \n \n \n \n \n \n \n \n \n \n \n \n \n \n \n                      \n                              \n \n \n \n \n \n \n \n \n \n \n \n \n                                                                                                                                                                                                                                                                                      Orenda Systems  Pvt. Ltd  \nManager Busine ss Development                                                            Nov 2016 \u2013 Aug 2019                                                                                                                 \nOrenda Systems is an IT Consulting with Software Development - Accounting & Fin ancial Solutions - \nEcommerce Solutions - Virtual Resources company doing business locally and internationall y. \n \n\u25fc Achieved an impressive 15% lead -to-customer conversion rate, showcasing our exceptional sale s  \n capabilities  through Cold Calling, LinkedIn  Outreach and Email Campaigns . \n\u25fc Demonstrated a track record  of excellence by generating a substantial $500k in revenue annuall y  \n through successful deals and partnerships and increased 20% every year in total revenue . \n\u25fc Established ourselves as a leading  IT Consulting firm  in Middle East region  renowned for our  expertis e in \nWeb/App development services.  \n\u25fc Actively involved in pricing the solution/service and responding to RFPs, ensuring competitive offerings,  \nand winning proposals through Upwork and Fiverr . \n\u25fc Expertise in a wide range of fields, including Software Development, Accounting & Financial Solu tions , E-\ncommerce Solutions, and Virtual Resources  guaranteeing comprehensive support to our clients . \n\u25fc  Utilize cutting -edge tools like Apollo  and HubSpot to drive effective lead generation an d  \n customer acquisition strategies  for more rev enue . \n\u25fc Play a pivota l role in facilitating meetings between clients and our practice leaders, ensuring seamles s \ncommunication,  and understanding of client needs . \n\u25fc Identify and seize new business opportunities through extensive research and networking efforts ,  \n staying ahea d in a competitive market . \n\u25fc Employ continuous follow -up via emails and calls, ensuring we meet and exceed sales target s  \n consistently  by collaborating directly with customers, sales, and cross -functional teams . \n\u25fc Conduct engaging and persuasive product presentations and demonstrations  to the clients , showcasing th e \ninnovation and effectivene ss of our offerings . \n \nProt\u00e9g\u00e9 Global Inc.  \nSr. Negotiation Officer                                                                                         Feb 2013 \u2013 OCT 2016  \nA US-Based Health Care and IT consulting Company offering Practice Management Solution  and AR collection \nServices . \n\u25fc Maintained of relationship with the US Doctors, Practice owners and insurance companies . \n\u25fc Record keeping of all the uncollected liens  and Manage report . \n\u25fc Responsible for negotiating the medical bills with insurance company to close the cases  through outbound \ncalls an d emails . \n\u25fc Responsible to submit the appeals and objections on denied cases via e - mails and e-Fax. \n\u25fc Verifying the patient and justify his medical history  in the light of  Worker compensation  law for bill \npayments . \n\u25fc Follow -up, collection, and monitoring of accounts receivable .  \n\u25fc Respo nd to insuranc e rep  inquiries relating to invoicing and other related requests . \n\u25fc Maintain client credit notes and agreements with collection process . \n\u25fc Reporting of monthly & quarterly billing of assigned task s \n\u25fc Follow -up & escalation with regional & HQ teams  for assigned tasks.   \n\u25fc Coordination with 3rd party/vendors attorneys to collect the bills as well .  \n \n                                                                                                                                            \n \n  \n \n \n \n \n \n \n \n \n \n \n \n \n \n \n \n \n \n \n \n \n\u25fc Software and Technology Industry  \n\u25fc Healthcare  Industry  \n\u25fc Automotive  Industry  \n\u25fc Retail  and Ecommerce  Industry  \n\u25fc Agriculture  Industry  \n\u25fc Logistics  Industry  \n\u25fc Education  Industry  \n\u25fc Manufacturing  Industry  \n\u25fc ERP Solutions  \n\u25fc Web/App Solutions  \n\u25fc Cloud Solutions  \n\u25fc Fleet Management  Solution  \n\u25fc Smart City /Home  Solution  \n\u25fc Point of Sales Solution  \n\u25fc AI based Drone Solution  \n\u25fc Satellite  Solution  \n \n \n \nBBA         |   Bahria University of Management Sciences  Islamabad  \nMBA       |     Preston  University of Management Sciences  Islamabad                    \n                               \nCertifications : Turbonomic by IBM Technical Sales  Cert ified                                            \n \n Reference:  \n \n  Will be flourished upon request.  \n INDUSTRIES /SOLUTIONS  AREAS OF EXPERTISE  \nStrategic Planning:  \n\u25fc Implemented  Business plans that delivered top line \ngrowth and bottom -line improvement.  \n\u25fc Established T raining seminars that improved \nemployee  motivation and Career growth.  \nForecasting & Budgeting:  \n\u25fc Used a wide range of tools and systems to effectively \ndevise a feasi ble budget for all the Business  \noperations and its extra services.  \n\u25fc Conduct a comprehensive analysis by gathering all \nrelated information on the company\u2019s numerous \nfinancial dealings and present the findings often as \nrequired.  \n \n \n Sales Management : \n\u25fc Managing and training  a hardworking, Results -\noriented S ales for ce. Helping them with different \ntools  to perform  sales function .  \n\u25fc Use sales and M arketing -oriented skills in the best \npossible way to achieve the company\u2019s sale  targets . \n \nNegotiation & Collection:  \n\u25fc I used specialized  Techniques to Collect dead \naccount receivables by following up on pending \ninvoices through  bargaining and nego tiations.  \n \n \n \n \nEDUCATION  "
    },
    "details": {
        "name": "IMRAN ZAHOOR",
        "number": "923228728772",
        "skills": [
            "Software Sales",
            "Cloud Sales",
            "B2B",
            "SaaS",
            "Lead Generation",
            "Project Management",
            "AIOps",
            "Digital Transformation",
            "Web/App Development",
            "ERP Solutions",
            "IBM Cloud Products",
            "IoT-based solutions",
            "Satellite services",
            "Digital Marketing",
            "ZOHO CRM",
            "Apollo",
            "HubSpot",
            "Zoom info",
            "LinkedIn Sales Navigator"
        ],
        "email_id": "imranzahoor93@gmail.com",
        "location": "Islamabad, Pakistan",
        "projects": [],
        "education": [
            {
                "end_date": "06-2010",
                "university": "Bahria University of Management Sciences Islamabad",
                "degree_title": "BBA"
            },
            {
                "end_date": "06-2012",
                "university": "Preston University of Management Sciences Islamabad",
                "degree_title": "MBA"
            }
        ],
        "achievements": [
            "Achieved a remarkable YoY revenue growth of 30% in Digital Outsourcing, Digital Transformation, SaaS Platform, ERP solutions, IBM Cloud Products, IoT-based solutions, and Satellite services.",
            "Increased lead generation by 35% within the first quarter through targeted marketing campaigns and improved lead nurturing strategies.",
            "Achieved a conversion rate of 15% by implementing personalized outreach initiatives based on lead behavior analysis for different segments.",
            "Expanded market reach by identifying and entering two new lucrative markets, resulting in a 40% revenue growth within six months.",
            "Generated $1.1 million in additional revenue by introducing a new product line for the healthcare industry based on market research and customer demand analysis."
        ],
        "publications": [],
        "certifications": [
            {
                "certification_name": "Turbonomic by IBM Technical Sales Certified",
                "issuing_organization": "IBM",
                "date_of_issuance": "01-2020"
            }
        ],
        "additional_urls": [
            {
                "url": "linkedin.com/in/imranzahoor5",
                "website_name": "LinkedIn"
            }
        ],
        "executive_summary": "Imran Zahoor is a seasoned business professional with over 10 years of diversified experience in software sales, cloud sales, and digital transformation. He has a proven track record of driving business growth through innovative marketing strategies and effective team management. Currently working in the Canadian and US markets, he excels in lead generation and project management, showcasing his expertise in technology-driven solutions.",
        "employment_history": [
            {
                "details": "Achieved a remarkable YoY revenue growth of 30% in Digital Outsourcing, Digital Transformation, SaaS Platform, ERP solutions, IBM Cloud Products, IoT-based solutions, and Satellite services. Increased lead generation by 35% within the first quarter through targeted marketing campaigns and improved lead nurturing strategies. Achieved a conversion rate of 15% by implementing personalized outreach initiatives based on lead behavior analysis for different segments. Expanded market reach by identifying and entering two new lucrative markets, resulting in a 40% revenue growth within six months. Generated $1.1 million in additional revenue by introducing a new product line for the healthcare industry based on market research and customer demand analysis. Maintained an outstanding 25% customer satisfaction rate through Value-Added analyses. Work closely with our software development team to understand the capabilities and offerings of our company and will be responsible for presenting these to potential clients for revenue growth. Successfully managed multiple projects related to Web/App Development, Resource Augmentation, and Digital Transformation solutions boosting local and international business prospects. Captured 70% market share in the satellite services sector through partner channel sales with Thuraya Telecom, Iridium, SUNMI, and Inmarsat in Pakistan. Developed effective business plans and sales strategies for consistent growth and profitability. Leveraging advanced analytics tools i.e. Zoom info and LinkedIn Sales Navigator for prospecting to track lead behavior and optimize lead nurturing activities for maximum engagement and sales. Provided quarterly cost-benefit analyses report to CEO for optimizing project positioning through Sales Strategy & Leadership. Using ZOHO CRM for lead management and day to day performance analytics. Led the team of Digital Marketing to give them guideline as per target market to design the email Campaigns for lead generation.",
                "end_date": "Present",
                "location": "Pakistan",
                "job_title": "Sr. Manager Business Development",
                "start_date": "08-2019",
                "company_name": "Rockville Technologies Pvt. Ltd"
            },
            {
                "details": "Achieved an impressive 15% lead-to-customer conversion rate, showcasing our exceptional sales capabilities through Cold Calling, LinkedIn Outreach and Email Campaigns. Demonstrated a track record of excellence by generating a substantial $500k in revenue annually through successful deals and partnerships and increased 20% every year in total revenue. Established ourselves as a leading IT Consulting firm in Middle East region renowned for our expertise in Web/App development services. Actively involved in pricing the solution/service and responding to RFPs, ensuring competitive offerings, and winning proposals through Upwork and Fiverr. Expertise in a wide range of fields, including Software Development, Accounting & Financial Solutions, E-commerce Solutions, and Virtual Resources guaranteeing comprehensive support to our clients. Utilize cutting-edge tools like Apollo and HubSpot to drive effective lead generation and customer acquisition strategies for more revenue. Play a pivotal role in facilitating meetings between clients and our practice leaders, ensuring seamless communication, and understanding of client needs. Identify and seize new business opportunities through extensive research and networking efforts, staying ahead in a competitive market. Employ continuous follow-up via emails and calls, ensuring we meet and exceed sales targets consistently by collaborating directly with customers, sales, and cross-functional teams. Conduct engaging and persuasive product presentations and demonstrations to the clients, showcasing the innovation and effectiveness of our offerings.",
                "end_date": "08-2019",
                "location": "Pakistan",
                "job_title": "Manager Business Development",
                "start_date": "11-2016",
                "company_name": "Orenda Systems Pvt. Ltd"
            },
            {
                "details": "Maintained of relationship with the US Doctors, Practice owners and insurance companies. Record keeping of all the uncollected liens and Manage report. Responsible for negotiating the medical bills with insurance company to close the cases through outbound calls and emails. Responsible to submit the appeals and objections on denied cases via e-mails and e-Fax. Verifying the patient and justify his medical history in the light of Worker compensation law for bill payments. Follow-up, collection, and monitoring of accounts receivable. Respond to insurance rep inquiries relating to invoicing and other related requests. Maintain client credit notes and agreements with collection process. Reporting of monthly & quarterly billing of assigned tasks. Follow-up & escalation with regional & HQ teams for assigned tasks. Coordination with 3rd party/vendors attorneys to collect the bills as well.",
                "end_date": "10-2016",
                "location": "USA",
                "job_title": "Sr. Negotiation Officer",
                "start_date": "02-2013",
                "company_name": "Prot\u00e9g\u00e9 Global Inc."
            }
        ]
    }
}