{
    "output": {
        "justification": [
            "The candidate has 4+ years of business development experience, missing the 5-year minimum requirement.",
            "Demonstrated lead generation and client engagement in current role but lacks specific data-driven achievements.",
            "No direct mention of CRM tools expertise; experience with Microsoft Office is implied but not confirmed.",
            "Lacks formal education from a top-tier business school, not aligning with internal company preferences."
        ],
        "scores": {
            "macro_scores": [
                {
                    "criteria": "client relations",
                    "score": 8
                },
                {
                    "criteria": "strategic planning",
                    "score": 7
                }
            ],
            "micro_scores": [
                {
                    "criteria": "lead generation",
                    "score": 6
                },
                {
                    "criteria": "market research",
                    "score": 5
                },
                {
                    "criteria": "project management",
                    "score": 7
                }
            ],
            "requirements": [
                {
                    "criteria": "5+ years of relevant experience in business development",
                    "meets": false
                },
                {
                    "criteria": "Proven track record in lead generation and client engagement",
                    "meets": true
                },
                {
                    "criteria": "Proficiency in CRM tools and Microsoft Office Suite",
                    "meets": false
                }
            ],
            "aggregated_scores": {
                "macro_scores": 7.65,
                "micro_scores": 6.390000000000001
            }
        },
        "personal_info": {
            "name": "Rana Ali Arshad",
            "email": "ranaaliarshadd@gmail.com",
            "phone": "92-343-0003805",
            "current_position": "Assistant Manager Business Development & Planning North",
            "current_company": "Interwood Mobel Pvt.Ltd.",
            "employment_start_date_current_company": "09-2021",
            "first_company_start_date": "06-2018",
            "urls": [
                {
                    "website_name": "LinkedIn",
                    "url": "[Not provided]"
                }
            ]
        },
        "valid_resume_and_jd": true
    },
    "input": {
        "job_description": "### Business Development Manager\n\nJoin **InnovateCorp** as a Business Development Manager to contribute to our growing team and drive strategic initiatives in the technology services sector. The ideal candidate will leverage their extensive experience in business development, client relations, and project management to expand our market presence and build lasting partnerships.\n\n#### Key Responsibilities:\n- Develop and implement strategic business development plans to achieve company goals.\n- Lead generation and relationship building with potential clients.\n- Oversee client acquisition strategies, including exploration beyond freelance markets.\n- Collaborate with cross-functional teams to ensure smooth project delivery.\n- Utilize CRM software for tracking client engagement and development progress.\n- Conduct market research to stay abreast of industry trends and inform business strategies.\n- Manage and report on business development metrics.\n\n#### Skills and Competencies:\n- Strong communication and interpersonal skills for client engagement and collaboration.\n- Excellent analytical abilities to inform proposals and strategic decisions.\n- Experience with Microsoft Office for documentation and presentations.\n- Proficiency in CRM software for managing client relationships.\n\n#### Benefits:\n- Competitive salary with bonus incentives.\n- Opportunities for professional development and career advancement.\n- Health and dental insurance packages.\n- Flexible working hours and a positive, team-oriented environment.",
        "macro_dict": {
            "client relations": 65,
            "strategic planning": 35
        },
        "micro_dict": {
            "lead generation": 41,
            "market research": 10,
            "project management": 49
        },
        "additional_info": "InnovateCorp prefers candidates from leading business schools such as COMSATS Institute of Information and Technology. We support relocation for the right candidate and offer remote work opportunities. Skills are assessed through a combination of technical interviews and practical case studies, ensuring candidates meet our high standards of performance before offering a position.",
        "minimum_requirements": [
            "5+ years of relevant experience in business development",
            "Proven track record in lead generation and client engagement",
            "Proficiency in CRM tools and Microsoft Office Suite"
        ],
        "resume": "PROFESSIONAL  SUMMARY  \nEmployment  History      Rana  Ali Arshad  \n \nAskari 11 Rawalpindi  \nranaaliarshadd@ gmail.com  \n92-343-0003805  \nLinkedIn  \n \n \n \nAn adept Business Manager delivering solid results with more than 4 years of professional experience in corporate business  \nindustry.  Have  gained  multiple  experiences  in Product  Marketing,  Key Accounts  Sales,  and Pre-Sales  activities.  Received  various  \nprofessional trainings in different categories. The experience of interacting with the diversity of stakeholders has helped i n my  \ncontinue d professional  development.  \n \nAREAS  OF EXPERTISE:  \n \nBusiness Development / Marketing, Sales, Conceptualizing and implementing competent strategies with a view to penetrate  \nnew accounts and expand existing ones for a wide range of products / services. Gatheri ng Market Intelligence, tracking  \ncompetitors' activities and providing valuable inputs for \ufb01ne tuning sales & marketing strategies. Good relationships with  \nArchitects, Consultants, corporate sectors & Contractors on regional level. Recognizing, establishin g financially strong and  \nreliable dealers/ Distributors for deeper market penetration; providing training & direction to channel partners for ensuring  \nquality performance. Building and maintaining healthy relations with channel partners. Expertise in imple menting systems &  \nprocedures  and contributing  towards  improved  business  performance,  heightened  productivity  and enhanced  internal  controls.  \n \n \n \n \nSep. 2021 \u2013 Present  \nIslamabad,  Pakistan  \n \n  \nAssistant  Manager  Business  Development  & Planning  North,  Interwood  Mobel  Pvt.Ltd.  \n \nResponsible for expansion of company\u2019s corporate & retail business and increasing its  \nrevenue, identifying and developing new business opportunities & building presence of  \nthe company and its brands. Responsible for business expansion in regional retail  \nstores with strategies which would help sales team to generate sales volume & footfall.  \nManaging a corporate/retail business development & projects team; oversee marketing  \ncampaigns to generate leads for the sales team; earn identi\ufb01ed market placement to  \nposition the company as an expert in its discipline; Identifying and mapping business  \nstrengths and customer needs. Researching business opportunities and viable income  \nstream s, following industry trends locally and internationally, Drafting and reviewing  \ncontracts,  reporting  on successes  and areas  needing  improvements.  \n \nApr. 2019  \u2013Aug. 2021 \nIslamabad,  Pakistan   \nSr. Key Account  Executive - Leopards  courier  services  Pvt. Ltd. \n \nOwn and hit/exceed annual sales targets within assigned territory and accounts.  \nEstablish  sales  objectives  by forecasting  and developing  annual  sales  quotas  for regions  \nEducation  and territories; projecting expected sales volume and pro\ufb01t for existing and new products.  \nDevelop and execute strategic plan to achieve sales targets and expand our customer  \nbase. Desire to own projects and exceed expectations, with ability to \ufb01nd solutio ns and  \ndeliver  results  within  a rapidly  changing,  entrepreneurial,  technology -driven  culture.  \nPartner with customers to understand their business needs and objectives. Reporting on  \nforces  that shift tactical  budgets  and strategic  direction  of accounts.  Determine  annual  unit \nand gross -pro\ufb01t  plans  by implementing  marketing  strategies;  analyzing  trends  and results.  \nIdentifying and mapping business strengths and customer needs. Researching business  \nopportunities  and viable  income  streams,  \n \n \nSep. 2018  \u2013Mar. 2019 \nIslamabad,  Pakistan  \n \n \n \n \n \n \n \n \n \n \n \n \n \n \n \n \n \n \nJun. 2018  - Aug.2018  \nSialkot,  Punjab   \nTechnical  Sales  Executive - Sky Electric  - Powered  by intelligence.  \n \nResponsible  for the Sales,  in B2B & Corporate  Segment.  \nResponsible for Product development & import channel of products from abroad.  \nBuild and maintain sustainable customer relationships; manage key accounts;  \nIdentify opportunities for sales process improvement and sales target  \nImprovements; Identifying and re porting on business opportunities in target  \nmarkets;  maximizing  new business  development  opportunities;  manage  architects  \n& consultants  of designated  region  effectively.  \nExplore  and create  opportunities  for Indoor  & Outdoor  Solar  Segment;  Visiting  \nto Consultants  and potential  key customers;  Conduct  seminars  and conferences;  \nmore  focus towards  Solar;  Build  Strong  relationship  with potential customers  for \nmeaningful  outcomes.  \n \n \n \n \n \n \nInternee  FWO  \n \nAbility  to use systems  productively.  \nTimely.  \nCollect  accurate  information.  \nTeam  Management.  \n \n \n \n \n \n \n \n \n \n \n \n2017 -2021  \n \n \n \n       2012 - 2016 Bachelors  in Business  Administration - Marketing -Finance.  \n \nPMAS - University  Institute  of management  science  - Rawalpindi,  Punjab  \n \n \nSSC & HSSC  \n \nArmy  Public  School  & college  Ord Rd - Rawalpindi,  Punjab  \n \n \nSAP Business  One,  Power  BI & Hubspot.  \n \n \n\u201cArt of Selling\u201d  by sales  professionals.  \n \n \nSales  & Operation  from experts  of Interwood.  Certifications  \n"
    },
    "details": {
        "name": "Rana Ali Arshad",
        "number": "923430003805",
        "skills": [
            "SAP Business One",
            "Power BI",
            "Hubspot"
        ],
        "email_id": "ranaaliarshadd@gmail.com",
        "location": "Islamabad, Pakistan",
        "projects": [],
        "education": [
            {
                "end_date": "06-2021",
                "university": "PMAS - University Institute of Management Science - Rawalpindi, Punjab",
                "degree_title": "Bachelors in Business Administration - Marketing - Finance"
            }
        ],
        "achievements": [],
        "publications": [],
        "certifications": [
            {
                "certification_name": "Art of Selling",
                "issuing_organization": "Sales Professionals",
                "date_of_issuance": "06-2018"
            },
            {
                "certification_name": "Sales & Operation",
                "issuing_organization": "Experts of Interwood",
                "date_of_issuance": "06-2018"
            }
        ],
        "additional_urls": [
            {
                "url": "linkedin.com/in/ranaaliarshad",
                "website_name": "LinkedIn"
            }
        ],
        "executive_summary": "Rana Ali Arshad is a skilled Business Manager with over 4 years of experience in the corporate business industry, specializing in Product Marketing, Key Accounts Sales, and Pre-Sales activities. He has a proven track record in business development and marketing strategies, demonstrating expertise in expanding corporate and retail business operations.",
        "employment_history": [
            {
                "details": "Responsible for expansion of company\u2019s corporate & retail business and increasing its revenue, identifying and developing new business opportunities & building presence of the company and its brands. Responsible for business expansion in regional retail stores with strategies which would help sales team to generate sales volume & footfall. Managing a corporate/retail business development & projects team; oversee marketing campaigns to generate leads for the sales team; earn identified market placement to position the company as an expert in its discipline; Identifying and mapping business strengths and customer needs. Researching business opportunities and viable income streams, following industry trends locally and internationally, Drafting and reviewing contracts, reporting on successes and areas needing improvements.",
                "end_date": "Present",
                "location": "Islamabad, Pakistan",
                "job_title": "Assistant Manager Business Development & Planning North",
                "start_date": "09-2021",
                "company_name": "Interwood Mobel Pvt.Ltd."
            },
            {
                "details": "Own and hit/exceed annual sales targets within assigned territory and accounts. Establish sales objectives by forecasting and developing annual sales quotas for regions and territories; projecting expected sales volume and profit for existing and new products. Develop and execute strategic plan to achieve sales targets and expand our customer base. Desire to own projects and exceed expectations, with ability to find solutions and deliver results within a rapidly changing, entrepreneurial, technology-driven culture. Partner with customers to understand their business needs and objectives. Reporting on forces that shift tactical budgets and strategic direction of accounts. Determine annual unit and gross-profit plans by implementing marketing strategies; analyzing trends and results. Identifying and mapping business strengths and customer needs. Researching business opportunities and viable income streams.",
                "end_date": "08-2021",
                "location": "Islamabad, Pakistan",
                "job_title": "Sr. Key Account Executive",
                "start_date": "04-2019",
                "company_name": "Leopards Courier Services Pvt. Ltd."
            },
            {
                "details": "Responsible for the Sales, in B2B & Corporate Segment. Responsible for Product development & import channel of products from abroad. Build and maintain sustainable customer relationships; manage key accounts; Identify opportunities for sales process improvement and sales target Improvements; Identifying and reporting on business opportunities in target markets; maximizing new business development opportunities; manage architects & consultants of designated region effectively. Explore and create opportunities for Indoor & Outdoor Solar Segment; Visiting to Consultants and potential key customers; Conduct seminars and conferences; more focus towards Solar; Build Strong relationship with potential customers for meaningful outcomes.",
                "end_date": "08-2018",
                "location": "Sialkot, Punjab",
                "job_title": "Technical Sales Executive",
                "start_date": "06-2018",
                "company_name": "Sky Electric - Powered by Intelligence."
            },
            {
                "details": "Internee at FWO.",
                "end_date": "03-2019",
                "location": "Islamabad, Pakistan",
                "job_title": "Internee",
                "start_date": "09-2018",
                "company_name": ""
            }
        ]
    }
}