{
    "output": {
        "justification": [
            "Rida e Noor graduated from the University of Lahore, aligning with company preference for reputable institutions.",
            "Current role involves sales development, relevant to the sales and client relationship aspect of the job description.",
            "Experience in social media marketing and SEO fundamentals certification is relevant to the marketing and SEO requirements.",
            "No specific mention or demonstration of market analysis skills which impacts this micro score."
        ],
        "scores": {
            "macro_scores": [
                {
                    "criteria": "experience",
                    "score": 7
                }
            ],
            "micro_scores": [
                {
                    "criteria": "market analysis",
                    "score": 5
                }
            ],
            "requirements": [
                {
                    "criteria": "Proven track record in sales and client relationship management",
                    "meets": true
                },
                {
                    "criteria": "3+ years of experience in SEO and digital marketing",
                    "meets": false
                },
                {
                    "criteria": "Proficiency in Microsoft Office and CRM systems",
                    "meets": true
                }
            ],
            "aggregated_scores": {
                "macro_scores": 7.0,
                "micro_scores": 5.0
            }
        },
        "personal_info": {
            "name": "Rida e Noor Fareed",
            "email": "ria.noor8@gmail.com",
            "phone": "+92 3244431807",
            "current_position": "Senior Sales Development Representative",
            "current_company": "Tkxel",
            "employment_start_date_current_company": "06-2021",
            "first_company_start_date": "11-2020",
            "urls": [
                {
                    "website_name": "LinkedIn",
                    "url": "https://www.linkedin.com/in/rida-fareed-34590b181/"
                }
            ]
        },
        "valid_resume_and_jd": true
    },
    "input": {
        "job_description": "## Job Title: Sales and SEO Management Specialist  \n\n### Location: Lahore, Pakistan  \n\n### Company: Innovate Digital Solutions Inc.  \n\n### Job Summary:  \nJoin Innovate Digital Solutions Inc. as a Sales and SEO Management Specialist. You will be part of a dynamic team responsible for driving client engagement and ensuring optimal performance in digital marketing strategies. Your role will include managing client relationships, improving SEO strategies, and leading your team to achieve sales targets.  \n\n### Key Responsibilities:  \n- Proactively engage with prospective clients to understand their business needs and provide innovative solutions.  \n- Design and execute SEO strategies in alignment with client\u2019s marketing objectives.  \n- Manage and optimize PPC campaigns to maximize ROI and brand visibility.  \n- Develop and maintain strong client relationships through tailored marketing solutions.  \n- Lead a team to achieve and surpass sales targets while providing exceptional customer service.  \n- Analyze market trends and algorithms to tailor SEO strategies accordingly.  \n- Produce reports that track progress and measure success against KPIs.  \n\n### Ideal Candidate Profile:  \nYou are a skilled sales and marketing professional with strong analytical skills suited to identifying and executing SEO opportunities. You excel at client interactions, possessing the ability to transform potential leads into satisfied clients through strategic and well-executed marketing initiatives. Leadership and team management skills will be pivotal to drive sales and motivate your team.  \n\n### Benefits:  \n- Competitive salary package  \n- Health and wellness benefits  \n- Performance bonuses  \n- Opportunities for career advancement  \n\nJoin us to redefine digital engagement and lead market strategies with agility and innovation.",
        "macro_dict": {
            "experience": 100
        },
        "micro_dict": {
            "market analysis": 100
        },
        "additional_info": "Innovate Digital Solutions Inc. prefers candidates from reputable institutions such as [University of Lahore], [Punjab University]. Remote work options are available subject to roles and responsibilities. We assess skills through a combination of technical tests, interviews, and real-world problem-solving scenarios to gauge practical competency in strategic marketing contexts.",
        "minimum_requirements": [
            "Proven track record in sales and client relationship management",
            "3+ years of experience in SEO and digital marketing",
            "Proficiency in Microsoft Office and CRM systems"
        ],
        "resume": "Rida e Noor\nFareed\nPersonal Info\nEmail\nria.noor8@gmail.com\nPhone\n+92 3244431807\nLinkedIn\nhttps://www .linkedin.com/in/rida-fareed-\n34590b181/\nSkills\nSoftware\nLanguages\nCommunication\nPresentation\nSocial media\nmarketing\nContent writing\nMicrosoft of fice\nVisual studio\nMicrosoft visio\nCanva\nTrello\nSalesforce\nlusha\nZoominfo\nEnglish language\nUrdu languageMotivated Computer Science Graduate, experienced Digital marketeer , and Freelancer project\nmanager for an international venture. Highly ef fective in Project management. Exceptional\ninterpersonal, communication, and multitasking abilities. Prepared to deliver first-rate results.\nWork History\nEducation2021-06  \u00a0\n- presentSenior Sales Development Representative\nTkxel, Lahore\nGenerate high-value, well-qualified sales meetings from marketing inbound\nleads.\nCollaborate with Demand Generation to drive continuous improvement in\nlead quality , conversion rates, and pipeline generation.\nWork closely with Sales and Marketing on projects that help drive revenue\ngrowth.\nConduct outreaches on ideal customer personas through discovery calls &\nemail campaigns.\nAchieve monthly quotas of demos and qualified opportunities.\nContribute to Marketing Collateral including (but not limited to) writing\nBlogs, Preparing Case Studies, V ideo Creation, and Impromptu\nPresentations.\u00a0\nProvide training to the new SDR team.\nPrepare SFDC reporting and dashboarding for the management.\n2021-04  \u00a0\n- 2021-06Internship Social Media Marketing\nSucsel (LAAM), Lahore\nPart of their creative department handled SMM.\nResponsible for Post creations and social media campaigns.\n2020-1 1 \u00a0\n- 2021-03Freelancer Project Manager (remote)\nOne Source LLC, Muscat\nDeliever e-commerce platform [omansouq.om]\nDevelop a detailed project plan to track progress.\nResolved all issues professionally and in a timely manner .\nEstablish and maintain relationships with consultants and third parties.\nWorked collaboratively in a team environment.\n2019-09  \u00a0\n- 2020-02Freelancer - Social Media Marketeer\nSuave Solutions, Lahore\nCreates posts for social media campaigns.\n2019-07  \u00a0\n- 2019-09Internee Social Media Marketeer\nSuave Solutions , Lahore\nCreates marketing and social media posts.\nContent ideation, ensuring brand consistency .\n2015-09  \u00a0\n- 2020-12Computer Sciences , Bachelor's Degree\nUniversity of Lahore, Lahore\n2013-09  \u00a0\n- 2015-09Pre-Engineering, Intermediate\nPunjab Group Of College, Lahore\n2012-03  \u00a0\n- 2013-04Biology , Matriculation\nDivisional Public School, Lahore\nVolunteering\nCertificates2018-10  \u00a0 Organizer in IEEE international conference\n2017-12  \u00a0 Organizer in event about cyber security\nContent Marketing and SEO Fundamentals\nCertification of attendance at LUMS\nYear 2018\nCertificate of Appreciation for Participation\nParticipated in NUCES-ACM Geek-W eek at F AST\nYear 2016"
    },
    "details": {
        "name": "Rida Fareed",
        "number": "923244431807",
        "skills": [
            "Microsoft Office",
            "Visual Studio",
            "Microsoft Visio",
            "Canva",
            "Trello",
            "Salesforce",
            "Lusha",
            "Zoominfo"
        ],
        "email_id": "ria.noor8@gmail.com",
        "location": "Lahore",
        "projects": [],
        "education": [
            {
                "end_date": "12-2020",
                "university": "University of Lahore",
                "degree_title": "Bachelor's Degree in Computer Sciences"
            },
            {
                "end_date": "09-2015",
                "university": "Punjab Group Of College",
                "degree_title": "Intermediate in Pre-Engineering"
            },
            {
                "end_date": "04-2013",
                "university": "Divisional Public School",
                "degree_title": "Matriculation in Biology"
            }
        ],
        "achievements": [
            "Organizer in IEEE international conference (10-2018)",
            "Organizer in event about cyber security (12-2017)",
            "Certificate of attendance in Content Marketing and SEO Fundamentals at LUMS (Year 2018)",
            "Certificate of Appreciation for Participation in NUCES-ACM Geek-Week at FAST (Year 2016)"
        ],
        "publications": [],
        "certifications": [
            {
                "certification_name": "Content Marketing and SEO Fundamentals",
                "issuing_organization": "LUMS",
                "date_of_issuance": "2018"
            },
            {
                "certification_name": "Certificate of Appreciation for Participation",
                "issuing_organization": "NUCES-ACM",
                "date_of_issuance": "2016"
            }
        ],
        "additional_urls": [
            {
                "url": "linkedin.com/in/rida-fareed-34590b181/",
                "website_name": "LinkedIn"
            }
        ],
        "executive_summary": "Rida Fareed is a motivated Computer Science graduate with experience in digital marketing and project management. She has a strong technical skill set, including proficiency in various software and tools, and has demonstrated her ability to drive revenue growth and manage projects effectively.",
        "employment_history": [
            {
                "details": "Generate high-value, well-qualified sales meetings from marketing inbound leads. Collaborate with Demand Generation to drive continuous improvement in lead quality, conversion rates, and pipeline generation. Work closely with Sales and Marketing on projects that help drive revenue growth. Conduct outreaches on ideal customer personas through discovery calls & email campaigns. Achieve monthly quotas of demos and qualified opportunities. Contribute to Marketing Collateral including writing Blogs, Preparing Case Studies, Video Creation, and Impromptu Presentations. Provide training to the new SDR team. Prepare SFDC reporting and dashboarding for the management.",
                "end_date": "present",
                "location": "Lahore",
                "job_title": "Senior Sales Development Representative",
                "start_date": "06-2021",
                "company_name": "Tkxel"
            },
            {
                "details": "Part of their creative department handled SMM. Responsible for Post creations and social media campaigns.",
                "end_date": "06-2021",
                "location": "Lahore",
                "job_title": "Internship Social Media Marketing",
                "start_date": "04-2021",
                "company_name": "Sucsel (LAAM)"
            },
            {
                "details": "Delivered e-commerce platform [omansouq.om]. Developed a detailed project plan to track progress. Resolved all issues professionally and in a timely manner. Established and maintained relationships with consultants and third parties. Worked collaboratively in a team environment.",
                "end_date": "03-2021",
                "location": "Muscat",
                "job_title": "Freelancer Project Manager (remote)",
                "start_date": "11-2020",
                "company_name": "One Source LLC"
            },
            {
                "details": "Created posts for social media campaigns.",
                "end_date": "02-2020",
                "location": "Lahore",
                "job_title": "Freelancer - Social Media Marketeer",
                "start_date": "09-2019",
                "company_name": "Suave Solutions"
            },
            {
                "details": "Created marketing and social media posts. Content ideation, ensuring brand consistency.",
                "end_date": "09-2019",
                "location": "Lahore",
                "job_title": "Internee Social Media Marketeer",
                "start_date": "07-2019",
                "company_name": "Suave Solutions"
            }
        ]
    }
}