{
    "output": {
        "justification": [
            "Candidate lacks the Master's degree requirement with only a BBA and MBA.",
            "Has 4+ years of experience in sales roles, not meeting the required 10+ years in project management and data analytics.",
            "Experience in data analysis and sales forecasting may not match the expertise needed in data tools like PowerBI and Oracle DV.",
            "No evidence of experience in Agile and SCRUM methodologies."
        ],
        "scores": {
            "macro_scores": [
                {
                    "criteria": "client relationship management",
                    "score": 5
                }
            ],
            "micro_scores": [
                {
                    "criteria": "pre-sales consulting",
                    "score": 2
                },
                {
                    "criteria": "agile methodologies",
                    "score": 1
                },
                {
                    "criteria": "quality management systems",
                    "score": 3
                }
            ],
            "requirements": [
                {
                    "criteria": "Proficiency in using analytical software and tools like PowerBI and Oracle DV",
                    "meets": false
                },
                {
                    "criteria": "Master's degree in Computer Science, Business Administration, or related field",
                    "meets": false
                },
                {
                    "criteria": "10+ years of industry experience in project management and data analytics",
                    "meets": false
                },
                {
                    "criteria": "Strong understanding of Agile and SCRUM methodologies",
                    "meets": false
                }
            ],
            "aggregated_scores": {
                "macro_scores": 5.0,
                "micro_scores": 2.0
            }
        },
        "personal_info": {
            "name": "Muhammad Saad Khan",
            "email": "saadkhan771994@gmail.com",
            "phone": "+923217503247",
            "current_position": "Assistant Sales Manager",
            "current_company": "Kasmy Pack Ltd.",
            "employment_start_date_current_company": "07-2019",
            "first_company_start_date": "02-2018",
            "urls": []
        },
        "valid_resume_and_jd": true
    },
    "input": {
        "job_description": "Join **TechVentures Inc.** as a **Senior Project Manager** where you'll oversee the delivery of key data management and analytics projects. We are looking for an innovative leader who can set and uphold delivery standards, while managing cross-functional teams to achieve the highest levels of service excellence. Your expertise in pre-sales, solution architecture, and client relationship management will drive our expansion into new markets and optimize existing processes.\n\n### Key Responsibilities:\n- Lead and manage complex data analytics and management projects from inception through completion.\n- Develop and implement quality and project management systems to align with organizational goals.\n- Coordinate solutions architecture and pre-sales activities, including the preparation of RFPs and EOIs.\n- Mentor and guide junior team members in professional development and project execution.\n- Engage with clients to deliver tailored business solutions and improve customer satisfaction.\n- Collaborate with other departments to identify improvement opportunities and streamline processes.\n\n### Preferred Skills:\n- Proficiency in data tools such as PowerBI, Oracle DV, and Tableau.\n- Strong understanding of software development methodologies including Agile and SCRUM.\n- Demonstrated ability to lead large technical teams and handle stakeholder communications effectively.\n- Expertise in business intelligence implementation and enterprise data warehousing.\n\n### Why Join Us?\n- Opportunity to work on impactful projects with global reach.\n- Collaborative and inclusive work environment.\n- Continuous learning and professional development opportunities.\n\nBecome a part of a team that values integrity, excellence, and innovation, and help us redefine what's possible in the tech industry.",
        "macro_dict": {
            "client relationship management": 100
        },
        "micro_dict": {
            "pre-sales consulting": 26,
            "agile methodologies": 37,
            "quality management systems": 37
        },
        "additional_info": "Preferred universities include National University of Computer and Emerging Sciences in Pakistan and equivalent institutions. We offer relocation support for candidates based outside of the hiring city, subject to management approval. Skills are assessed through a combination of technical tests, project management case studies, and panel interviews consisting of departmental heads and HR representatives.",
        "minimum_requirements": [
            "Proficiency in using analytical software and tools like PowerBI and Oracle DV",
            "Master's degree in Computer Science, Business Administration, or related field",
            "10+ years of industry experience in project management and data analytics",
            "Strong understanding of Agile and SCRUM methodologies"
        ],
        "resume": "saadkhan771994@gmail.com \n House No #131, Eastern\nBlock Bahria Orchard- Lahore  +923217503247 M u h a m m a d\nS a a d  K h a n\nASSISTANT SALES MANAGER\nI am a driven individual, that loves a\nchallenge. I have a few years of\nexperience in both sales and marketing\nacquired while working in the FMCG,\nprinting and courier industry.P E R S O N A L  S U M M A R YW O R K  E X P E R I E N C E\nE D U C A T I O N\nC O N T A C T\nE X P E R T I S EEnsuring smooth production and delivery of orders\nEnsuring monthly sales targets\nAcquisition of prospective clients\nOversight and management of assigned team\nClient relationship management\nExecution and oversight of assigned ordersKasmy Pack Ltd.\nAssistant Sales ManagerJuly 2019 - Present\nSales team management\nData analysis and sales forecasting\nMeeting and exceeding sales targets\nVendor relationship management \nAcquisition of new vendors to expand targeted\nterritoryBunny's Limited\nSales ExecutiveFeb 2018 - May 2018\nDouble Majors in Marketing & Finance (CGPA 3.28) Lahore School of Economics\nBBA (Honors)August 2013 - May 2017Major in Marketing (CGPA 3.2)Lahore School of Economics\nMBA August 2018-May 2019\nTeam Management\nClient Relationship Management\nConflict Management & ResolutionStrong Communication Skills\nSales Execution\nContract NegotiationP R O J E T C S\nS M E\nPrepared a detailed plan for the launch of an\nintermediary service named \"Auto App\".\nB r a n d i n g\nPrepared a marketing plan for the brand extension \nof Coca Cola.\nI n v e s t m e n t s\nConducted a detailed fundamental analysis of\nTandiaWala to make an investment decision"
    },
    "details": {
        "name": "Muhammad Saad Khan",
        "number": "923217503247",
        "skills": [
            "Sales Execution",
            "Data Analysis",
            "Sales Forecasting",
            "Vendor Relationship Management",
            "Client Relationship Management"
        ],
        "email_id": "saadkhan771994@gmail.com",
        "location": "House No #131, Eastern Block Bahria Orchard- Lahore",
        "projects": [
            {
                "title": "Auto App",
                "description": "Prepared a detailed plan for the launch of an intermediary service named 'Auto App'."
            },
            {
                "title": "Coca Cola Brand Extension",
                "description": "Prepared a marketing plan for the brand extension of Coca Cola."
            },
            {
                "title": "TandiaWala Investment Analysis",
                "description": "Conducted a detailed fundamental analysis of TandiaWala to make an investment decision."
            }
        ],
        "education": [
            {
                "end_date": "05-2017",
                "university": "Lahore School of Economics",
                "degree_title": "BBA (Honors) Major in Marketing (CGPA 3.2)"
            },
            {
                "end_date": "05-2019",
                "university": "Lahore School of Economics",
                "degree_title": "MBA"
            },
            {
                "end_date": "05-2020",
                "university": "Lahore School of Economics",
                "degree_title": "Double Majors in Marketing & Finance (CGPA 3.28)"
            }
        ],
        "achievements": [],
        "publications": [],
        "certifications": [],
        "additional_urls": [],
        "executive_summary": "Muhammad Saad Khan is an accomplished Assistant Sales Manager with a strong background in sales and marketing within the FMCG, printing, and courier industries. He has demonstrated expertise in data analysis, sales forecasting, and client relationship management, consistently meeting and exceeding sales targets.",
        "employment_history": [
            {
                "details": "Ensuring smooth production and delivery of orders, ensuring monthly sales targets, acquisition of prospective clients, oversight and management of assigned team, client relationship management, execution and oversight of assigned orders.",
                "end_date": "Present",
                "location": "Lahore",
                "job_title": "Assistant Sales Manager",
                "start_date": "07-2019",
                "company_name": "Kasmy Pack Ltd."
            },
            {
                "details": "Sales team management, data analysis and sales forecasting, meeting and exceeding sales targets, vendor relationship management, acquisition of new vendors to expand targeted territory.",
                "end_date": "05-2018",
                "location": "Lahore",
                "job_title": "Sales Executive",
                "start_date": "02-2018",
                "company_name": "Bunny's Limited"
            }
        ]
    }
}