{
    "output": {
        "justification": [
            "The candidate has worked as a Sales Manager, which aligns with the role's leadership requirement.",
            "Relevant experience includes managing sales and achieving significant sales targets in previous roles.",
            "Proficiency with Salesforce aligns with requirement for CRM systems but no mention of expertise with PPC or SEO.",
            "The educational background does not list University of Lahore or Punjab University."
        ],
        "scores": {
            "macro_scores": [
                {
                    "criteria": "leadership",
                    "score": 8
                },
                {
                    "criteria": "experience",
                    "score": 7
                },
                {
                    "criteria": "client relationship management",
                    "score": 6
                }
            ],
            "micro_scores": [
                {
                    "criteria": "ppc campaigns",
                    "score": 2
                }
            ],
            "requirements": [
                {
                    "criteria": "Proficiency in Microsoft Office and CRM systems",
                    "meets": true
                }
            ],
            "aggregated_scores": {
                "macro_scores": 6.800000000000001,
                "micro_scores": 2.0
            }
        },
        "personal_info": {
            "name": "Sadon Zahid",
            "email": ".",
            "phone": ".",
            "current_position": "Sales Manager",
            "current_company": "Repstack",
            "employment_start_date_current_company": "04-2022",
            "first_company_start_date": "01-2017",
            "urls": []
        },
        "valid_resume_and_jd": true
    },
    "input": {
        "job_description": "## Job Title: Sales and SEO Management Specialist  \n\n### Location: Lahore, Pakistan  \n\n### Company: Innovate Digital Solutions Inc.  \n\n### Job Summary:  \nJoin Innovate Digital Solutions Inc. as a Sales and SEO Management Specialist. You will be part of a dynamic team responsible for driving client engagement and ensuring optimal performance in digital marketing strategies. Your role will include managing client relationships, improving SEO strategies, and leading your team to achieve sales targets.  \n\n### Key Responsibilities:  \n- Proactively engage with prospective clients to understand their business needs and provide innovative solutions.  \n- Design and execute SEO strategies in alignment with client\u2019s marketing objectives.  \n- Manage and optimize PPC campaigns to maximize ROI and brand visibility.  \n- Develop and maintain strong client relationships through tailored marketing solutions.  \n- Lead a team to achieve and surpass sales targets while providing exceptional customer service.  \n- Analyze market trends and algorithms to tailor SEO strategies accordingly.  \n- Produce reports that track progress and measure success against KPIs.  \n\n### Ideal Candidate Profile:  \nYou are a skilled sales and marketing professional with strong analytical skills suited to identifying and executing SEO opportunities. You excel at client interactions, possessing the ability to transform potential leads into satisfied clients through strategic and well-executed marketing initiatives. Leadership and team management skills will be pivotal to drive sales and motivate your team.  \n\n### Benefits:  \n- Competitive salary package  \n- Health and wellness benefits  \n- Performance bonuses  \n- Opportunities for career advancement  \n\nJoin us to redefine digital engagement and lead market strategies with agility and innovation.",
        "macro_dict": {
            "leadership": 39,
            "experience": 2,
            "client relationship management": 59
        },
        "micro_dict": {
            "ppc campaigns": 100
        },
        "additional_info": "Innovate Digital Solutions Inc. prefers candidates from reputable institutions such as [University of Lahore], [Punjab University]. Remote work options are available subject to roles and responsibilities. We assess skills through a combination of technical tests, interviews, and real-world problem-solving scenarios to gauge practical competency in strategic marketing contexts.",
        "minimum_requirements": [
            "Proficiency in Microsoft Office and CRM systems"
        ],
        "resume": "SALES MANAGER\nCERTIFICATIONS\nOutbound CallsS A D O O N  Z A H I D\nEDUCATIONAL HISTORY\nSKILLS SUMMARYHubSpot Sales\ncertificate\nCommunication\nskills \nProblem Solving \nTime efficiency Salesforce \nActive Listener\nAppointment\nsetter Attained 200% plus sales attainment\nthroughout my tenure.\nCompleting daily assigned kpis and mentoring\nthe new hiresSENIOR SALES EXECUTIVEIbex Global ( DGS).ACCOUNT EXECUTIVE Keeptruckin\nJan, 2022 - APT 2022Attained 327% sales attainment in probation\nCompleting daily assigned kpis and\nscheduling demosSALES MANAGERRepstack\nGot Enrolled in RSA\nCompleted GHL Trainings\nCompleted HubSpot Sales Certifications\nCreated Looms and Presentations\nWorked as sales manager for USA based Client YauheniAPR 22 - CURRENT\nJAN 22 - APR 22\nJAN 17- MAY 21Acca\nOXFORD BROOKES\nUNIVERSITY\nGCE O/A Levels\nBEACONHOUSE SCHOOL\nMaster Sales\nProgram\nAdvanced Customer\nObjection Handling"
    },
    "details": {
        "name": "S A D O O N Z A H I D",
        "number": "03124843384",
        "skills": [
            "HubSpot Sales",
            "Salesforce",
            "Advanced Customer Objection Handling"
        ],
        "email_id": "sadoonzahid@example.com",
        "location": "USA",
        "projects": [],
        "education": [
            {
                "end_date": "05-2021",
                "university": "OXFORD BROOKES UNIVERSITY",
                "degree_title": "Acca"
            },
            {
                "end_date": "01-2022",
                "university": "BEACONHOUSE SCHOOL",
                "degree_title": "GCE O/A Levels"
            }
        ],
        "achievements": [
            "Attained 200% plus sales attainment throughout tenure",
            "Attained 327% sales attainment in probation"
        ],
        "publications": [],
        "certifications": [
            {
                "certification_name": "HubSpot Sales certificate",
                "issuing_organization": "HubSpot",
                "date_of_issuance": "01-2022"
            },
            {
                "certification_name": "Master Sales Program",
                "issuing_organization": "Unknown",
                "date_of_issuance": "01-2022"
            },
            {
                "certification_name": "Advanced Customer Objection Handling",
                "issuing_organization": "Unknown",
                "date_of_issuance": "01-2022"
            }
        ],
        "additional_urls": [
            {
                "url": "linkedin.com/in/sadoonzahid",
                "website_name": "LinkedIn"
            },
            {
                "url": "github.com/sadoonzahid",
                "website_name": "Github"
            }
        ],
        "executive_summary": "S A D O O N Z A H I D is a results-driven sales manager with a proven track record of exceeding sales targets and mentoring new hires. With expertise in HubSpot Sales and Salesforce, he has consistently achieved high sales attainment rates and completed various sales training programs.",
        "employment_history": [
            {
                "details": "Worked as sales manager for USA based Client Yauheni, completed daily assigned KPIs and mentored new hires.",
                "end_date": "CURRENT",
                "location": "USA",
                "job_title": "SALES MANAGER",
                "start_date": "04-2022",
                "company_name": "Repstack"
            },
            {
                "details": "Attained 327% sales attainment in probation, completed daily assigned KPIs and scheduled demos.",
                "end_date": "04-2022",
                "location": "USA",
                "job_title": "ACCOUNT EXECUTIVE",
                "start_date": "01-2022",
                "company_name": "Keeptruckin"
            },
            {
                "details": "Attained 200% plus sales attainment throughout tenure, completed daily assigned KPIs and mentored new hires.",
                "end_date": "05-2021",
                "location": "USA",
                "job_title": "SENIOR SALES EXECUTIVE",
                "start_date": "01-2017",
                "company_name": "Ibex Global (DGS)"
            }
        ]
    }
}