{
    "output": {
        "justification": [
            "The candidate has leadership experience as evidenced by managing key accounts at both Access Retail and Impex Advertisers.",
            "Relevant experience in business development is demonstrated through roles in managing client relationships and potential client outreach.",
            "Proficiency in MS Office Suite is evident, significantly covering the requirement of the job description.",
            "Stata is not explicitly mentioned; thus, proficiency in this tool cannot be confirmed."
        ],
        "scores": {
            "macro_scores": [
                {
                    "criteria": "leadership",
                    "score": 7
                },
                {
                    "criteria": "experience",
                    "score": 7
                }
            ],
            "micro_scores": [
                {
                    "criteria": "ms excel",
                    "score": 8
                },
                {
                    "criteria": "ms word",
                    "score": 8
                },
                {
                    "criteria": "stata",
                    "score": 2
                }
            ],
            "requirements": [
                {
                    "criteria": "3-5 years of experience in business development or related fields",
                    "meets": false
                },
                {
                    "criteria": "Proficiency in MS Office Suite and data analysis tools",
                    "meets": false
                }
            ],
            "aggregated_scores": {
                "macro_scores": 7.0,
                "micro_scores": 4.46
            }
        },
        "personal_info": {
            "name": "MUHAMMAD EHTISHAM",
            "email": "ehtishamrana246@gmail.com",
            "phone": "03214334386",
            "current_position": "Research Executive \u2013 Client Sales & Services",
            "current_company": "Access Retail Private Limited",
            "employment_start_date_current_company": "10-2022",
            "first_company_start_date": "07-2019",
            "urls": [
                {
                    "website_name": "LinkedIn",
                    "url": "https://www.linkedin.com/in/muhammad-ehtisham-7966b7100"
                }
            ]
        },
        "valid_resume_and_jd": true
    },
    "input": {
        "job_description": "### Business Development Executive\n\n**Company:** Innovate Dynamics Ltd.\n\n**Location:** Hyderabad, India\n\n**Role Overview:**\nJoin Innovate Dynamics Ltd. as a Business Development Executive, where you will play a pivotal role in driving business growth by generating leads and managing key client accounts. Leverage your expertise in economic analysis and marketing strategies to enhance our market presence and build strong client relationships.\n\n**Responsibilities:**\n- Develop and execute comprehensive business development plans to achieve company objectives.\n- Identify and engage prospective clients across diverse niches, including software development and outsourcing.\n- Manage and grow relationships with key accounts to drive long-term success.\n- Utilize digital marketing strategies to boost client engagement and retention.\n- Collaborate with cross-functional teams to develop tailored client solutions.\n- Utilize LinkedIn Sales Navigator to identify and approach new business leads.\n\n**Qualifications:**\n- Bachelor\u2019s degree in Business Administration, Economics, or related field.\n- 3-5 years of experience in business development or related fields.\n- Strong proficiency with MS Office Suite and data analysis tools like Stata.\n- Excellent verbal and written communication skills.\n- Ability to multitask and manage multiple projects simultaneously.",
        "macro_dict": {
            "leadership": 69,
            "experience": 31
        },
        "micro_dict": {
            "ms excel": 33,
            "ms word": 8,
            "stata": 59
        },
        "additional_info": "Innovate Dynamics Ltd. prioritizes applicants from top-tier universities such as [University X] and [University Y]. Relocation assistance is available for candidates willing to move to Hyderabad. Technical skills are assessed through standardized tests and a series of interviews. Our company encourages diversity and inclusivity in the hiring process.",
        "minimum_requirements": [
            "3-5 years of experience in business development or related fields",
            "Proficiency in MS Office Suite and data analysis tools"
        ],
        "resume": "  MUHAMMAD  EHTISHAM  \nAddress: 20/B Railway Officers Colony Walton Cantt Lahore  \nCell: 03214334386 |ehtishamrana246@gmail.com  \nDate of Birth: 01/11/1996  \nLinkedIn  Profile: https://www.linkedin.com/in/muhammad -ehtisham -\n7966b7100  \nEDUCATION & QUALIFICATIONS  \nMaster of Business Administration  May 2022  \nMajor (Marketing & Finance)   \nLahore School of Economics  \nBach elor of Business Administration  (Honors)  May 2019 \nMajor (Marketing ) Minor ( Media)  \nLahore School of Economics   \nPROFESSIONAL EXPERIENCE         \nAccess Retail Private Limited  October 2022 \u2013Present  \nResearch Executive \u2013 Client Sales & Services  \n\u2022 Managing one of the key accounts.  \n\u2022 Communication with the client.  \n\u2022 Prepare retail audit reports and decks for the client.  \nImpex Advertisers  July 2019\u2013March 2020  \nKey Accounts Manager  \n\u2022 Managing Key Accounts.  \n\u2022 Contact and meet clients.  \n\u2022 Contact potential clients.  \n \nPROJECTS  \nMarketing Research: This project focused on finding the impact of seasonality on the consumption of coffee in Pakistani \nmarket and how can Nescafe reduce its impact.  \nMarketing Management Practices : The project focused on the key issues with the brand and why its perception has \nchanged over the period of time.  \nExport Marketing: Our research focused on the launch of Jafferjees a Pakistan brand in US market. The macroeconomic \nand m icroeconomic factors which will affect the brand in the US market and how they can cope up with that market and \nestablish their brand.  \nSales Force Management : The project had four phases. In first phase we visited a wholesale market (Akbari Mandi), then \nwe visited a manufacturer (Rinkoli). In third phase we visited a distributor (Halaros). In the final phase we chose a small \nbusiness and revamped it by implementing the strategies we learned throughout the course  \nAdditional Experience  \n\u2022 Teaching Assistant, Lahore School of Economics  \nHONORS & AWARDS  \n\u2022 Got second position in LACAS Urain Ge 2017 Youth Studio Singing Competition  \n\u2022 Participated in Annual Play of Lahore School Dramatics Society  \nSKILLS & INTERESTS  \n\u2022 Fluent in English, Urdu  \n\u2022 Adept at using MS Office.  \n\u2022 Excellent communication skills and comfortable with working in a team  \n\u2022 Event Management  \n\u2022 Singing, Reading, Traveling, Cooking and Acting.  \n"
    },
    "details": {
        "name": "MUHAMMAD EHTISHAM",
        "number": "03214334386",
        "skills": [
            "MS Office"
        ],
        "email_id": "ehtishamrana246@gmail.com",
        "location": "20/B Railway Officers Colony Walton Cantt Lahore",
        "projects": [
            {
                "title": "Marketing Research",
                "description": "This project focused on finding the impact of seasonality on the consumption of coffee in Pakistani market and how can Nescafe reduce its impact."
            },
            {
                "title": "Marketing Management Practices",
                "description": "The project focused on the key issues with the brand and why its perception has changed over the period of time."
            },
            {
                "title": "Export Marketing",
                "description": "Our research focused on the launch of Jafferjees a Pakistan brand in US market."
            },
            {
                "title": "Sales Force Management",
                "description": "The project had four phases involving visits to a wholesale market, manufacturer, distributor, and revamping a small business."
            }
        ],
        "education": [
            {
                "end_date": "05-2022",
                "university": "Lahore School of Economics",
                "degree_title": "Master of Business Administration"
            },
            {
                "end_date": "05-2019",
                "university": "Lahore School of Economics",
                "degree_title": "Bachelor of Business Administration (Honors)"
            }
        ],
        "achievements": [
            "Got second position in LACAS Urain Ge 2017 Youth Studio Singing Competition",
            "Participated in Annual Play of Lahore School Dramatics Society"
        ],
        "publications": [],
        "certifications": [],
        "additional_urls": [
            {
                "url": "linkedin.com/in/muhammad-ehtisham-7966b7100",
                "website_name": "LinkedIn"
            }
        ],
        "executive_summary": "Muhammad Ehtisham is a dedicated professional with a strong background in marketing and finance, holding an MBA from the Lahore School of Economics. He has experience in client sales and services, managing key accounts, and conducting marketing research projects. His technical skills include proficiency in MS Office, and he has demonstrated his capabilities through various academic and professional achievements.",
        "employment_history": [
            {
                "details": "Managing one of the key accounts, communication with the client, and preparing retail audit reports and decks for the client.",
                "end_date": "Present",
                "location": "Access Retail Private Limited",
                "job_title": "Research Executive \u2013 Client Sales & Services",
                "start_date": "10-2022",
                "company_name": "Access Retail Private Limited"
            },
            {
                "details": "Managing Key Accounts, contacting and meeting clients, and reaching out to potential clients.",
                "end_date": "03-2020",
                "location": "Impex Advertisers",
                "job_title": "Key Accounts Manager",
                "start_date": "07-2019",
                "company_name": "Impex Advertisers"
            }
        ]
    }
}