{
    "output": {
        "justification": [
            "The candidate has leadership experience in various roles, guiding teams and managing sales strategies, but lacks specific mention of mentoring young teams for growth (7/10).",
            "Relevant experience spans over a decade in sales and marketing roles, aligning with the 5+ years requirement, but less focus on digital marketing specific roles (8/10).",
            "Proficiency in CRM tools like Oracle and Microsoft Office is evident, however, no specific mention of HubSpot (7/10).",
            "Email marketing skills were not mentioned, indicating the need for further development in this area (3/10).",
            "Market research skills demonstrated through market feedback and competitive analysis duties in different positions (7/10).",
            "Data visualization proficiency appears lacking as there\u2019s no specific mention in duties or skills (3/10)."
        ],
        "scores": {
            "macro_scores": [
                {
                    "criteria": "sales experience",
                    "score": 9
                },
                {
                    "criteria": "marketing expertise",
                    "score": 6
                },
                {
                    "criteria": "analytical skills",
                    "score": 7
                }
            ],
            "micro_scores": [
                {
                    "criteria": "hubspot",
                    "score": 4
                },
                {
                    "criteria": "email marketing",
                    "score": 3
                },
                {
                    "criteria": "market research",
                    "score": 7
                },
                {
                    "criteria": "data visualization",
                    "score": 2
                }
            ],
            "requirements": [
                {
                    "criteria": "5+ years of experience in sales and marketing roles",
                    "meets": true
                },
                {
                    "criteria": "Demonstrated ability in team leadership and mentoring",
                    "meets": false
                }
            ],
            "aggregated_scores": {
                "macro_scores": 7.58,
                "micro_scores": 3.36
            }
        },
        "personal_info": {
            "name": "Ali Meer",
            "email": "Alimir523@gmail.com",
            "phone": "00971551797281",
            "current_position": "Sales, Marketing business development and Customer services",
            "current_company": "LA MARQUISE INTERNATIONAL",
            "employment_start_date_current_company": "01-2021",
            "first_company_start_date": "01-2008",
            "urls": [
                {
                    "website_name": "LinkedIn",
                    "url": "None"
                }
            ]
        },
        "valid_resume_and_jd": true
    },
    "input": {
        "job_description": "## Join Our Dynamic Team as a Senior Sales and Marketing Executive\n\n### Position Overview\n\n[Acme Corp], a leader in providing cutting-edge digital marketing solutions, is on the hunt for a driven **Senior Sales and Marketing Executive** to play a key role in our growing team. You\u2019ll leverage your skills in sales management, business development, and digital marketing to drive business growth and maximize client satisfaction. Use your talent in leadership to mentor our young team, ensuring we hit key business targets while setting new standards in the industry.\n\n### Key Responsibilities\n- Drive sales strategies to achieve performance targets and expand our market reach.\n- Manage end-to-end sales processes including customer prospecting, lead generation, and closing sales. \n- Work collaboratively with the digital marketing team to conceive, manage, and execute marketing campaigns.\n- Utilize CRM tools such as HubSpot for tracking and analytics to boost sales efficiency.\n- Conduct market research and data analysis to inform business strategies.\n- Mentor new hires and facilitate continuous professional development.\n\n### Essential Skills and Experience\n- Proven experience in sales management and digital marketing (5+ years preferred).\n- Strong command over marketing automation tools and CRMs like HubSpot and Salesforce.\n- Ability to set strategic goals with excellent problem-solving and communication skills.\n- Aptitude for data visualization and analytics to drive informed marketing decisions.\n- Familiarity with SEO, SEM, email marketing campaigns, and business intelligence tools.\n- Demonstrated proficiency in leading and supervising a dynamic team environment.\n\n### What We Offer\n- Competitive salary and a comprehensive benefits package.\n- Opportunity to work with an innovative team and environment.\n- Continuous learning opportunities and growth potential within the company.\n\nJoin us to make an impact on the digital landscape and drive success!",
        "macro_dict": {
            "sales experience": 36,
            "marketing expertise": 14,
            "analytical skills": 50
        },
        "micro_dict": {
            "hubspot": 6,
            "email marketing": 34,
            "market research": 18,
            "data visualization": 42
        },
        "additional_info": "At Acme Corp, we prioritize candidates from diverse educational backgrounds with proven experience in high-pressure sales environments. We welcome graduates from reputable institutions but hold no particular preference for any university. Relocation support is available on a case-by-case basis. Skills assessment will include a practical marketing project to gauge capability in real-world scenarios, complemented by personal interviews to evaluate cultural fit and growth potential.",
        "minimum_requirements": [
            "5+ years of experience in sales and marketing roles",
            "Demonstrated ability in team leadership and mentoring"
        ],
        "resume": " \n \n \n \n \nEmployment visa \nPassport #DK099801  \nBirthday 24 -09-1992  Ali Meer  \nContact  \n \n \nDubai  UAE                   E-mail:  Alimir523@gmail.com   \n                                                 Alibutt523@yahoo.com  \nPhone 00923025555924  \n                                                                  00971551797281                                                    \n   OBJECTIVE  \nTo accept a challenging position in a competitive environment that will provide me an opportunity to apply and \nenhance my knowledge and skills. Seeking a position in Field industry of Sales FMCG,  Retail & Horeca, \nmarketing, operations, management supervisi ng, Aviation,  cabin crew , Customer services  and hospitality \ndepartment  where extensive experience will be further developed and utilized  \n  LA MARQUISE INTERNATIONAL                       Jan 2021 to Aug 2022  \nOne of the leading distributo r companies in Professional Equipment, F&B Products and Ingredients for Pastry, Bakery and Gelato in        \nthe UAE.  \nSales,  Marketing  business development and Customer services    \nAfter working in retail want to get some experience in HORECA. Working in La marquise international with di fferent international \nbrands of F&B products as well as  coffee  equipment and Gelateria  dealing with all types of hotels, groups, companies, restaurants, \ncaf\u00e9s, offices and lounges in the territory of DUBAI.  \nWorki ng on given territory and develop a  new  business to find new \nopportunities and customers  B2B, B2C and customer services  \nPrepare schedule for  samples & demos and follow up on it on phone call  \nDeveloping opportunities for existing clients in terms of increasing SKUs  \nFollow up with old customers and giving them new products and recipes of drinks and etc.  \nMeeting with buyers and procurement managers of hotels for brand presentation demos and getti ng business \nFocus  on increasing  the sales  and supervise  the sales  process  by follow  up on orders,  LPO\u2019s  and deliveries  sales \nreport Making daily and weekly plan and achieve the target as per daily  MTD  \n  Working  with key clients like TALABAT (DELIVERY HEROES) as well Dubai Expo 2020 pavilions Food supplier  \n \n  \n  Farm Fresh LLC UAE (GMG Group ) Distributor   Shan, McCain, Emborg, Aashirvad  \n  Jan 2020 to Dec 2020  \nEstablished in 1977 by the visionary Mr . Abdul Aziz Al Baker and backed by a massive group GMG, Farm Fresh is one of the \noldest food companies in UAE. It had expansion plans in branded food distribution business.  \n  Key Account executive  \nHandling Key Accounts, Strategic accounts Such as Carrefour , Lulu, Spinneys, T Choitrams, Al Maya, Safeer, Nesto , Spar(AUH \nCOOPS) & Aswaq Rak (national Markets of Rak) in Northern Emirates.  \nVISA STATUS  \nWORK EXPERIENCE  Work and Responsibilities  \nFocus  on increasing  the sales  and supervise  the sales  process  by follow  up on orders,  LPO\u2019s  and deliveries Implement \nand execute all sales objectives and action plans to reach and exceed targets and distribution set Ensure \nproper implementation of sales campaigns / promotional  activities  \nEnsure payment of receivables in a timely from allocated outlets  \nResponsible for products price increasing in chain of hypermarkets as per the instruction from the management \nResponsible to give extra proposals (PAF) from company to the markets to increase the business and distribution \nMake  sure  the availability  and visibility  of our all SKU\u2019s  in order  to avoid  out of stock  situation  in the outlets.  \nEnsuring availability of the product at the designated territory and monitoring its movement to avoid expiries \nIncrease the products market share on the particular categories.  \nBuild and maintain effective customer relationships in order to build strong loyalty.  \nProviding best services to the customer by giving deliveries on time and response their enquiry at the same time. \nResearching a nd recommending new opportunities and participating in their promotional events by providing \npromotions  \nProvide  market  feedback  to the Sales  Manager  regarding  movement  of Sku\u2019s Responsible for \nopening and renewal of rental  agreements  \nSending daily Sales Report and achievements by brand and customer to sales managers  \nALTADIS (The Imperial Tobacco) October 2019  January  2020   \nSales account executive proud to be work with the imperial tobacco after successful sale of Davidoff and west we \nintroduce a n ew way of smoking called e cigarette Blu which is highly 85% less toxic and having less nicotine then a \nregular smoke  \nResponsibilities and  Duties   \nDeal with retail outlets  \nIntroduce new products with customer  over phone calls, marketing and customer servic es  \nPrepare and plan daily sales target with given outlets \nMonitor and check the price of competitors  \nPlan and implement the sales  promotions  \nUpdate the relevant information from the market to the  manager \nIdentify and maximize sales  opportunities  \nAttend the customer complaints and forward to relevant managers \nDaily Report to manager  \n \n   Mai Dubai LLC September 2017 O c t o b e r  2019   \nSales Executive, Van sales (Merchandiser ) \nVery proud to be the part of this daring venture projected by DEWA to launch Mai Dubai bottled water  \nWork and Responsibilities  \nResponsible for sales and distribution in the assigned territory  \nMerchandising Display all SKUs with Pallanograme and rotating the stock to reduce \nexpiry (FIFO) Insuring brand Di stribution, Coverage and Visibility  \nMerchandising of Rental Pallets Shelves Spaces and coolers maintaining it 100% \nIntegrity. Negotiation for footage, gondolas, podiums, etc.  \nIntroduce new products with customers  \nSales target achievement and making daily, weekly, monthly sales and \nmerchandiser report Responsible for collection  \nKeeping  good relation with the customer  \nFollow up and feedback from the market (Competitors activities)  \n   Market Knowledge:  \nRetail chain like MAF Carrefour, EMKE LULU GROUP, T CHOITRAMS, SPINNEYS, RAK COOPS, ASWAQ RAK, RAMEZ \nGROUP, SAJIDHA GROUP, SAFEER GROUP, NESTO GROUP, KERALA, GULF HYPER AL HOOTH GROUP RAK AND  \nTRADITIONAL TRADE (Groceries and supermarkets in Rak and northern emirates)  \nTRANSMED (P&G) TRANSGUARD  EMIATES  GROUP   \nSales executive (Merchandiser)  \nWork  in Hypermarkets  and supermarkets  like Carrefour,  Lulu,  spinney\u2019s  and other  Markets  in All UAE  work  in Lulu \nHyper Rak Mall Ras al Kamiah UAE Handle All Products of Transmed  (P&G) Both Promotion Normal Beauty, \nBase &  Food  \n \nKey Responsibilities  \nEnsure the Transmed products are shelved with the right visibility of SOS (share of shelves) and Pallanograme \nSuccessfully implements and executes the Monthly Initiatives in store on Time as per the plans deployed by the \nManagers Ensure 100% Availability of all Brands and SKUs  \nSecure the receivables Checks from the store and Deposit in to office  \n \n \nPEPSICOLA ( Lahore Pakistan) March 2011 \u2014 FEBRUARY 2014 ) \nSales Man, Accountant, Key Punch Operator \n(ORACLE) Manage sales accounts o  \nOracle Based VPN Client DSS Software ensures all the \nsales of each outlet and updates it  \nDaily by daily Making Vouchers Free Sampling Of outlets Route vise  \nHandle the Cash from sale s man and Distributors Accounts Closing the month on time  \nSales Man  \nDeals Main Key Accounts Territory of Lahore Pakistan Daily Bases MTD \nTarget Achieving Ensure 100% Availability on Daily Planned Outlets \nEnsure All SKU Availability in Every Outlet Achieve Targets  \nControl and maintain the Cash and coordination\u2019s function of Logistics and Accounts  \nMaintain Pallanogramme on Pepsi Vise Coolers & Freezers  \nExcellent Relations with all Customers & Manag ement  \n \n \nPEPSICO FRITOLAY PAKISTAN  \nJANUARY 2008 MARCH 2011  \nMerchandiser, DSR, SALES MEN, KPO VAN SALESMAN  \nStarted Work as Merchandiser, then  promoted to Sales \nOrder Maker wholesale  / Retail / Key accounts  \nWorked  successfully  on special extrude  (kurkure, \nCheetos , cravys wavy) sales  project Prepare monthly & \nweekly  targets  \nEnsure targets for coverage, volume, distribution & merchandising Manage All Key Accounts Government Bakers \nButt Sweets & shezan bakers  \nMaintain Pallanogramme on all Key Accounts  \nLaunch new Product Of Lays (PepsiCo) Wavy in Lahore Pakistan. Worked in areas (Gulshan E Ravi Special work on \nLahore famous Bus Stands Niazi bus terminal City bus terminal)  \n \n \n \n \n \n \n \n                  Microsoft Office                          \n                  ORACLE  \nVPN CLIENT  \nCisco based accounts data entry  \n \n \n \nF.A (Arts)  \nB.A (Arts)   \nUniversity Of Punjab Pakistan  \nStudent Of ACCA   \n \nDriving Status  \n \nUAE Driving License Holder (Manual Automatic till2025) \nLTV License Holder from Govt. of Pakistan  \n \n        Knowledge and Skills  \n\u27a2 Barista and mixologist F&B  Division  \n\u27a2 Customer services   \n\u27a2 Good knowledge of UAE  Locations  \n\u27a2 Disciplined, Structured and Organized work in any field of hospitality administration customer care & \noperations  \n\u27a2 Problem solving  Skills  \n\u27a2 Capable to work across anywhere in Organization and externally by productive and excellent  working  \n\u27a2 Good knowledge of English & Arabic  written and  speaking  \n\u27a2 Excellent use of ORACLE VPN client based  Software  \n\u27a2 Excellent use  of Microsoft  Office,  Excel, and  PowerPoint,  Excellent  Communication  skills  \n\u27a2 Good Knowledge of IT (software &  Hardware)  \n \nHobbies  \n \nTravelling, Long Driving, Reading, modifying cars  \n \n\u201cLooking for an opportunity where I can grow up my future life\u201d  \n \n \n  \n \n \n \n \nIT QUALIFICATIONS  \nEDUCATION    "
    },
    "details": {
        "name": "Ali Meer",
        "number": "00923025555924",
        "skills": [
            "Microsoft Office",
            "ORACLE",
            "VPN CLIENT",
            "Cisco based accounts data entry"
        ],
        "email_id": "Alimir523@gmail.com",
        "location": "Dubai, UAE",
        "projects": [],
        "education": [
            {
                "end_date": "06-2010",
                "university": "University Of Punjab Pakistan",
                "degree_title": "B.A (Arts)"
            },
            {
                "end_date": "06-2008",
                "university": "University Of Punjab Pakistan",
                "degree_title": "F.A (Arts)"
            }
        ],
        "achievements": [],
        "publications": [],
        "certifications": [],
        "additional_urls": [],
        "executive_summary": "Ali Meer is a dedicated sales professional with extensive experience in the FMCG and retail sectors, specializing in business development and customer service. He has a proven track record of increasing sales and managing key accounts across various industries in the UAE.",
        "employment_history": [
            {
                "details": "Sales, Marketing business development and Customer services. Worked with different international brands of F&B products as well as coffee equipment and Gelateria dealing with all types of hotels, groups, companies, restaurants, caf\u00e9s, offices and lounges in Dubai.",
                "end_date": "08-2022",
                "location": "Dubai, UAE",
                "job_title": "Sales Executive",
                "start_date": "01-2021",
                "company_name": "LA MARQUISE INTERNATIONAL"
            },
            {
                "details": "Handling Key Accounts, Strategic accounts such as Carrefour, Lulu, Spinneys, T Choitrams, Al Maya, Safeer, Nesto, Spar(AUH COOPS) & Aswaq Rak in Northern Emirates. Focus on increasing the sales and supervise the sales process by follow up on orders, LPO\u2019s and deliveries.",
                "end_date": "12-2020",
                "location": "UAE",
                "job_title": "Key Account Executive",
                "start_date": "01-2020",
                "company_name": "Farm Fresh LLC UAE (GMG Group)"
            },
            {
                "details": "Sales account executive responsible for introducing new products and managing retail outlets. Prepared and planned daily sales targets and monitored competitor pricing.",
                "end_date": "01-2020",
                "location": "UAE",
                "job_title": "Sales Account Executive",
                "start_date": "10-2019",
                "company_name": "ALTADIS (The Imperial Tobacco)"
            },
            {
                "details": "Responsible for sales and distribution in the assigned territory, ensuring brand distribution, coverage, and visibility. Managed sales targets and maintained good relations with customers.",
                "end_date": "10-2019",
                "location": "UAE",
                "job_title": "Sales Executive, Van sales (Merchandiser)",
                "start_date": "09-2017",
                "company_name": "Mai Dubai LLC"
            },
            {
                "details": "Worked in Hypermarkets and supermarkets ensuring product visibility and availability. Implemented monthly initiatives and secured receivables from stores.",
                "end_date": "03-2014",
                "location": "UAE",
                "job_title": "Sales Executive (Merchandiser)",
                "start_date": "03-2014",
                "company_name": "TRANSMED (P&G)"
            }
        ]
    }
}