{
    "output": {
        "justification": [
            "Leadership is not clearly evident based on the roles presented; no specific leadership positions mentioned.",
            "Relevant experience is limited to junior and business development roles, with no mention of project management or data analytics expertise.",
            "Candidate lacks proficiency in specific software like PowerBI and is not aligned with the specified tools like Oracle DV.",
            "No mention of pre-sales consulting or solution architecture experience in resume."
        ],
        "scores": {
            "macro_scores": [
                {
                    "criteria": "leadership",
                    "score": 3
                },
                {
                    "criteria": "project management experience",
                    "score": 3
                },
                {
                    "criteria": "technical expertise",
                    "score": 2
                },
                {
                    "criteria": "client relationship management",
                    "score": 5
                }
            ],
            "micro_scores": [
                {
                    "criteria": "pre-sales consulting",
                    "score": 2
                },
                {
                    "criteria": "solution architecture",
                    "score": 3
                },
                {
                    "criteria": "powerbi",
                    "score": 2
                }
            ],
            "requirements": [
                {
                    "criteria": "Proficiency in using analytical software and tools like PowerBI and Oracle DV",
                    "meets": false
                },
                {
                    "criteria": "Strong understanding of Agile and SCRUM methodologies",
                    "meets": true
                },
                {
                    "criteria": "Experience in managing enterprise data warehouse projects",
                    "meets": false
                }
            ],
            "aggregated_scores": {
                "macro_scores": 2.87,
                "micro_scores": 2.3099999999999996
            }
        },
        "personal_info": {
            "name": "Izma Bint-e-Atif",
            "email": "izma.b.atif@gmail.com",
            "phone": "+92 331 0483113",
            "current_position": "Business Development Executive",
            "current_company": "Nextbridge Pvt. Ltd.",
            "employment_start_date_current_company": "01-2021",
            "first_company_start_date": "01-2020",
            "urls": []
        },
        "valid_resume_and_jd": true
    },
    "input": {
        "job_description": "Join **TechVentures Inc.** as a **Senior Project Manager** where you'll oversee the delivery of key data management and analytics projects. We are looking for an innovative leader who can set and uphold delivery standards, while managing cross-functional teams to achieve the highest levels of service excellence. Your expertise in pre-sales, solution architecture, and client relationship management will drive our expansion into new markets and optimize existing processes.\n\n### Key Responsibilities:\n- Lead and manage complex data analytics and management projects from inception through completion.\n- Develop and implement quality and project management systems to align with organizational goals.\n- Coordinate solutions architecture and pre-sales activities, including the preparation of RFPs and EOIs.\n- Mentor and guide junior team members in professional development and project execution.\n- Engage with clients to deliver tailored business solutions and improve customer satisfaction.\n- Collaborate with other departments to identify improvement opportunities and streamline processes.\n\n### Preferred Skills:\n- Proficiency in data tools such as PowerBI, Oracle DV, and Tableau.\n- Strong understanding of software development methodologies including Agile and SCRUM.\n- Demonstrated ability to lead large technical teams and handle stakeholder communications effectively.\n- Expertise in business intelligence implementation and enterprise data warehousing.\n\n### Why Join Us?\n- Opportunity to work on impactful projects with global reach.\n- Collaborative and inclusive work environment.\n- Continuous learning and professional development opportunities.\n\nBecome a part of a team that values integrity, excellence, and innovation, and help us redefine what's possible in the tech industry.",
        "macro_dict": {
            "leadership": 34,
            "project management experience": 38,
            "technical expertise": 23,
            "client relationship management": 5
        },
        "micro_dict": {
            "pre-sales consulting": 12,
            "solution architecture": 31,
            "powerbi": 57
        },
        "additional_info": "Preferred universities include National University of Computer and Emerging Sciences in Pakistan and equivalent institutions. We offer relocation support for candidates based outside of the hiring city, subject to management approval. Skills are assessed through a combination of technical tests, project management case studies, and panel interviews consisting of departmental heads and HR representatives.",
        "minimum_requirements": [
            "Proficiency in using analytical software and tools like PowerBI and Oracle DV",
            "Strong understanding of Agile and SCRUM methodologies",
            "Experience in managing enterprise data warehouse projects"
        ],
        "resume": "IZMA BINT-E-ATIF\nBUSINESS ANALYST\nCritical thinking\nMaintaining confidentiality\nQuality control\nDistribution\nOrganizational skills\nTroubleshooting\nStatistical analysis\nVerbal/virtual communication\nStrong analytical skills\nAssist technical product management\nCircuit designingSKILLS+92 331 0483113\nHouse  No. 530, Block J3, Johar\nTown, Lahore izma.b.atif@gmail.comStrong background working with internal and external clients to gather\nand elicit requirements, provide analysis, assist with creating user\ninterfaces, and develop implementation timelines in agile environment.\nSeeking a challenging opportunity where I will be able to utilize my\nstrong organizational skills, educational background, and ability to work\nwell with people, which will allow me to grow personally and\nprofessionallyCAREER PROFILE\nEXPERIENCES\nNextbridge Pvt. Ltd. \nRed Communication Arts Pvt. Ltd2021 - Present\n2020 - 2021BUSINESS DEVELOPMENT EXECUTIVE\nConduct market analyses for both product lines and the overall\nprofitability of the business\nAssisting with the planning and execution of test plans for integration\nand process testing, including the raising of fault logs.\nDevelop project concepts and maintain optimal workflow.\nStrong communication and interpersonal skills for building meaningful\nrelationships with clients. \nAttention to detail for honing in on each necessary task. \nAdvanced decision-making and problem-solving skills.\nJUNIOR BUSINESS ANALYST\nAnalyze and prioritize client requirements. \nTranslating client requirements into specified project briefs by\nunderstanding software development life cycle.\nWorking directly with users/clients and understanding business problems,\nlaying out solution and presenting back to key stakeholders\nCreating a detailed business analysis, outlining problems, opportunities\nand solutions for a business\nProcess analysis and production of agreed artefact suitable for internal\nuse and/or client review and sign off.EDUCATION\nFASTNUCES2020 - BACHELOR IN\nELECTRICAL ENGINEERING\nQueen Mary College for Women2015 - FSC PRE ENGINEERING\nSacred Heart Convent School2013 - MATRICULATIONBalsamiq \nMatlab \nAuto CAD\nSketchUP \nVisual Studio SOFTWARE \nPROJECTS\n3D PRINTER WITH CARTESIAN MECHANISM (FYP) \nDesigned a 3D printer with Cartesian mechanism using Fused Deposition\nModeling (FDM) technology following Additive Manufacturing Method. \nEnglish\nUrduLANGUAGESMicrosoft Office \nProgramming languages (C++, C, Assembly language,\nOOP) \nSQL \nCircuit designing, PLC\nHOSPITAL MANAGEMENT PROGRAM\nDesigned an OPD (Outdoor Patient Department) code in C++.\nREFERENCES\nCan be furnished upon requirement.Business Development\nBusiness Analysis \nLeadership \nProblem-solving \nNegotiation \nCritical Thinker \nStrong Presentation & Negotiation Skills COMPETENCIES\nTravelling\nSports \nWriting \nWatching MoviesINTERESTS &\nHOBBIES"
    },
    "details": {
        "name": "Izma Bint-e-Atif",
        "number": "923310483113",
        "skills": [
            "Circuit designing",
            "Balsamiq",
            "Matlab",
            "Auto CAD",
            "SketchUP",
            "Visual Studio",
            "C++",
            "C",
            "Assembly language",
            "OOP",
            "SQL",
            "PLC"
        ],
        "email_id": "izma.b.atif@gmail.com",
        "location": "House No. 530, Block J3, Johar Town, Lahore",
        "projects": [
            {
                "title": "3D Printer with Cartesian Mechanism",
                "description": "Designed a 3D printer with Cartesian mechanism using Fused Deposition Modeling (FDM) technology following Additive Manufacturing Method."
            },
            {
                "title": "Hospital Management Program",
                "description": "Designed an OPD (Outdoor Patient Department) code in C++."
            }
        ],
        "education": [
            {
                "end_date": "06-2020",
                "university": "FASTNUCES",
                "degree_title": "Bachelor in Electrical Engineering"
            },
            {
                "end_date": "06-2015",
                "university": "Queen Mary College for Women",
                "degree_title": "FSC Pre Engineering"
            },
            {
                "end_date": "06-2013",
                "university": "Sacred Heart Convent School",
                "degree_title": "Matriculation"
            }
        ],
        "achievements": [],
        "publications": [],
        "certifications": [],
        "additional_urls": [
            {
                "url": "linkedin.com/in/izma-bint-e-atif",
                "website_name": "LinkedIn"
            }
        ],
        "executive_summary": "Izma Bint-e-Atif is a skilled business analyst with a strong background in electrical engineering and extensive experience in market analysis, project management, and software development. She has demonstrated proficiency in various programming languages and software tools, contributing to successful project outcomes in agile environments. Her technical expertise is complemented by her ability to effectively communicate and collaborate with clients and stakeholders.",
        "employment_history": [
            {
                "details": "Conduct market analyses for both product lines and the overall profitability of the business. Assisting with the planning and execution of test plans for integration and process testing, including the raising of fault logs. Develop project concepts and maintain optimal workflow.",
                "end_date": "Present",
                "location": "Nextbridge Pvt. Ltd.",
                "job_title": "Business Development Executive",
                "start_date": "01-2021",
                "company_name": "Nextbridge Pvt. Ltd."
            },
            {
                "details": "Analyze and prioritize client requirements. Translating client requirements into specified project briefs by understanding software development life cycle. Working directly with users/clients and understanding business problems, laying out solution and presenting back to key stakeholders. Creating a detailed business analysis, outlining problems, opportunities and solutions for a business. Process analysis and production of agreed artefact suitable for internal use and/or client review and sign off.",
                "end_date": "12-2021",
                "location": "Red Communication Arts Pvt. Ltd.",
                "job_title": "Junior Business Analyst",
                "start_date": "01-2020",
                "company_name": "Red Communication Arts Pvt. Ltd."
            }
        ]
    }
}