{
    "output": {
        "justification": [
            "Leadership is demonstrated through various positions in business development roles, indicating ability to manage teams and projects efficiently.",
            "Relevant experience is shown through multiple roles in business development, although lacking long-term tenure in senior roles might affect depth.",
            "No clear evidence of Salesforce or CRM proficiency noted in current roles, though proposal writing and project management are prominent.",
            "Digital marketing capability shown partially through email marketing and SEO/SEM involvement."
        ],
        "scores": {
            "macro_scores": [
                {
                    "criteria": "leadership",
                    "score": 7
                },
                {
                    "criteria": "strategic planning",
                    "score": 6
                }
            ],
            "micro_scores": [
                {
                    "criteria": "salesforce",
                    "score": 3
                },
                {
                    "criteria": "crm proficiency",
                    "score": 3
                },
                {
                    "criteria": "market research",
                    "score": 6
                },
                {
                    "criteria": "proposal writing",
                    "score": 8
                },
                {
                    "criteria": "digital marketing",
                    "score": 5
                }
            ],
            "requirements": [
                {
                    "criteria": "Bachelor's degree in Business Administration or related field",
                    "meets": true
                },
                {
                    "criteria": "5+ years of experience in business development or sales management",
                    "meets": false
                },
                {
                    "criteria": "Proficiency in CRM tools like Salesforce or HubSpot",
                    "meets": false
                },
                {
                    "criteria": "Strong analytical and strategic planning skills",
                    "meets": true
                }
            ],
            "aggregated_scores": {
                "macro_scores": 6.300000000000001,
                "micro_scores": 4.82
            }
        },
        "personal_info": {
            "name": "Afnan Faiz",
            "email": "afnanfaiz273@gmail.com",
            "phone": "+92 (304) 1418484",
            "current_position": "Business Development Executive",
            "current_company": "TechNerds Inc.",
            "employment_start_date_current_company": "03-2022",
            "first_company_start_date": "05-2017",
            "urls": [
                {
                    "website_name": "LinkedIn",
                    "url": "https://www.linkedin.com/in/afnanfaiz/"
                }
            ]
        },
        "valid_resume_and_jd": true
    },
    "input": {
        "job_description": "**Title: Business Development Manager**  \n\n**Company: MarketPros Enterprises**  \n\n**Location: Remote with potential travel to client locations**  \n\n**About Us:**  \nMarketPros Enterprises is a leading global provider of innovative business solutions with the aim of maximizing brand growth. We work with diverse industries to enhance their sales infrastructure and provide unparalleled customer engagement strategies.  \n\n**Role Overview:**  \nAs a Business Development Manager at MarketPros Enterprises, you will be responsible for leading strategic initiatives that drive business growth, increase market share, and strengthen client relationships. You will manage cross-functional teams to implement sales strategies, harness market insights, and drive brand expansion.  \n\n**Key Responsibilities:**  \n- Develop and implement comprehensive business strategies to enhance revenue growth.  \n- Lead a team in executing marketing campaigns and optimizing sales pipelines.  \n- Utilize data analytics tools to produce actionable insights improving overall performance.  \n- Conduct market research to identify industry trends and new business opportunities.  \n- Engage with potential clients via presentations and foster long-term relationships.  \n- Manage CRM systems (Salesforce, HubSpot) to streamline operations and enhance productivity.  \n\n**Preferred Skills:**  \n- Proficiency in strategic planning and market analysis.  \n- Strong leadership skills with proven experience in team development.  \n- Advanced knowledge of CRM software and digital marketing tools.  \n- Excellent communication and negotiation skills.  \n\nJoin us to push the boundaries of business innovation and help us achieve our expansion goals.  \n",
        "macro_dict": {
            "leadership": 30,
            "strategic planning": 70
        },
        "micro_dict": {
            "salesforce": 1,
            "crm proficiency": 32,
            "market research": 27,
            "proposal writing": 7,
            "digital marketing": 33
        },
        "additional_info": "MarketPros Enterprises values diversity in hiring and encourages applications from seasoned business professionals with varied backgrounds. Preferred universities include Ivy League institutions and top business schools. We offer relocation benefits for exceptional candidates and facilitate remote working arrangements. Technical and strategic competencies are assessed through a mix of psychometric evaluations and case study interviews.",
        "minimum_requirements": [
            "Bachelor's degree in Business Administration or related field",
            "5+ years of experience in business development or sales management",
            "Proficiency in CRM tools like Salesforce or HubSpot",
            "Strong analytical and strategic planning skills"
        ],
        "resume": " \n \nAFNAN FAIZ \n  \n  \n  \nPROFESSIONAL SUMMARY  \nA goal -directed, skilled communicator , team -spirited, persuasive, \nadaptable, self -motivated , and career -oriented individual seeking to \nutilize analytical skills and experience to contribute to your \norganization's growth and objectives.  \n  \n  \n  \nWORK HISTORY  \n \nBusiness Development Executive (March 202 2\u2013 July 2022 )   \nTechNerds Inc. - Lahore, Punjab   \n   \n\u00b7 Upwork bids management.  \n\u00b7 LinkedIn with Sales Navigator to target prospects.   \n\u00b7 Projects analysis and Proposals development.    \n\u00b7 Monthly and weekly development team success reporting.   \n\u00b7 Email marketing.  \n \n \nSenior Business Development Officer (Oct  2021 \u2013 Feb 2022  ) \nCybexo Inc.  - Lahore, Punjab  \n \n\u00b7 Upwork bids management.  \n\u00b7 LinkedIn with Sales Navigator to target prospects.  \n\u00b7 Website Development  and Application Development client handling.   \n\u00b7 Projects development management and client meetings \nmanagement.  \n\u00b7 Projects analysis and Proposals development.  \n\u00b7 Monthly and weekly development team success reporting.  \n\u00b7 Collaborate with the development team and provide them with all \nthe information for the project\u2019s development . \n\u00b7 Email Marketing Via Sendy.  \n \n \nBusiness Development Officer ( Oct 2019 \u2013 Oct 2021  ) \nWebSouls - Lahore, Punjab  \n \n\u00b7 Website development, SEO , and SMM client  handling.   \n\u00b7 Projects development management and client  meetings \nmanagement.  \n\u00b7 Projects analysis and Proposals development.  \n\u00b7 Monthly weekly development team success reporting.  \n\u00b7 Collaborate with the development team and provide them with all \nthe information for the project\u2019s development . \n\u00b7 Email Marketing . \n\u00b7 Fiver, Upwork, and Freelancer ac counts and bids management.  \n \nEmail Support Executive - Systems Limited (Jan 2019 -March, 2019):   \n\u00b7 Handling chats and emails of international  clients.     \nCONTACT  \nAddress : Lahore, PB 54000   \nPhone : +92 (304) (1418484)  \nEmail : afnanfaiz273@gmail.com  \nLinkedIn: https://www.linkedin.com/in\n/afnanfaiz/  \n  \n  \n  \nSKILLS  \n\u25cf Microsoft Office.  \n\u25cf Research Work.  \n\u25cf Quick Learner.  \n\u25cf Presentations  designing & \ndevelopment . \n\u25cf Business Development.  \n\u25cf Building Customer Relations.  \n\u25cf Client Engagement.  \n\u25cf Analysis Reports.  \n\u25cf Projects Management . \n\u25cf Proposal development.  \n\u25cf Email Marketing.  \n  \u00b7 Assistance includes tracking clients\u2019 orders from different courier \nportals and providing the right information and solutions to the \nclients as per the organization\u2019s policies.  \n \nEmail Support Executive  - Mindbridge (May  2017 - Dec 2018):  \n                 \n\u00b7 Handling emails of the international  clients of Uber.  \n\u00b7 Assistance includes tracking clients\u2019  records and providing the right \ninformation and solutions to the clients as per the organization\u2019s \npolicies.  \n \n \n  \n  \n  \nEDUCATION  \n(2020 -2022)              Masters in Business Administration  (MBA) from  \nFAST -NUCES Lahore.          \n(2015 -2019)              Bachelors in Business Administration  (BBA Hons) \nfrom NCBA&E . \n(2012 -2014)              Intermediate in Computer Sciences (ICS) from \nPunjab Group of Colleges . \n(2010 -2012)              Matriculation  \nGovt. Pilot High Secondary Girls  School .  \n  \n \n  \n  \n "
    },
    "details": {
        "name": "AFNAN FAIZ",
        "number": "923041418484",
        "skills": [
            "Microsoft Office",
            "Business Development",
            "Projects Management",
            "Proposal development",
            "Email Marketing"
        ],
        "email_id": "afnanfaiz273@gmail.com",
        "location": "Lahore, PB 54000",
        "projects": [],
        "education": [
            {
                "end_date": "06-2022",
                "university": "FAST -NUCES Lahore",
                "degree_title": "Masters in Business Administration (MBA)"
            },
            {
                "end_date": "06-2019",
                "university": "NCBA&E",
                "degree_title": "Bachelors in Business Administration (BBA Hons)"
            },
            {
                "end_date": "06-2014",
                "university": "Punjab Group of Colleges",
                "degree_title": "Intermediate in Computer Sciences (ICS)"
            },
            {
                "end_date": "06-2012",
                "university": "Govt. Pilot High Secondary Girls School",
                "degree_title": "Matriculation"
            }
        ],
        "achievements": [],
        "publications": [],
        "certifications": [],
        "additional_urls": [
            {
                "url": "linkedin.com/in/afnanfaiz/",
                "website_name": "LinkedIn"
            }
        ],
        "executive_summary": "Afnan Faiz is a dedicated business development professional with a strong background in managing projects, developing proposals, and executing email marketing strategies. With experience in various roles, Afnan has demonstrated proficiency in Microsoft Office and business development, contributing effectively to team success.",
        "employment_history": [
            {
                "details": "Upwork bids management, LinkedIn with Sales Navigator to target prospects, Projects analysis and Proposals development, Monthly and weekly development team success reporting, Email marketing.",
                "end_date": "07-2022",
                "location": "Lahore, Punjab",
                "job_title": "Business Development Executive",
                "start_date": "03-2022",
                "company_name": "TechNerds Inc."
            },
            {
                "details": "Upwork bids management, LinkedIn with Sales Navigator to target prospects, Website Development and Application Development client handling, Projects development management and client meetings management, Projects analysis and Proposals development, Monthly and weekly development team success reporting, Collaborate with the development team and provide them with all the information for the project\u2019s development, Email Marketing Via Sendy.",
                "end_date": "02-2022",
                "location": "Lahore, Punjab",
                "job_title": "Senior Business Development Officer",
                "start_date": "10-2021",
                "company_name": "Cybexo Inc."
            },
            {
                "details": "Website development, SEO, and SMM client handling, Projects development management and client meetings management, Projects analysis and Proposals development, Monthly weekly development team success reporting, Collaborate with the development team and provide them with all the information for the project\u2019s development, Email Marketing, Fiver, Upwork, and Freelancer accounts and bids management.",
                "end_date": "10-2021",
                "location": "Lahore, Punjab",
                "job_title": "Business Development Officer",
                "start_date": "10-2019",
                "company_name": "WebSouls"
            },
            {
                "details": "Handling chats and emails of international clients.",
                "end_date": "03-2019",
                "location": "",
                "job_title": "Email Support Executive",
                "start_date": "01-2019",
                "company_name": "Systems Limited"
            },
            {
                "details": "Handling emails of the international clients of Uber, Assistance includes tracking clients\u2019 records and providing the right information and solutions to the clients as per the organization\u2019s policies.",
                "end_date": "12-2018",
                "location": "",
                "job_title": "Email Support Executive",
                "start_date": "05-2017",
                "company_name": "Mindbridge"
            }
        ]
    }
}