{
    "output": {
        "justification": [
            "The candidate has 3 years of experience in business intelligence and digital marketing, meeting the 3+ years requirement.",
            "Proficiency in multiple email marketing platforms, reflecting strong capabilities in digital marketing tools.",
            "Educational background in business and technology aligns with the bachelor's degree requirement.",
            "Lack of mentioned proficiency in C++, HTML, or CSS."
        ],
        "scores": {
            "macro_scores": [
                {
                    "criteria": "experience",
                    "score": 7
                },
                {
                    "criteria": "innovation and adaptability",
                    "score": 8
                }
            ],
            "micro_scores": [
                {
                    "criteria": "c++, html, css",
                    "score": 2
                },
                {
                    "criteria": "business intelligence tools (power bi, sql, tableau)",
                    "score": 6
                },
                {
                    "criteria": "crm and data management",
                    "score": 7
                },
                {
                    "criteria": "digital marketing skills",
                    "score": 8
                },
                {
                    "criteria": "project management",
                    "score": 5
                }
            ],
            "requirements": [
                {
                    "criteria": "Proficiency in at least one programming language",
                    "meets": false
                },
                {
                    "criteria": "3+ years of experience in lead generation or business intelligence",
                    "meets": true
                },
                {
                    "criteria": "Strong communication and interpersonal skills",
                    "meets": true
                },
                {
                    "criteria": "Experience with business intelligence tools such as Power BI, SQL, and Tableau",
                    "meets": true
                },
                {
                    "criteria": "Bachelor's degree in Computer Science, Business, or a related field",
                    "meets": true
                }
            ],
            "aggregated_scores": {
                "macro_scores": 7.3100000000000005,
                "micro_scores": 5.08
            }
        },
        "personal_info": {
            "name": "Saad A. Mubarak",
            "email": "saadali.frt@gmail.com",
            "phone": "+92 323 4217884",
            "current_position": "BI & Digital Marketing Executive",
            "current_company": "tossdown Technologies Pvt. Ltd.",
            "employment_start_date_current_company": "12-2020",
            "first_company_start_date": "02-2019",
            "urls": [
                {
                    "website_name": "LinkedIn",
                    "url": "linkedin.com/in/saadmali346"
                }
            ]
        },
        "valid_resume_and_jd": true
    },
    "input": {
        "job_description": "## Lead Generation and Business Intelligence Specialist\n\nJoin **Innovate Connections Inc.** as a Lead Generation and Business Intelligence Specialist. You will play a pivotal role in driving business growth by spearheading lead generation initiatives and providing strategic insights through data analytics. We are looking for a highly skilled professional with a strong background in lead generation, data management, and business intelligence.\n\n### Key Responsibilities:\n- Develop and execute lead generation strategies using digital marketing techniques, cold calling, and data scraping tools.\n- Collaborate with cross-functional teams to optimize customer acquisition strategies.\n- Utilize CRM systems to manage and analyze client data for lead qualification.\n- Create and manage detailed project schedules and work plans, utilizing best practices and standards for project execution.\n- Develop financial models and business growth strategies based on data insights.\n- Utilize tools such as Power BI, SQL, and Tableau for developing comprehensive data reports and dashboards.\n\n### Desired Skills and Experience:\n- Strong programming skills in C++, HTML, and CSS.\n- Proficiency in digital marketing, email marketing, and social media platforms.\n- Experience in managing large data sets and using BI tools (Power BI, Excel, Tableau).\n- Excellent communication skills and ability to develop strong client relationships.\n- Ability to work independently and manage multiple projects simultaneously.\n\n### Why Innovate Connections Inc.?\n- We innovate at the forefront of technology and enable our team members to grow alongside the company.\n- We value data-driven decision-making and empower our teams with the right tools to succeed.\n- Offering a supportive work environment and opportunities for career advancement.\n\n### How to Apply:\nSubmit your resume and cover letter detailing your relevant experience and why you are interested in joining Innovate Connections Inc.",
        "macro_dict": {
            "experience": 69,
            "innovation and adaptability": 31
        },
        "micro_dict": {
            "c++, html, css": 31,
            "business intelligence tools (power bi, sql, tableau)": 31,
            "crm and data management": 5,
            "digital marketing skills": 20,
            "project management": 13
        },
        "additional_info": "Innovate Connections Inc. prefers candidates from recognized universities such as the University of Management & Technology and Lahore School of Economics. We encourage a remote working environment but require physical presence for team-building and strategic sessions twice a quarter. Relocation assistance is available for exceptional candidates. Our comprehensive assessment includes a technical test followed by structured interviews to evaluate both technical and soft skills comprehensively.",
        "minimum_requirements": [
            "Proficiency in at least one programming language",
            "3+ years of experience in lead generation or business intelligence",
            "Strong communication and interpersonal skills",
            "Experience with business intelligence tools such as Power BI, SQL, and Tableau",
            "Bachelor's degree in Computer Science, Business, or a related field"
        ],
        "resume": "Saad A. Mubarak \nBI & Digital Marketing Executive \nsaadali.frt@gmail.com \n+92 323 4217884 \nLahore \nlinkedin.com/in/saadmali346 \nI am an experienced marketer with the 3 years of experience in the Business Development, Business Intelligence, and Digital Marketing\nsectors. I very much believe in teamwork, problem-solving, leadership, and adaptability like a movie director who believes in someone's\nidea and adapts that idea; works with the team on the idea; leads the team, gets directions from the team, and solves their team\nproblem, and complete the vision. \nEDUCATION \nMS Marketing \nNational College of Business Administration\n& Economics \n03/2021 - Present\n, \n \nBachelor of Commerce in Information\nTechnology \nUniversity of the Punjab \n06/2017 - 10/2019\n, \n \nLahore \nWORK EXPERIENCE \nBI & Digital Marketing Executive \ntossdown Technologies Pvt. Ltd. \n12/2020 - Present\n, \n \nLahore \nI am working in the Growth Team where I look over\nmarket research, which includes scrapping and\nvisualizing data of di\ufb00erent businesses per the niche. \nI'm working on the digital marketing end where mostly I\nput my e\ufb00orts into Email marketing. In Email marketing,\nI run automated email campaigns and drip campaigns\nfrom Hubspot \nI am also looking over to martech automation where I\nlook over to top and middle of the marketing funnel. \nBusiness Development Executive \nMatrix Tech LLC \n11/2019 - 10/2020\n, \n \nLahore \nMatrix was a contact center that sold SEO services to the\nUSA market. \nI sent email marketing campaigns to their prospective\naudience to drive tra\ufb03c and generate leads. \nI used to work on keyword research of clients and also\ncontact leads through di\ufb00erent mediums and also I did\ndialing over there. \nDocument Processing Executive \nSystem Limited \n02/2019 - 11/2019\n, \n \nLahore \nI was in their Business Process Outsourcing department,\nwhere I worked on their Land Project. \nI used to compile and complete the data as per property\ntype. \nI also performed a Quality Check on the Property \ufb01le. \nSKILLS \nMarket Research \nBusiness Development \nData Visualization \nMarketing Automation \nLead Generation \nEmail Marketing \nHubSpot \nSendinBlue \nMailChimp \nWeb Scrapping \nSearch Engine Marketing \nSocial Media Marketing \nSearch Engine Optimization (SEO) \nKeyword Research \nPROJECTS \nMarketing Automation Specialist for RevvLab\n (07/2022 - Present)\n \nI'm working their marketing as a consultant for setting up the\nautomation for their di\ufb00erent brands. \nBusiness Engagement Project for Outreach Hawks\n (04/2022 - Present)\n \nI am working there as a Business Engagement Executive with\ntheir team. I handle their Upwork account and run email\nmarketing campaigns for them. \nEmail Marketing Project for Echlipse\n (09/2021 - 02/2022)\n \nI worked there as a Marketing Executive and used to scrape data\nfor them as per their niche. I ran email campaigns for them,\nwhich included marketing emails and drip campaigns. \nCERTIFICATIONS \nThe Fundamentals of Digital Marketing \nAdvanced Google Analytics \nGoogle Analytics for Beginners \nLANGUAGES \nEnglish \nFull Professional Pro\ufb01ciency \nINTERESTS \nMovies \nDirection \nCricket \nTasks \nTasks \nTasks "
    },
    "details": {
        "name": "Saad A. Mubarak",
        "number": "923234217884",
        "skills": [
            "Market Research",
            "Data Visualization",
            "Marketing Automation",
            "Lead Generation",
            "Email Marketing",
            "HubSpot",
            "SendinBlue",
            "MailChimp",
            "Web Scrapping",
            "Search Engine Marketing",
            "Social Media Marketing",
            "Search Engine Optimization (SEO)",
            "Keyword Research"
        ],
        "email_id": "saadali.frt@gmail.com",
        "location": "Lahore",
        "projects": [
            {
                "title": "Marketing Automation Specialist for RevvLab",
                "description": "Consultant for setting up marketing automation for different brands."
            },
            {
                "title": "Business Engagement Project for Outreach Hawks",
                "description": "Handles Upwork account and runs email marketing campaigns."
            },
            {
                "title": "Email Marketing Project for Echlipse",
                "description": "Scraped data and ran email campaigns including marketing emails and drip campaigns."
            }
        ],
        "education": [
            {
                "end_date": "10-2019",
                "university": "University of the Punjab",
                "degree_title": "Bachelor of Commerce in Information Technology"
            },
            {
                "end_date": "Present",
                "university": "National College of Business Administration & Economics",
                "degree_title": "MS Marketing"
            }
        ],
        "achievements": [],
        "publications": [],
        "certifications": [
            {
                "certification_name": "The Fundamentals of Digital Marketing",
                "issuing_organization": "Google",
                "date_of_issuance": "MM-YYYY"
            },
            {
                "certification_name": "Advanced Google Analytics",
                "issuing_organization": "Google",
                "date_of_issuance": "MM-YYYY"
            },
            {
                "certification_name": "Google Analytics for Beginners",
                "issuing_organization": "Google",
                "date_of_issuance": "MM-YYYY"
            }
        ],
        "additional_urls": [
            {
                "url": "linkedin.com/in/saadmali346",
                "website_name": "LinkedIn"
            }
        ],
        "executive_summary": "Saad A. Mubarak is a BI and Digital Marketing Executive with over three years of experience in business development, business intelligence, and digital marketing. He specializes in market research, data visualization, and marketing automation, demonstrating a strong technical skill set in email marketing and various marketing tools.",
        "employment_history": [
            {
                "details": "Working in the Growth Team focusing on market research, data scraping, and visualizing data. Responsible for email marketing campaigns and martech automation.",
                "end_date": "Present",
                "location": "Lahore",
                "job_title": "BI & Digital Marketing Executive",
                "start_date": "12-2020",
                "company_name": "tossdown Technologies Pvt. Ltd."
            },
            {
                "details": "Sent email marketing campaigns to drive traffic and generate leads for SEO services. Conducted keyword research and contacted leads.",
                "end_date": "10-2020",
                "location": "Lahore",
                "job_title": "Business Development Executive",
                "start_date": "11-2019",
                "company_name": "Matrix Tech LLC"
            },
            {
                "details": "Worked in the Business Process Outsourcing department, compiling and completing data as per property type and performing quality checks.",
                "end_date": "11-2019",
                "location": "Lahore",
                "job_title": "Document Processing Executive",
                "start_date": "02-2019",
                "company_name": "System Limited"
            }
        ]
    }
}