{
    "output": {
        "justification": [
            "The candidate has more than 3 years of experience in relevant fields, matching the job requirement for experience.",
            "Demonstrated leadership in managing sales targets and leading teams, scoring well in leadership criteria.",
            "Proficiency in Microsoft Office shown through listing VLOOKUP, Pivot Table skills, fulfilling minimum requirements.",
            "Proven track record in managing clients and sales team aligns with client relationship management needs."
        ],
        "scores": {
            "macro_scores": [
                {
                    "criteria": "leadership",
                    "score": 8
                },
                {
                    "criteria": "experience",
                    "score": 7
                },
                {
                    "criteria": "client relationship management",
                    "score": 7
                }
            ],
            "micro_scores": [
                {
                    "criteria": "team management",
                    "score": 8
                },
                {
                    "criteria": "client engagement",
                    "score": 6
                }
            ],
            "requirements": [
                {
                    "criteria": "Proficiency in Microsoft Office and CRM systems",
                    "meets": true
                },
                {
                    "criteria": "Proven track record in sales and client relationship management",
                    "meets": true
                },
                {
                    "criteria": "3+ years of experience in SEO and digital marketing",
                    "meets": false
                }
            ],
            "aggregated_scores": {
                "macro_scores": 7.36,
                "micro_scores": 7.8999999999999995
            }
        },
        "personal_info": {
            "name": "Aakash Nazir",
            "email": "akash123f@outlook.com",
            "phone": "+92 (348) 4356062",
            "current_position": "Manager Sales",
            "current_company": "Softbeats International",
            "employment_start_date_current_company": "08-2019",
            "first_company_start_date": "06-2017",
            "urls": []
        },
        "valid_resume_and_jd": true
    },
    "input": {
        "job_description": "## Job Title: Sales and SEO Management Specialist  \n\n### Location: Lahore, Pakistan  \n\n### Company: Innovate Digital Solutions Inc.  \n\n### Job Summary:  \nJoin Innovate Digital Solutions Inc. as a Sales and SEO Management Specialist. You will be part of a dynamic team responsible for driving client engagement and ensuring optimal performance in digital marketing strategies. Your role will include managing client relationships, improving SEO strategies, and leading your team to achieve sales targets.  \n\n### Key Responsibilities:  \n- Proactively engage with prospective clients to understand their business needs and provide innovative solutions.  \n- Design and execute SEO strategies in alignment with client\u2019s marketing objectives.  \n- Manage and optimize PPC campaigns to maximize ROI and brand visibility.  \n- Develop and maintain strong client relationships through tailored marketing solutions.  \n- Lead a team to achieve and surpass sales targets while providing exceptional customer service.  \n- Analyze market trends and algorithms to tailor SEO strategies accordingly.  \n- Produce reports that track progress and measure success against KPIs.  \n\n### Ideal Candidate Profile:  \nYou are a skilled sales and marketing professional with strong analytical skills suited to identifying and executing SEO opportunities. You excel at client interactions, possessing the ability to transform potential leads into satisfied clients through strategic and well-executed marketing initiatives. Leadership and team management skills will be pivotal to drive sales and motivate your team.  \n\n### Benefits:  \n- Competitive salary package  \n- Health and wellness benefits  \n- Performance bonuses  \n- Opportunities for career advancement  \n\nJoin us to redefine digital engagement and lead market strategies with agility and innovation.",
        "macro_dict": {
            "leadership": 36,
            "experience": 36,
            "client relationship management": 28
        },
        "micro_dict": {
            "team management": 95,
            "client engagement": 5
        },
        "additional_info": "Innovate Digital Solutions Inc. prefers candidates from reputable institutions such as [University of Lahore], [Punjab University]. Remote work options are available subject to roles and responsibilities. We assess skills through a combination of technical tests, interviews, and real-world problem-solving scenarios to gauge practical competency in strategic marketing contexts.",
        "minimum_requirements": [
            "Proficiency in Microsoft Office and CRM systems",
            "Proven track record in sales and client relationship management",
            "3+ years of experience in SEO and digital marketing"
        ],
        "resume": ":\nE-mail\nakash123f@outlook.com\n:\nPhone\n+92 (348) 4356062\n:\nAddress\nBahria Orchard, Lahore Pakistan\nSoftbeats International\nAugust 2019 \u2014 Present\nThe University of Lahore (Main Campus)\nApril 2018 \u2014 July 2019\nAakash Nazir\nObjective\nI have always believed myself to be someone who is capable of making a \ndifference wherever I go and leave my mark. I\nthrive in challenging environments \nthat capacitate learning and growing for an individual. I have strong grit and an \nuntiring\nattitude. I expect myself to work where people are passionate about their \nwork and pay strong emphasis to not only their\nprofessional development but \nalso of their peers. \nWork experience\nManager Sales\n\u00b7\nCurrently responsible for business development and increase Company sales turnover \n\u00b7\nSuccessfully managed to deliver new growth opportunities by expanding in different cities in Pakistan.\n\u00b7\nDeveloped Annual & Monthly Sales Forecast & Projected Revenue.\n\u00b7\nConverting leads into Successful Sales contract\n\u00b7\nEnsuring Monthly Sales Targets, met timely and developing of renewal contracts with existing & new partners/clients.\n\u00b7\nAlso locked sales partners all over Pakistan &1 international partner\n\u00b7\nMeeting with new clients face to face for detailed product demonstrations\n\u00b7\nDevelop and execute strategic business plan in accordance to assigned sales territory & sector\n\u00b7\nMonitor customer buying trends, market conditions, and competitor actions to adjust strategies.\n\u00b7\nResponsible from qualify (Initial Contact) and til Successfully solution deployment at the customer end\n\u00b7\nAligning Sales & Marketing goals to meet company objectives.\nRelationship Officer\n\u00b7\nIncreased revenues and supported business goals by developing public relations strategies and campaigns (Different TV\nCommercials)\n\u00b7\nMonitored, followed-up and escalated cases to meet customer response commitments.\n\u00b7\nProviding assistance to the accounts collection team handling bank accounts related issues (reconciliations)\n\u00b7\nResolving student issues with collaboration of student affairs department\n\u00b7\nCoordinates, develops and promotes programs and services with team aimed at enhancing the student experience\n\u00b7\nMaintain on-going, broad-based consultation and collaboration with students\nAakash Nazir\n1Friesland Campina & Engro Pakistan\nLimited\nJune 2017 \u2014 Feb 2018\nMBA - Sales & Marketing\nSeptember 18 \u2014 Jan 2020\nBachelor\u2019s in business administration\nSeptember 2013 \u2014 December 2017\nIntermediate in Commerce\n2011 \u2014 2013\nMarketing Officer\n\u00b7\nDeveloped creative sales tools, including presentations, trend reports, kitted assets, and product data sheets.\n\u00b7\nConversion of competitor's outlets into Engro exclave's outlets,\n\u00b7\nRetention of existing Outlets\n\u00b7\nMonitoring display, Merchandising, Freezers purity and integrity.\n\u00b7\nTarget follow up and Achievements.\n\u00b7\nWork on three major things on continues basis \u2013Increase sale turnover \u2013 new calls (meetings with new customers) \u2013\nretain existing customers.\n\u00b7\nOversaw development of traditional and social media marketing campaigns to drive sales and customer engagement.\nEducation\nUniversity of Engineering and Technology Lahore\nMajor - Marketing \nCGPA 3.0\nBahauddin Zakariya University, Multan\nMajor - Sales & Marketing\nCGPA 3.17\nAllama Iqbal Commerce College\nMajor - Accounting & Computer sciences \nSkills\nTechnical Skills \nAdept in Microsoft Word & PowerPoint \nFamiliarity in working with VLOOKUP, Pivot Tables, & SUMIF functions, INDEX. \nSkilled in SPSS, Nvivo and SAP Accounting. \nERP solutions - database installation, chart of account mapping and many industries solution with ERP\nInterpersonal Skills \nGood Written and Verbal English, People Skills,  Capable Negotiator, Problem Solving,\nPublic Speaking, Team Leadership, Time and Self-Management. \nInterests\nGlobal Politics, Current Affairs, Book Reading, Music and Travelling\nAakash Nazir\n2References\nTariq Mehmood (0333-4998835) \u2013 Manager Marketing Kohinoor \nMills Ltd Lahore. \nAzhar Mahmood (0345-4668955) \u2013 Engineering Manager PABC \nFaisalabad.\nAakash Nazir\n3"
    },
    "details": {
        "name": "Aakash Nazir",
        "number": "923484356062",
        "skills": [
            "Microsoft Word",
            "Microsoft PowerPoint",
            "VLOOKUP",
            "Pivot Tables",
            "SUMIF",
            "INDEX",
            "SPSS",
            "Nvivo",
            "SAP Accounting",
            "ERP solutions"
        ],
        "email_id": "akash123f@outlook.com",
        "location": "Bahria Orchard, Lahore Pakistan",
        "projects": [],
        "education": [
            {
                "end_date": "01-2020",
                "university": "University of Engineering and Technology Lahore",
                "degree_title": "MBA - Sales & Marketing"
            },
            {
                "end_date": "12-2017",
                "university": "Bahauddin Zakariya University, Multan",
                "degree_title": "Bachelor\u2019s in business administration"
            },
            {
                "end_date": "06-2013",
                "university": "Allama Iqbal Commerce College",
                "degree_title": "Intermediate in Commerce"
            }
        ],
        "achievements": [],
        "publications": [],
        "certifications": [],
        "additional_urls": [
            {
                "url": "linkedin.com/in/johndoe",
                "website_name": "LinkedIn"
            }
        ],
        "executive_summary": "Aakash Nazir is a dedicated sales manager with extensive experience in business development and sales strategy execution. He has a strong technical background in various software tools and ERP solutions, demonstrating a commitment to driving company growth and achieving sales targets.",
        "employment_history": [
            {
                "details": "Currently responsible for business development and increase Company sales turnover. Successfully managed to deliver new growth opportunities by expanding in different cities in Pakistan. Developed Annual & Monthly Sales Forecast & Projected Revenue. Converting leads into Successful Sales contract. Ensuring Monthly Sales Targets, met timely and developing of renewal contracts with existing & new partners/clients. Also locked sales partners all over Pakistan & 1 international partner. Meeting with new clients face to face for detailed product demonstrations. Develop and execute strategic business plan in accordance to assigned sales territory & sector. Monitor customer buying trends, market conditions, and competitor actions to adjust strategies. Responsible from qualify (Initial Contact) and til Successfully solution deployment at the customer end. Aligning Sales & Marketing goals to meet company objectives.",
                "end_date": "Present",
                "location": "",
                "job_title": "Manager Sales",
                "start_date": "08-2019",
                "company_name": "Softbeats International"
            },
            {
                "details": "Increased revenues and supported business goals by developing public relations strategies and campaigns (Different TV Commercials). Monitored, followed-up and escalated cases to meet customer response commitments. Providing assistance to the accounts collection team handling bank accounts related issues (reconciliations). Resolving student issues with collaboration of student affairs department. Coordinates, develops and promotes programs and services with team aimed at enhancing the student experience. Maintain on-going, broad-based consultation and collaboration with students.",
                "end_date": "07-2019",
                "location": "",
                "job_title": "Relationship Officer",
                "start_date": "04-2018",
                "company_name": "The University of Lahore (Main Campus)"
            },
            {
                "details": "Developed creative sales tools, including presentations, trend reports, kitted assets, and product data sheets. Conversion of competitor's outlets into Engro exclave's outlets, Retention of existing Outlets. Monitoring display, Merchandising, Freezers purity and integrity. Target follow up and Achievements. Work on three major things on continues basis \u2013Increase sale turnover \u2013 new calls (meetings with new customers) \u2013 retain existing customers. Oversaw development of traditional and social media marketing campaigns to drive sales and customer engagement.",
                "end_date": "02-2018",
                "location": "",
                "job_title": "Marketing Officer",
                "start_date": "06-2017",
                "company_name": "Friesland Campina & Engro Pakistan Limited"
            }
        ]
    }
}