{
    "output": {
        "justification": [
            "Technique and standards used in the resume align with the job requirements for overseeing complex data analytics and management projects.",
            "Extensive experience with stakeholder and client relationship management in banking, albeit limited in the tech industry.",
            "Lack of explicit pre-sales consulting experience; however, stakeholder communication skills evident.",
            "Skills in Power BI and Tableau evident but Oracle DV is missing in skills list."
        ],
        "scores": {
            "macro_scores": [
                {
                    "criteria": "technical expertise",
                    "score": 7
                },
                {
                    "criteria": "client relationship management",
                    "score": 6
                }
            ],
            "micro_scores": [
                {
                    "criteria": "pre-sales consulting",
                    "score": 4
                },
                {
                    "criteria": "solution architecture",
                    "score": 5
                },
                {
                    "criteria": "agile methodologies",
                    "score": 5
                },
                {
                    "criteria": "quality management systems",
                    "score": 5
                },
                {
                    "criteria": "powerbi",
                    "score": 9
                }
            ],
            "requirements": [
                {
                    "criteria": "Proficiency in using analytical software and tools like PowerBI and Oracle DV",
                    "meets": false
                }
            ],
            "aggregated_scores": {
                "macro_scores": 6.77,
                "micro_scores": 5.25
            }
        },
        "personal_info": {
            "name": "Ahmad Noor-ud-Din",
            "email": "ahmad.noorudin@yahoo.com",
            "phone": "+92-345-4536653",
            "current_position": "Sr. Manager - Projects Implementation",
            "current_company": "MCB Bank Limited",
            "employment_start_date_current_company": "10-2018",
            "first_company_start_date": "07-2015",
            "urls": [
                {
                    "website_name": "LinkedIn",
                    "url": "linkedin.com/in/ahmad-noor-ud-din-02934391"
                }
            ]
        },
        "valid_resume_and_jd": true
    },
    "input": {
        "job_description": "Join **TechVentures Inc.** as a **Senior Project Manager** where you'll oversee the delivery of key data management and analytics projects. We are looking for an innovative leader who can set and uphold delivery standards, while managing cross-functional teams to achieve the highest levels of service excellence. Your expertise in pre-sales, solution architecture, and client relationship management will drive our expansion into new markets and optimize existing processes.\n\n### Key Responsibilities:\n- Lead and manage complex data analytics and management projects from inception through completion.\n- Develop and implement quality and project management systems to align with organizational goals.\n- Coordinate solutions architecture and pre-sales activities, including the preparation of RFPs and EOIs.\n- Mentor and guide junior team members in professional development and project execution.\n- Engage with clients to deliver tailored business solutions and improve customer satisfaction.\n- Collaborate with other departments to identify improvement opportunities and streamline processes.\n\n### Preferred Skills:\n- Proficiency in data tools such as PowerBI, Oracle DV, and Tableau.\n- Strong understanding of software development methodologies including Agile and SCRUM.\n- Demonstrated ability to lead large technical teams and handle stakeholder communications effectively.\n- Expertise in business intelligence implementation and enterprise data warehousing.\n\n### Why Join Us?\n- Opportunity to work on impactful projects with global reach.\n- Collaborative and inclusive work environment.\n- Continuous learning and professional development opportunities.\n\nBecome a part of a team that values integrity, excellence, and innovation, and help us redefine what's possible in the tech industry.",
        "macro_dict": {
            "technical expertise": 77,
            "client relationship management": 23
        },
        "micro_dict": {
            "pre-sales consulting": 35,
            "solution architecture": 22,
            "agile methodologies": 9,
            "quality management systems": 19,
            "powerbi": 15
        },
        "additional_info": "Preferred universities include National University of Computer and Emerging Sciences in Pakistan and equivalent institutions. We offer relocation support for candidates based outside of the hiring city, subject to management approval. Skills are assessed through a combination of technical tests, project management case studies, and panel interviews consisting of departmental heads and HR representatives.",
        "minimum_requirements": [
            "Proficiency in using analytical software and tools like PowerBI and Oracle DV"
        ],
        "resume": "  \n \n \nPersonal Summary  \nAn MBA educated High performing and \nstrategic thinking professional with three \nyears of diversified experience in Business \nand Financ ial Analytics, S ales Support and \nClient M anagement  with exposure to \nnational, international, and multicultural \norganizations  \n \nWell versed in using various business \nintelligence soft ware . A data scientist in the \nmaking.  I am adaptable, innovative leader \ncommitted to honesty, transparency and \nimprovement of  processes  \n \nContact  \nAddress: 208 A -1 Tufail Road, Lahore Cantt  \nPhone: +92-345-4536653  \nEmail:  ahmad.noorudin@yahoo.com  \nDate of Birth:  28-Aug-1994  \n \nLinkedin Profile:  \nlinkedin.com/in/ahmad -noor -ud-din-\n02934391  \n \n \nSkills Highlight  \n \n\uf0b7 Microsoft Excel  \uf0b7 Microsoft Visio  \n\uf0b7 Microsoft Access  \uf0b7 Microsoft Project  \n\uf0b7 Microsoft PP \uf0b7 Corel Draw  \n\uf0b7 Microsoft Word  \uf0b7 Power BI  \n\uf0b7 Adobe Photoshop  \uf0b7 Tableau  \n\uf0b7 Adobe Illustrator  \uf0b7 Python  \n\uf0b7 Adobe Premier  \uf0b7 SQL \n\uf0b7 Digital Marketing  \uf0b7 Account Mgt.  \n \nProfessional  Experience  \nMCB Bank Limited \u2013 (October 2018 \u2013 Present ) \nSr. Manager  - Projects Implementation , Retail Banking Group  \n\uf0b7 Main point of contact for all ongoing projects  at a group level.  \n\uf0b7 Provide project updates on a consistent basis to various stakeholders about strategy, \nadjustments, and progress . \n\uf0b7 Develop and manage a detailed proj ect schedule and work plan . \n\uf0b7 Utilize industry best prac tices, techniques, &  standards throughout project execution  \n\uf0b7 Determine and define project scope and objectives . \n\uf0b7 Measure project performance to identify areas for improvement  \nManager - Business Intelligence Unit (BIU), Retail Banking Group  \n\uf0b7 Sales Coordination \u2013 Managing a sales force of 500+ Relationship Managers . \n\uf0b7 Financial Modeling and Budgeting \u2013 Creating yearly budgets for business areas . \n\uf0b7 Monitoring and Evaluating performance against assigned budgets periodically.  \n\uf0b7 Strategy Development \u2013 Creating business growth strategies . \n\uf0b7 Data Analytics and MIS development for business (Excel, Power BI, SQL, Tableau) . \n\uf0b7 Creating campaigns to increa se business performance.  \n\uf0b7 Develop reports, system modules  and conduct UAT . \n \nUber Technologies \u2013 (January 2017 \u2013 August 2017)  \nGreenlight Expert - II, Operations  \n\uf0b7 Partner Driver Coordination - Resolving day to day problems faced.  \n\uf0b7 Training and Onboarding \u2013 Lead Trainer for existing  and new partner drivers.  \n\uf0b7 Redesigned and Improved the training process.  \n\uf0b7 Creating campaigns to increase partner productivity through incentives schemes.  \n\uf0b7 Integral part of the Launch Team for Islamabad and Gu jranwala  \n \nMarksman Marketing Consultancy  \u2013 (July 2016 \u2013 January 2017)  \nIntern \u2013 PMI (Trade Tracker),  Operations  \n\uf0b7 Data analytics and Report Development for and performance dashboards and r eal-time \ndata tracking (Excel and Power BI).  \n\uf0b7 Client Coordination \u2013 Resolve problems an d provide the relevant reports.  \n\uf0b7 Spearheaded the  Launch Team for the census and the merchandising project.  \n \nFINCA Microfinance Bank Ltd  \u2013 (April 2016 \u2013 June 2016 ) \nIntern,  Marketing and Customer Experience  \n\uf0b7 Worked on the Mission Monitor Project, ensuring compliance of FINCA guidelines and \ngain insights into the customers and their banking  experience.  \n \nBank Alfalah Ltd  \u2013 (July 2015 \u2013 September 2015 ) \nProject Intern,  Finance  \n\uf0b7 Worked alongside the regional teams to gain insights into industry standards and \nposition of Bank Alfalah Limited vs the industry.  \n \nEducation  \nMasters of Business Administration (MBA)  \u2013 (2017 \u2013 2018)  \nGeneral - (Finance and Marketing)  \nLahore School of Economics  - (CGPA 3.27)  \nBachelors in Business Administration (BBA - Honors)  \u2013 (2012  \u2013 2016 ) \nDouble Majors - (Finance and Marketing)  \nLahore School of Economics - (CGPA 3.48)  \nO and A Levels  (Engineering ) \u2013 (2007  \u2013 2012 ) \nAitchison College Lahore  \n \nCertifications  \nSocial Media Marketing:  Google AdWords and Analytics Certified  \n \nAdditional Experience  \nDigital Marketing Head,  Noor\u2019s Party and Event Plan ning \u2013 (September 2015 \u2013 Present)  \nVolunteer (Rahbar) , The Citizens Foundation Pakistan \u2013 (September 2019 \u2013 November 2019)  \nSociety President,  Aitchison College Computing Society \u2013 (August 2011 \u2013 July 2012)  Ahmad Noor -ud- Din "
    },
    "details": {
        "name": "Ahmad Noor-ud-Din",
        "number": "923454536653",
        "skills": [
            "Microsoft Excel",
            "Microsoft Visio",
            "Microsoft Access",
            "Microsoft Project",
            "Microsoft PowerPoint",
            "Corel Draw",
            "Microsoft Word",
            "Power BI",
            "Adobe Photoshop",
            "Tableau",
            "Adobe Illustrator",
            "Python",
            "Adobe Premiere",
            "SQL",
            "Digital Marketing"
        ],
        "email_id": "ahmad.noorudin@yahoo.com",
        "location": "208 A -1 Tufail Road, Lahore Cantt",
        "projects": [],
        "education": [
            {
                "end_date": "06-2018",
                "university": "Lahore School of Economics",
                "degree_title": "Masters of Business Administration (MBA)"
            },
            {
                "end_date": "06-2016",
                "university": "Lahore School of Economics",
                "degree_title": "Bachelors in Business Administration (BBA - Honors)"
            }
        ],
        "achievements": [],
        "publications": [],
        "certifications": [
            {
                "certification_name": "Social Media Marketing",
                "issuing_organization": "Google AdWords and Analytics",
                "date_of_issuance": "01-2018"
            }
        ],
        "additional_urls": [
            {
                "url": "linkedin.com/in/ahmad-noor-ud-din-02934391",
                "website_name": "LinkedIn"
            }
        ],
        "executive_summary": "Ahmad Noor-ud-Din is a highly skilled professional with an MBA and extensive experience in business and financial analytics, sales support, and client management. He has a strong technical background in various business intelligence software and data analytics tools, making him a valuable asset in any organization.",
        "employment_history": [
            {
                "details": "Main point of contact for all ongoing projects at a group level. Provide project updates on a consistent basis to various stakeholders about strategy, adjustments, and progress. Develop and manage a detailed project schedule and work plan. Utilize industry best practices, techniques, & standards throughout project execution. Determine and define project scope and objectives. Measure project performance to identify areas for improvement.",
                "end_date": "Present",
                "location": "MCB Bank Limited",
                "job_title": "Sr. Manager - Projects Implementation, Retail Banking Group",
                "start_date": "10-2018",
                "company_name": "MCB Bank Limited"
            },
            {
                "details": "Sales Coordination \u2013 Managing a sales force of 500+ Relationship Managers. Financial Modeling and Budgeting \u2013 Creating yearly budgets for business areas. Monitoring and Evaluating performance against assigned budgets periodically. Strategy Development \u2013 Creating business growth strategies. Data Analytics and MIS development for business (Excel, Power BI, SQL, Tableau). Creating campaigns to increase business performance. Develop reports, system modules and conduct UAT.",
                "end_date": "Present",
                "location": "MCB Bank Limited",
                "job_title": "Manager - Business Intelligence Unit (BIU), Retail Banking Group",
                "start_date": "10-2018",
                "company_name": "MCB Bank Limited"
            },
            {
                "details": "Partner Driver Coordination - Resolving day to day problems faced. Training and Onboarding \u2013 Lead Trainer for existing and new partner drivers. Redesigned and Improved the training process. Creating campaigns to increase partner productivity through incentives schemes. Integral part of the Launch Team for Islamabad and Gujranwala.",
                "end_date": "08-2017",
                "location": "Uber Technologies",
                "job_title": "Greenlight Expert - II, Operations",
                "start_date": "01-2017",
                "company_name": "Uber Technologies"
            },
            {
                "details": "Data analytics and Report Development for performance dashboards and real-time data tracking (Excel and Power BI). Client Coordination \u2013 Resolve problems and provide the relevant reports. Spearheaded the Launch Team for the census and the merchandising project.",
                "end_date": "01-2017",
                "location": "Marksman Marketing Consultancy",
                "job_title": "Intern \u2013 PMI (Trade Tracker), Operations",
                "start_date": "07-2016",
                "company_name": "Marksman Marketing Consultancy"
            },
            {
                "details": "Worked on the Mission Monitor Project, ensuring compliance of FINCA guidelines and gain insights into the customers and their banking experience.",
                "end_date": "06-2016",
                "location": "FINCA Microfinance Bank Ltd",
                "job_title": "Intern, Marketing and Customer Experience",
                "start_date": "04-2016",
                "company_name": "FINCA Microfinance Bank Ltd"
            },
            {
                "details": "Worked alongside the regional teams to gain insights into industry standards and position of Bank Alfalah Limited vs the industry.",
                "end_date": "09-2015",
                "location": "Bank Alfalah Ltd",
                "job_title": "Project Intern, Finance",
                "start_date": "07-2015",
                "company_name": "Bank Alfalah Ltd"
            }
        ]
    }
}