{
    "output": {
        "justification": [
            "The resume shows 5 years of experience in the FMCG industry, but specific roles related to business development are unclear.",
            "While the resume lists skills in sales and marketing, it lacks evidence of use of specific tools like LinkedIn Sales Navigator and Stata.",
            "Academic qualifications meet the educational requirement, but the university isn't listed among those preferred by the company.",
            "The resume highlights proficiency in MS Office but lacks evidence of specific proficiency in Stata or LinkedIn Sales Navigator."
        ],
        "scores": {
            "macro_scores": [
                {
                    "criteria": "communication skills",
                    "score": 6
                }
            ],
            "micro_scores": [
                {
                    "criteria": "ms excel",
                    "score": 8
                },
                {
                    "criteria": "ms word",
                    "score": 8
                },
                {
                    "criteria": "stata",
                    "score": 3
                },
                {
                    "criteria": "linkedin sales navigator",
                    "score": 2
                },
                {
                    "criteria": "verbal and written communication",
                    "score": 6
                }
            ],
            "requirements": [
                {
                    "criteria": "Proficiency in MS Office Suite and data analysis tools",
                    "meets": true
                },
                {
                    "criteria": "Bachelor's degree in Business Administration, Economics, or related field",
                    "meets": true
                }
            ],
            "aggregated_scores": {
                "macro_scores": 6.0,
                "micro_scores": 5.54
            }
        },
        "personal_info": {
            "name": "Muhammad Hassan Ishaq",
            "email": "hassanch4686@outlook.com",
            "phone": "03017706019",
            "current_position": "Distributor Sales Manager",
            "current_company": "CoCa Cola Beverages Company",
            "employment_start_date_current_company": "04-2019",
            "first_company_start_date": "01-2017",
            "urls": []
        },
        "valid_resume_and_jd": true
    },
    "input": {
        "job_description": "### Business Development Executive\n\n**Company:** Innovate Dynamics Ltd.\n\n**Location:** Hyderabad, India\n\n**Role Overview:**\nJoin Innovate Dynamics Ltd. as a Business Development Executive, where you will play a pivotal role in driving business growth by generating leads and managing key client accounts. Leverage your expertise in economic analysis and marketing strategies to enhance our market presence and build strong client relationships.\n\n**Responsibilities:**\n- Develop and execute comprehensive business development plans to achieve company objectives.\n- Identify and engage prospective clients across diverse niches, including software development and outsourcing.\n- Manage and grow relationships with key accounts to drive long-term success.\n- Utilize digital marketing strategies to boost client engagement and retention.\n- Collaborate with cross-functional teams to develop tailored client solutions.\n- Utilize LinkedIn Sales Navigator to identify and approach new business leads.\n\n**Qualifications:**\n- Bachelor\u2019s degree in Business Administration, Economics, or related field.\n- 3-5 years of experience in business development or related fields.\n- Strong proficiency with MS Office Suite and data analysis tools like Stata.\n- Excellent verbal and written communication skills.\n- Ability to multitask and manage multiple projects simultaneously.",
        "macro_dict": {
            "communication skills": 100
        },
        "micro_dict": {
            "ms excel": 11,
            "ms word": 30,
            "stata": 20,
            "linkedin sales navigator": 17,
            "verbal and written communication": 22
        },
        "additional_info": "Innovate Dynamics Ltd. prioritizes applicants from top-tier universities such as [University X] and [University Y]. Relocation assistance is available for candidates willing to move to Hyderabad. Technical skills are assessed through standardized tests and a series of interviews. Our company encourages diversity and inclusivity in the hiring process.",
        "minimum_requirements": [
            "Proficiency in MS Office Suite and data analysis tools",
            "Bachelor's degree in Business Administration, Economics, or related field"
        ],
        "resume": "Muhammad Hassan  Ishaq  \n hassanch4686@outlook.com  \nShujaAbad,Multan  \nCell  # 0301 -7706019  \nAbridge  \nTo learn more and polish my skills in an environment that can \nhelp to achieve organization goals.  To become an efficient part \nof management so as to contribute towards the achievement \nof its goals as well as nourishing and nurturing my skills to make \nme a real asset for the organization.  \nPersonal Information  \nFull Name      Hassan  Ishaq  \nFather Name                                      Muhammad Ishaq  \nDate of Birth              20 March 1992  \nMarital Status              Single  \nGender               Male  \nReligious               Islam  \nNationality              Pakistan  \nWork Experiences   \n\u2756 Total 5 Years Of working experience  in FMCG  Industry  \n\u2756 4 Years In Distribution of (CoCa Cola Beverages Company) \nMultan, Continue \u2026 \n\u2756 Having 5 Years of Working in Distribution sales Matters  \n\u2756 Also  Having Internship Certificate In Finance  Department  at \nPEL Company  Education / Course  \n\u2756 M.Sc (Eco)                \n\u2756  From, Bahauddin Zakariya  University Multan, Pakistan  \n\u2756 Bachelor Degree  \nFrom, Bahauddin Zakariya University Multan , Pakistan  \n\u2756 Intermediate   (F.Sc ) \nFrom, Punjab College of Information Technology, Multan  \n\u2756 High School Certificate  \nBISE, Multan, Pakistan  \nTrainings/ Cerificates  \n\u2756 Internship in Finance  by (PEL) \n\u2756 Freelancing ( DigiSkills.pk ) by (MITT )(VU) \n\u2756 Digital Marketing  (DigiSkills .pk) by (MITT) (VU)  \n\u2756 Red Recognition Award (CCI)  \nStrength / Skills  \no Strong inter -personal and Concentrate communication skills  \no Demonstrate ability to present ideas  \no Ability to easily understand new concepts in minimum \nrefractory time.  \no High motivation  & adaptability  \no Self Starter and quick learner  \no Well known about MS Office ,G-suite,CRM,Salesforce & \nERP Software  \no Well Known about Sales & Marketing Operations     \nLanguages  \nUrdu,English,Punjabi  \n\u25aa I hereby declare that the information furnished \nabove is true to the best of my knowledge.   \n\u25aa Reference Should be furnished on demand  "
    },
    "details": {
        "name": "Hassan Ishaq",
        "number": "03017706019",
        "skills": [
            "MS Office",
            "G-suite",
            "CRM",
            "Salesforce",
            "ERP Software"
        ],
        "email_id": "hassanch4686@outlook.com",
        "location": "ShujaAbad, Multan",
        "projects": [],
        "education": [
            {
                "end_date": "06-2015",
                "university": "Bahauddin Zakariya University Multan, Pakistan",
                "degree_title": "M.Sc (Eco)"
            },
            {
                "end_date": "06-2013",
                "university": "Bahauddin Zakariya University Multan, Pakistan",
                "degree_title": "Bachelor Degree"
            },
            {
                "end_date": "06-2010",
                "university": "Punjab College of Information Technology, Multan",
                "degree_title": "Intermediate (F.Sc)"
            },
            {
                "end_date": "06-2008",
                "university": "BISE, Multan, Pakistan",
                "degree_title": "High School Certificate"
            }
        ],
        "achievements": [
            "Red Recognition Award (CCI)"
        ],
        "publications": [],
        "certifications": [
            {
                "certification_name": "Internship in Finance",
                "issuing_organization": "PEL",
                "date_of_issuance": "06-2019"
            },
            {
                "certification_name": "Freelancing",
                "issuing_organization": "DigiSkills.pk (MITT)(VU)",
                "date_of_issuance": "06-2020"
            },
            {
                "certification_name": "Digital Marketing",
                "issuing_organization": "DigiSkills.pk (MITT)(VU)",
                "date_of_issuance": "06-2020"
            }
        ],
        "additional_urls": [],
        "executive_summary": "Hassan Ishaq is a dedicated professional with 5 years of experience in the FMCG industry, specializing in distribution sales. He holds a Master's degree in Economics and has completed various certifications in finance and digital marketing. Hassan is proficient in several software tools including MS Office, G-suite, CRM, Salesforce, and ERP Software, making him a valuable asset in sales and marketing operations.",
        "employment_history": [
            {
                "details": "Worked in distribution sales for Coca Cola Beverages Company, managing sales operations and client relationships.",
                "end_date": "Present",
                "location": "Multan",
                "job_title": "Sales Executive",
                "start_date": "01-2019",
                "company_name": "Coca Cola Beverages Company"
            }
        ]
    }
}